{
 "mt_config": {
  "length_deviation_ratio": 0.25, 
  "clamp_collision_dist": 0.024, 
  "max_tangent": null, 
  "clamp_gap": 0.016, 
  "collision_inds": [], 
  "shape_deviation": 0.45000000000000001, 
  "bar_collision_distance": 0.02, 
  "contact_inds": [
   0, 
   1, 
   0, 
   8, 
   8, 
   72, 
   1, 
   2, 
   1, 
   74, 
   2, 
   3, 
   2, 
   73, 
   0, 
   3, 
   0, 
   12, 
   12, 
   75, 
   4, 
   5, 
   4, 
   9, 
   9, 
   72, 
   5, 
   6, 
   5, 
   74, 
   74, 
   84, 
   6, 
   7, 
   6, 
   73, 
   4, 
   7, 
   4, 
   13, 
   13, 
   75, 
   8, 
   10, 
   8, 
   15, 
   15, 
   64, 
   9, 
   11, 
   9, 
   16, 
   16, 
   64, 
   10, 
   12, 
   10, 
   14, 
   14, 
   19, 
   11, 
   13, 
   11, 
   14, 
   14, 
   20, 
   15, 
   17, 
   15, 
   22, 
   22, 
   71, 
   16, 
   18, 
   16, 
   23, 
   23, 
   71, 
   17, 
   19, 
   17, 
   21, 
   21, 
   26, 
   18, 
   20, 
   18, 
   21, 
   21, 
   27, 
   22, 
   24, 
   22, 
   29, 
   29, 
   70, 
   23, 
   25, 
   23, 
   30, 
   30, 
   70, 
   24, 
   26, 
   24, 
   28, 
   28, 
   33, 
   25, 
   27, 
   25, 
   28, 
   28, 
   34, 
   29, 
   31, 
   29, 
   36, 
   36, 
   69, 
   30, 
   32, 
   30, 
   37, 
   37, 
   69, 
   31, 
   33, 
   31, 
   35, 
   35, 
   40, 
   32, 
   34, 
   32, 
   35, 
   35, 
   41, 
   36, 
   38, 
   36, 
   43, 
   43, 
   68, 
   37, 
   39, 
   37, 
   44, 
   44, 
   68, 
   38, 
   40, 
   38, 
   42, 
   42, 
   47, 
   39, 
   41, 
   39, 
   42, 
   42, 
   48, 
   43, 
   45, 
   43, 
   50, 
   50, 
   67, 
   44, 
   46, 
   44, 
   51, 
   51, 
   67, 
   45, 
   47, 
   45, 
   49, 
   49, 
   54, 
   46, 
   48, 
   46, 
   49, 
   49, 
   55, 
   50, 
   52, 
   50, 
   57, 
   57, 
   66, 
   51, 
   53, 
   51, 
   58, 
   58, 
   66, 
   52, 
   54, 
   52, 
   56, 
   56, 
   61, 
   53, 
   55, 
   53, 
   56, 
   56, 
   62, 
   57, 
   59, 
   57, 
   65, 
   58, 
   60, 
   58, 
   65, 
   59, 
   61, 
   59, 
   63, 
   63, 
   76, 
   60, 
   62, 
   60, 
   63, 
   37, 
   39, 
   37, 
   44, 
   44, 
   68
  ], 
  "opt_weights": [
   1.0, 
   10.0, 
   0.0
  ]
 }, 
 "materials": [
  {
   "E": 1290000, 
   "G12": 460714.28571428568, 
   "density": 0.57999999999999996
  }
 ], 
 "elements": [
  {
   "cross_secs_ind": 0, 
   "end_node_inds": [
    0, 
    1
   ]
  }, 
  {
   "cross_secs_ind": 0, 
   "end_node_inds": [
    1, 
    2
   ]
  }, 
  {
   "cross_secs_ind": 0, 
   "end_node_inds": [
    2, 
    3
   ]
  }, 
  {
   "cross_secs_ind": 0, 
   "end_node_inds": [
    3, 
    0
   ]
  }, 
  {
   "cross_secs_ind": 0, 
   "end_node_inds": [
    4, 
    5
   ]
  }, 
  {
   "cross_secs_ind": 0, 
   "end_node_inds": [
    5, 
    6
   ]
  }, 
  {
   "cross_secs_ind": 0, 
   "end_node_inds": [
    6, 
    7
   ]
  }, 
  {
   "cross_secs_ind": 0, 
   "end_node_inds": [
    7, 
    4
   ]
  }, 
  {
   "cross_secs_ind": 0, 
   "end_node_inds": [
    1, 
    8
   ]
  }, 
  {
   "cross_secs_ind": 0, 
   "end_node_inds": [
    5, 
    9
   ]
  }, 
  {
   "cross_secs_ind": 0, 
   "end_node_inds": [
    8, 
    10
   ]
  }, 
  {
   "cross_secs_ind": 0, 
   "end_node_inds": [
    9, 
    11
   ]
  }, 
  {
   "cross_secs_ind": 0, 
   "end_node_inds": [
    0, 
    10
   ]
  }, 
  {
   "cross_secs_ind": 0, 
   "end_node_inds": [
    4, 
    11
   ]
  }, 
  {
   "cross_secs_ind": 0, 
   "end_node_inds": [
    10, 
    11
   ]
  }, 
  {
   "cross_secs_ind": 0, 
   "end_node_inds": [
    8, 
    12
   ]
  }, 
  {
   "cross_secs_ind": 0, 
   "end_node_inds": [
    9, 
    13
   ]
  }, 
  {
   "cross_secs_ind": 0, 
   "end_node_inds": [
    12, 
    14
   ]
  }, 
  {
   "cross_secs_ind": 0, 
   "end_node_inds": [
    13, 
    15
   ]
  }, 
  {
   "cross_secs_ind": 0, 
   "end_node_inds": [
    10, 
    14
   ]
  }, 
  {
   "cross_secs_ind": 0, 
   "end_node_inds": [
    11, 
    15
   ]
  }, 
  {
   "cross_secs_ind": 0, 
   "end_node_inds": [
    14, 
    15
   ]
  }, 
  {
   "cross_secs_ind": 0, 
   "end_node_inds": [
    12, 
    16
   ]
  }, 
  {
   "cross_secs_ind": 0, 
   "end_node_inds": [
    13, 
    17
   ]
  }, 
  {
   "cross_secs_ind": 0, 
   "end_node_inds": [
    16, 
    18
   ]
  }, 
  {
   "cross_secs_ind": 0, 
   "end_node_inds": [
    17, 
    19
   ]
  }, 
  {
   "cross_secs_ind": 0, 
   "end_node_inds": [
    14, 
    18
   ]
  }, 
  {
   "cross_secs_ind": 0, 
   "end_node_inds": [
    15, 
    19
   ]
  }, 
  {
   "cross_secs_ind": 0, 
   "end_node_inds": [
    18, 
    19
   ]
  }, 
  {
   "cross_secs_ind": 0, 
   "end_node_inds": [
    16, 
    20
   ]
  }, 
  {
   "cross_secs_ind": 0, 
   "end_node_inds": [
    17, 
    21
   ]
  }, 
  {
   "cross_secs_ind": 0, 
   "end_node_inds": [
    20, 
    22
   ]
  }, 
  {
   "cross_secs_ind": 0, 
   "end_node_inds": [
    21, 
    23
   ]
  }, 
  {
   "cross_secs_ind": 0, 
   "end_node_inds": [
    18, 
    22
   ]
  }, 
  {
   "cross_secs_ind": 0, 
   "end_node_inds": [
    19, 
    23
   ]
  }, 
  {
   "cross_secs_ind": 0, 
   "end_node_inds": [
    22, 
    23
   ]
  }, 
  {
   "cross_secs_ind": 0, 
   "end_node_inds": [
    20, 
    24
   ]
  }, 
  {
   "cross_secs_ind": 0, 
   "end_node_inds": [
    21, 
    25
   ]
  }, 
  {
   "cross_secs_ind": 0, 
   "end_node_inds": [
    24, 
    26
   ]
  }, 
  {
   "cross_secs_ind": 0, 
   "end_node_inds": [
    25, 
    27
   ]
  }, 
  {
   "cross_secs_ind": 0, 
   "end_node_inds": [
    22, 
    26
   ]
  }, 
  {
   "cross_secs_ind": 0, 
   "end_node_inds": [
    23, 
    27
   ]
  }, 
  {
   "cross_secs_ind": 0, 
   "end_node_inds": [
    26, 
    27
   ]
  }, 
  {
   "cross_secs_ind": 0, 
   "end_node_inds": [
    24, 
    28
   ]
  }, 
  {
   "cross_secs_ind": 0, 
   "end_node_inds": [
    29, 
    30
   ]
  }, 
  {
   "cross_secs_ind": 0, 
   "end_node_inds": [
    28, 
    31
   ]
  }, 
  {
   "cross_secs_ind": 0, 
   "end_node_inds": [
    30, 
    32
   ]
  }, 
  {
   "cross_secs_ind": 0, 
   "end_node_inds": [
    26, 
    31
   ]
  }, 
  {
   "cross_secs_ind": 0, 
   "end_node_inds": [
    27, 
    32
   ]
  }, 
  {
   "cross_secs_ind": 0, 
   "end_node_inds": [
    31, 
    32
   ]
  }, 
  {
   "cross_secs_ind": 0, 
   "end_node_inds": [
    28, 
    33
   ]
  }, 
  {
   "cross_secs_ind": 0, 
   "end_node_inds": [
    30, 
    34
   ]
  }, 
  {
   "cross_secs_ind": 0, 
   "end_node_inds": [
    33, 
    35
   ]
  }, 
  {
   "cross_secs_ind": 0, 
   "end_node_inds": [
    34, 
    36
   ]
  }, 
  {
   "cross_secs_ind": 0, 
   "end_node_inds": [
    31, 
    35
   ]
  }, 
  {
   "cross_secs_ind": 0, 
   "end_node_inds": [
    32, 
    36
   ]
  }, 
  {
   "cross_secs_ind": 0, 
   "end_node_inds": [
    35, 
    36
   ]
  }, 
  {
   "cross_secs_ind": 0, 
   "end_node_inds": [
    33, 
    37
   ]
  }, 
  {
   "cross_secs_ind": 0, 
   "end_node_inds": [
    34, 
    38
   ]
  }, 
  {
   "cross_secs_ind": 0, 
   "end_node_inds": [
    37, 
    39
   ]
  }, 
  {
   "cross_secs_ind": 0, 
   "end_node_inds": [
    38, 
    40
   ]
  }, 
  {
   "cross_secs_ind": 0, 
   "end_node_inds": [
    35, 
    39
   ]
  }, 
  {
   "cross_secs_ind": 0, 
   "end_node_inds": [
    36, 
    40
   ]
  }, 
  {
   "cross_secs_ind": 0, 
   "end_node_inds": [
    39, 
    40
   ]
  }, 
  {
   "cross_secs_ind": 0, 
   "end_node_inds": [
    8, 
    9
   ]
  }, 
  {
   "cross_secs_ind": 0, 
   "end_node_inds": [
    37, 
    38
   ]
  }, 
  {
   "cross_secs_ind": 0, 
   "end_node_inds": [
    33, 
    34
   ]
  }, 
  {
   "cross_secs_ind": 0, 
   "end_node_inds": [
    28, 
    30
   ]
  }, 
  {
   "cross_secs_ind": 0, 
   "end_node_inds": [
    24, 
    25
   ]
  }, 
  {
   "cross_secs_ind": 0, 
   "end_node_inds": [
    20, 
    21
   ]
  }, 
  {
   "cross_secs_ind": 0, 
   "end_node_inds": [
    16, 
    17
   ]
  }, 
  {
   "cross_secs_ind": 0, 
   "end_node_inds": [
    12, 
    13
   ]
  }, 
  {
   "cross_secs_ind": 0, 
   "end_node_inds": [
    5, 
    1
   ]
  }, 
  {
   "cross_secs_ind": 0,