{
 "mt_config": {
  "length_deviation_ratio": 0.40000000000000002, 
  "clamp_collision_dist": 0.024, 
  "max_tangent": null, 
  "clamp_gap": 0.016, 
  "collision_inds": [], 
  "shape_deviation": 0.34999999999999998, 
  "bar_collision_distance": 0.029999999999999999, 
  "contact_inds": [
   0, 
   17, 
   1, 
   17, 
   1, 
   20, 
   5, 
   6, 
   5, 
   17, 
   5, 
   20, 
   6, 
   17, 
   16, 
   20, 
   0, 
   3, 
   0, 
   36, 
   3, 
   36, 
   4, 
   36, 
   1, 
   4, 
   1, 
   38, 
   2, 
   37, 
   2, 
   38, 
   4, 
   38, 
   37, 
   38, 
   2, 
   7, 
   6, 
   7, 
   6, 
   19, 
   6, 
   40, 
   7, 
   40, 
   19, 
   40, 
   3, 
   5, 
   3, 
   10, 
   5, 
   10, 
   5, 
   15, 
   7, 
   14, 
   7, 
   20, 
   8, 
   14, 
   8, 
   20, 
   8, 
   25, 
   14, 
   20, 
   14, 
   25, 
   18, 
   20, 
   8, 
   22, 
   9, 
   22, 
   9, 
   47, 
   22, 
   47, 
   9, 
   13, 
   9, 
   49, 
   12, 
   21, 
   12, 
   48, 
   13, 
   48, 
   13, 
   49, 
   21, 
   25, 
   25, 
   49, 
   10, 
   21, 
   10, 
   26, 
   11, 
   21, 
   21, 
   24, 
   21, 
   26, 
   23, 
   24, 
   23, 
   26, 
   24, 
   26, 
   11, 
   12, 
   11, 
   42, 
   11, 
   43, 
   12, 
   42, 
   34, 
   42, 
   42, 
   43, 
   13, 
   51, 
   14, 
   43, 
   22, 
   51, 
   35, 
   43, 
   35, 
   51, 
   43, 
   51, 
   44, 
   51, 
   51, 
   52, 
   15, 
   23, 
   16, 
   54, 
   33, 
   41, 
   41, 
   42, 
   41, 
   53, 
   41, 
   54, 
   42, 
   53, 
   53, 
   54, 
   17, 
   19, 
   18, 
   19, 
   18, 
   44, 
   19, 
   32, 
   19, 
   41, 
   19, 
   44, 
   32, 
   44, 
   41, 
   44, 
   26, 
   27, 
   27, 
   45, 
   28, 
   29, 
   28, 
   35, 
   29, 
   35, 
   35, 
   50, 
   28, 
   51, 
   28, 
   53, 
   31, 
   34, 
   31, 
   53, 
   34, 
   53, 
   51, 
   53, 
   29, 
   30, 
   29, 
   52, 
   30, 
   52, 
   30, 
   54, 
   32, 
   52, 
   32, 
   54, 
   30, 
   31, 
   30, 
   33, 
   30, 
   50, 
   31, 
   50, 
   36, 
   37, 
   37, 
   39, 
   38, 
   40, 
   39, 
   40, 
   45, 
   46, 
   46, 
   49, 
   46, 
   47, 
   47, 
   48
  ], 
  "opt_weights": [
   1.0, 
   10.0, 
   0.0
  ]
 }, 
 "materials": [
  {
   "E": 1290000, 
   "G12": 460714.28571428568, 
   "density": 0.57999999999999996
  }
 ], 
 "elements": [
  {
   "cross_secs_ind": 0, 
   "end_node_inds": [
    0, 
    1
   ]
  }, 
  {
   "cross_secs_ind": 0, 
   "end_node_inds": [
    1, 
    2
   ]
  }, 
  {
   "cross_secs_ind": 0, 
   "end_node_inds": [
    2, 
    3
   ]
  }, 
  {
   "cross_secs_ind": 0, 
   "end_node_inds": [
    4, 
    0
   ]
  }, 
  {
   "cross_secs_ind": 0, 
   "end_node_inds": [
    0, 
    2
   ]
  }, 
  {
   "cross_secs_ind": 0, 
   "end_node_inds": [
    1, 
    4
   ]
  }, 
  {
   "cross_secs_ind": 0, 
   "end_node_inds": [
    3, 
    1
   ]
  }, 
  {
   "cross_secs_ind": 0, 
   "end_node_inds": [
    5, 
    3
   ]
  }, 
  {
   "cross_secs_ind": 0, 
   "end_node_inds": [
    6, 
    5
   ]
  }, 
  {
   "cross_secs_ind": 0, 
   "end_node_inds": [
    7, 
    6
   ]
  }, 
  {
   "cross_secs_ind": 0, 
   "end_node_inds": [
    4, 
    8
   ]
  }, 
  {
   "cross_secs_ind": 0, 
   "end_node_inds": [
    8, 
    9
   ]
  }, 
  {
   "cross_secs_ind": 0, 
   "end_node_inds": [
    7, 
    9
   ]
  }, 
  {
   "cross_secs_ind": 0, 
   "end_node_inds": [
    7, 
    10
   ]
  }, 
  {
   "cross_secs_ind": 0, 
   "end_node_inds": [
    5, 
    10
   ]
  }, 
  {
   "cross_secs_ind": 0, 
   "end_node_inds": [
    4, 
    11
   ]
  }, 
  {
   "cross_secs_ind": 0, 
   "end_node_inds": [
    1, 
    11
   ]
  }, 
  {
   "cross_secs_ind": 0, 
   "end_node_inds": [
    1, 
    12
   ]
  }, 
  {
   "cross_secs_ind": 0, 
   "end_node_inds": [
    5, 
    12
   ]
  }, 
  {
   "cross_secs_ind": 0, 
   "end_node_inds": [
    3, 
    12
   ]
  }, 
  {
   "cross_secs_ind": 0, 
   "end_node_inds": [
    5, 
    1
   ]
  }, 
  {
   "cross_secs_ind": 0, 
   "end_node_inds": [
    8, 
    7
   ]
  }, 
  {
   "cross_secs_ind": 0, 
   "end_node_inds": [
    6, 
    10
   ]
  }, 
  {
   "cross_secs_ind": 0, 
   "end_node_inds": [
    8, 
    11
   ]
  }, 
  {
   "cross_secs_ind": 0, 
   "end_node_inds": [
    8, 
    1
   ]
  }, 
  {
   "cross_secs_ind": 0, 
   "end_node_inds": [
    7, 
    5
   ]
  }, 
  {
   "cross_secs_ind": 0, 
   "end_node_inds": [
    8, 
    13
   ]
  }, 
  {
   "cross_secs_ind": 0, 
   "end_node_inds": [
    13, 
    7
   ]
  }, 
  {
   "cross_secs_ind": 0, 
   "end_node_inds": [
    14, 
    15
   ]
  }, 
  {
   "cross_secs_ind": 0, 
   "end_node_inds": [
    15, 
    16
   ]
  }, 
  {
   "cross_secs_ind": 0, 
   "end_node_inds": [
    17, 
    16
   ]
  }, 
  {
   "cross_secs_ind": 0, 
   "end_node_inds": [
    17, 
    14
   ]
  }, 
  {
   "cross_secs_ind": 0, 
   "end_node_inds": [
    12, 
    16
   ]
  }, 
  {
   "cross_secs_ind": 0, 
   "end_node_inds": [
    11, 
    17
   ]
  }, 
  {
   "cross_secs_ind": 0, 
   "end_node_inds": [
    9, 
    14
   ]
  }, 
  {
   "cross_secs_ind": 0, 
   "end_node_inds": [
    10, 
    15
   ]
  }, 
  {
   "cross_secs_ind": 0, 
   "end_node_inds": [
    0, 
    18
   ]
  }, 
  {
   "cross_secs_ind": 0, 
   "end_node_inds": [
    18, 
    2
   ]
  }, 
  {
   "cross_secs_ind": 0, 
   "end_node_inds": [
    2, 
    19
   ]
  }, 
  {
   "cross_secs_ind": 0, 
   "end_node_inds": [
    18, 
    19
   ]
  }, 
  {
   "cross_secs_ind": 0, 
   "end_node_inds": [
    3, 
    19
   ]
  }, 
  {
   "cross_secs_ind": 0, 
   "end_node_inds": [
    12, 
    11
   ]
  }, 
  {
   "cross_secs_ind": 0, 
   "end_node_inds": [
    11, 
    9
   ]
  }, 
  {
   "cross_secs_ind": 0, 
   "end_node_inds": [
    9, 
    10
   ]
  }, 
  {
   "cross_secs_ind": 0, 
   "end_node_inds": [
    10, 
    12
   ]
  }, 
  {
   "cross_secs_ind": 0, 
   "end_node_inds": [
    13, 
    20
   ]
  }, 
  {
   "cross_secs_ind": 0, 
   "end_node_inds": [
    20, 
    21
   ]
  }, 
  {
   "cross_secs_ind": 0, 
   "end_node_inds": [
    21, 
    6
   ]
  }, 
  {
   "cross_secs_ind": 0, 
   "end_node_inds": [
    7, 
    21
   ]
  }, 
  {
   "cross_secs_ind": 0, 
   "end_node_inds": [
    20, 
    7
   ]
  }, 
  {
   "cross_secs_ind": 0, 
   "end_node_inds": [
    17, 
    15
   ]
  }, 
  {
   "cross_secs_ind": 0, 
   "end_node_inds": [
    10, 
    14
   ]
  }, 
  {
   "cross_secs_ind": 0, 
   "end_node_inds": [
    10, 
    16
   ]
  }, 
  {
   "cross_secs_ind": 0, 
   "end_node_inds": [
    11, 
    14
   ]
  }, 
  {
   "cross_secs_ind": 0, 
   "end_node_inds": [
    11, 
    16
   ]
  }
 ], 
 "cross_secs": [
  {
   "A": 0.00031415926535897931, 
   "radius": 0.01
  }
 ], 
 "nodes": [
  {
   "node_ind": 0, 
   "point": [
    18.782933694508067, 
    0.51017047856099462, 
    1.586495503749944
   ], 
   "is_grounded": false
  }, 
  {
   "node_ind": 1, 
   "point": [
    19.193969001051244, 
    0.1265014221652413, 
    1.2450793166891525
   ], 
   "is_grounded": false
  }, 
  {
   "node_ind": 2, 
   "point": [
    18.535036811488958, 
    -0.14854824103186587, 
    1.20618407367276
   ], 
   "is_grounded": false
  }, 
  {
   "node_ind": 3, 
   "point": [
    19.13646869244797, 
    -0.43378419341641294, 
    1.0476033173151877
   ], 
   "is_grounded": false
  }, 
  {
   "node_ind": 4, 
   "point": [
    19.328991889775107, 
    0.60689570436799412, 
    1.7087947390370706
   ], 
   "is_grounded": false
  }, 
  {
   "node_ind": 5, 
   "point": [
    19.795456400160141, 
    -0.43378419341641294, 
    1.1962340011565007
   ], 
   "is_grounded": false
  }, 
  {
   "node_ind": 6, 
   "point": [
    20.434792757393794, 
    -0.43378419341641294, 
    1.5684151047387902
   ], 
   "is_grounded": false
  }, 
  {
   "node_ind": 7, 
   "point": [
    20.492293065997067, 
    0.1265014221652413, 
    1.7658911041127539
   ], 
   "is_grounded": false
  }, 
  {
   "node_ind": 8, 
   "point": [
    19.987979597487275, 
    0.60689570436799412, 
    1.857425422878384
   ], 
   "is_grounded": false
  }, 
  {
   "node_ind": 9,