{
"contact_id_pairs": [
[
0,
1
],
[
0,
9
],
[
0,
2
],
[
0,
8
],
[
2,
3
],
[
2,
11
],
[
4,
5
],
[
4,
11
],
[
5,
7
],
[
5,
8
],
[
6,
7
],
[
6,
9
],
[
4,
6
],
[
4,
10
],
[
1,
3
],
[
1,
10
]
],
"contact_t_bound_pairs": [
[
[
0.6,
0.9
],
[
0.6,
0.9
]
],
[
[
0.6,
0.9
],
[
0.6,
0.9
]
],
[
[
0.1,
0.4
],
[
0.6,
0.9
]
],
[
[
0.1,
0.4
],
[
0.6,
0.9
]
],
[
[
0.1,
0.4
],
[
0.6,
0.9
]
],
[
[
0.1,
0.4
],
[
0.6,
0.9
]
],
[
[
0.6,
0.9
],
[
0.1,
0.4
]
],
[
[
0.6,
0.9
],
[
0.1,
0.4
]
],
[
[
0.6,
0.9
],
[
0.1,
0.4
]
],
[
[
0.6,
0.9
],
[
0.1,
0.4
]
],
[
[
0.6,
0.9
],
[
0.6,
0.9
]
],
[
[
0.6,
0.9
],
[
0.1,
0.4
]
],
[
[
0.1,
0.4
],
[
0.1,
0.4
]
],
[
[
0.1,
0.4
],
[
0.6,
0.9
]
],
[
[
0.1,
0.4
],
[
0.1,
0.4
]
],
[
[
0.1,
0.4
],
[
0.1,
0.4
]
]
],
"line_pt_pairs": [
[
[
-3.127393984964317,
9.922868913362354,
0.0
],
[
-3.927393984964317,
9.922868913362354,
0.0
]
],
[
[
-3.127393984964317,
9.122868913362353,
0.0
],
[
-3.8957336019525504,
10.00995780230023,
0.03995947948651635
]
],
[
[
-2.3273939849643166,
9.122868913362353,
0.0
],
[
-3.3051717627793007,
10.00995780226772,
0.03995947948505002
]
],
[
[
-3.295222627558275,
9.211261793119967,
0.04867872966011885
],
[
-2.3518453299276914,
9.227241208373556,
-0.03993397413028878
]
],
[
[
-3.2503266850960872,
9.174517511921236,
0.7495842476241392
],
[
-2.290326754370089,
9.174445255068822,
0.7493358266005429
]
],
[
[
-2.3607963368820855,
9.082744269001337,
0.7890296818315237
],
[
-3.224625084433593,
10.014178087636523,
0.7522126714857218
]
],
[
[
-3.0663569216798736,
9.08456140303922,
0.7898458037706476
],
[
-3.945960286604016,
10.001116546028115,
0.7465770550995703
]
],
[
[
-3.007116726891207,
9.87983501896293,
0.7941935561468746
],
[
-3.913007443660126,
9.863915419753955,
0.7883808250794844
]
],
[
[
-3.1562720122890457,
9.8979023803033,
0.8532912405066412
],
[
-3.239740868573566,
9.885646317935263,
-0.0942928207246498
]
],
[
[
-3.888490585365455,
9.884224701323093,
0.8432718972567895
],
[
-3.842827695959304,
9.88716291131132,
-0.09382229482409503
]
],
[
[
-3.2055167141069703,
9.267574879076687,
-0.08772688591735475
],
[
-3.077575328629916,
9.124634349217809,
0.8364594835358596
]
],
[
[
-2.378452405120477,
9.132724123056853,
0.8399588469346672
],
[
-2.4572286788990976,
9.190707570789765,
-0.08845987154554312
]
]
],
"contact_t_pairs": [
[
0.8643820690633084,
0.8999999999495495
],
[
0.8999999999223971,
0.8999999999492915
],
[
0.10000000002050809,
0.8999999999825329
],
[
0.12999999747113558,
0.8999999999534141
],
[
0.11817049055847052,
0.8999129181454952
],
[
0.10000000001856858,
0.8999999999512721
],
[
0.8366022033028014,
0.1000000001797297
],
[
0.8999999999024688,
0.100000000112673
],
[
0.8527821154401718,
0.10000000004553612
],
[
0.8999999999716485,
0.10000000008278463
],
[
0.8506063412510009,
0.8916006105533799
],
[
0.8999999999514084,
0.10000000009919634
],
[
0.10000000003952313,
0.10000000004946558
],
[
0.16662638644957162,
0.8999999999068085
],
[
0.10000000001268548,
0.1000000000305607
],
[
0.12043853041571248,
0.10000000004189938
]
],
"half_couplers": [
{
"pose": [
[
0.0,
0.0,
-1.0,
-3.8188996402149638
],
[
0.9989869869018158,
0.045000000009239205,
0.0,
9.922868913362354
],
[
0.045000000009239316,
-0.9989869869018158,
0.0,
0.0
],
[
0.0,
0.0,
0.0,
1.0
]
],
"at_element": 0,
"to_element": 1
},
{
"pose": [
[
-0.7562158389458395,
-5.551115123125783e-17,
-0.6543222485346498,
-3.8188996402149638
],
[
-0.6536594115264509,
-0.045000000009239205,
0.755449782395933,
9.921248913361689
],
[
-0.02944450119010461,
0.9989869869018158,
0.03402971275954947,
0.03596353153584873
],
[
0.0,
0.0,
0.0,
1.0
]
],
"at_element": 1,
"to_element": 0
},
{
"pose": [
[
0.0,
-6.1673756379665434e-15,
-1.0,
-3.847393984902235
],
[
-0.003135432457355252,
0.9999950845195718,
-6.1673756379665434e-15,
9.922868913362354
],
[
0.9999950845195718,
0.003135432457355252,
0.0,
0.0
],
[
0.0,
0.0,
0.0,
1.0
]
],
"at_element": 0,
"to_element": 9
},
{
"pose": [
[
0.9988149041835511,
1.3071724150152952e-14,
0.04867018780324883,
-3.8473939849022347
],
[
-0.00015260208653259706,
-0.9999950845195715,
0.003131716669504266,
9.886869090312347
],
[
0.04866994856589328,
-0.0031354324573916424,
-0.9988099945284381,
-0.00011287556848790792
],
[
0.0,
0.0,
0.0,
1.0
]
],
"at_element": 9,
"to_element": 0
},
{
"pose": [
[
0.0,
0.0,
-1.0,
-3.2073939849807234
],
[
0.9989869869018156,
0.045000000009241425,
0.0,
9.922868913362354
],
[
0.045000000009241425,
-0.9989869869018156,
0.0,
0.0
],
[
0.0,
0.0,
0.0,
1.0
]
],
"at_element": 0,
"to_element": 2
},
{
"pose": [
[
-0.6722994487215495,
-8.326672684688674e-16,
-0.7402793062410297,
-3.2073939849807234
],
[
-0.7395293936074927,
-0.04500000000923943,
0.6716184005740926,
9.921248913361689
],
[
-0.033312568787686736,
0.9989869869018155,
0.030253475198680935,
0.03596353153584704
],
[
0.0,
0.0,
0.0,
1.0
]
],
"at_element": 2,
"to_element": 0
},
{
"pose": [
[
0.0,
-6.166941957097549e-15,
-1.0,
-3.2313939829412255
],
[
0.012932928959127933,
0.9999163661769609,
-6.166941957097549e-15,
9.922868913362354
],
[
0.999916366176961,
-0.012932928959127933,
0.0,
0.0
],
[
0.0,
0.0,
0.0,
1.0
]
],
"at_element": 0,
"to_element": 8
},
{
"pose": [
[
0.9961435044046455,
1.1969266723588223e-14,
-0.08773892313239363,
-3.231393982941225
],
[
-0.0011347212598084382,
-0.9999163661769612,
-0.01288305317554862,
9.886871924172638
],
[
-0.0877315851908229,
0.012932928959113424,
-0.9960601931150768,
0.00046558544262338686
],
[
0.0,
0.0,
0.0,
1.0
]
],
"at_element": 8,
"to_element": 0
},
{
"pose": [
[
-0.6659182959032011,
0.09240949988277675,
-0.7402792091588091,
-2.4429384646258843
],
[
-0.7386953326473988,
0.057077158035883535,
0.6716184955430393,
9.22769664253327
],
[
0.10431696269699148,
0.9940838407106121,
0.030253742441434195,
0.0047220312932095
],
[
0.0,
0.0,
0.0,
1.0
]
],
"at_element": 2,
"to_element": 3
},
{
"pose": [
[
0.02209879439792717,
-0.09240923858477501,
0.9954758540066858,
-2.446265210735325
],
[
-0.9982274093848813,
-0.057076515947611206,
0.016861508830196936,
9.225641875331082
],
[
0.05526013426428544,
-0.9940839018671737,
-0.09350675702658551,
-0.031064987192669265
],
[
0.0,
0.0,
0.0,
1.0
]
],
"at_element": 3,
"to_element": 2
},
{
"pose": [
[
0.029613805680418936,
0.6716469096664045,
-0.7402793062410236,
-2.425171762763971
],
[
-0.012381136411410809,
0.7407937847143765,
0.6716184005740998,
9.211577802269362
],
[
0.9994847322367082,
-0.010723677732880521,
0.03025347519867594,
0.003995947949246993
],
[
0.0,
0.0,
0.0,
1.0
]
],
"at_element": 2,
"to_element": 11
},
{
"pose": [
[
0.7360502384750679,
-0.671646909666329,
-0.08438290808253704,
-2.449351051517397
],
[
-0.6688549085662158,
-0.7407937847144184,
0.062110223114775626,
9.18490922601365
],
[
-0.10422647325739673,
0.010723677734726423,
-0.9944957742535496,
0.004382000347717782
],
[
0.0,
0.0,
0.0,
1.0
]
],
"at_element": 11,
"to_element": 2
},
{
"pose": [
[
-6.49246086783517e-05,
-0.0002615582631730895,
0.9999999636860346,
-2.4471886278801804
],
[
-0.9992101072994987,
-0.03973859339937036,
-7.526728540735439e-05,
9.174457061679302
],
[
0.039738611643084676,
-0.9992100759009162,
-0.00025877164758458804,
0.7493764180484518
],
[
0.0,
0.0,
0.0,
1.0
]
],
"at_element": 4,
"to_element": 5
},
{
"pose": [
[
-0.7334794849452728,
0.00026155807298017253,
-0.6797115393693063,
-2.4471792117924918
],
[
-0.6791670415716022,
0.03973859291952819,
0.7329072068656808,
9.175887651032262
],
[
0.027202477962403826,
0.9992100759200493,
-0.02896980104444058,
0.7853479807903264
],
[
0.0,
0.0,
0.0,
1.0
]
],
"at_element": 5,
"to_element": 4
},
{
"pose": [
[
-0.00025357779599799457,
9.124916981460493e-05,
0.9999999636859445,
-2.3863267475363186
],
[
0.06232484689482551,
0.9980559141622919,
-7.526757901763631e-05,
9.17445248075407
],
[
-0.9980558847869381,
0.06232482554537076,
-0.00025877190953393914,
0.7493606687029267
],
[
0.0,
0.0,
0.0,
1.0
]
],
"at_element": 4,