{
"contact_id_pairs": [
[
0,
1
],
[
0,
6
],
[
1,
2
],
[
1,
7
],
[
2,
3
],
[
2,
5
],
[
0,
3
],
[
0,
4
],
[
4,
5
],
[
4,
7
],
[
6,
7
]
],
"contact_t_bound_pairs": [
[
[
0.6,
0.9
],
[
0.1,
0.4
]
],
[
[
0.6,
0.9
],
[
0.6,
0.9
]
],
[
[
0.6,
0.9
],
[
0.1,
0.4
]
],
[
[
0.6,
0.9
],
[
0.6,
0.9
]
],
[
[
0.6,
0.9
],
[
0.1,
0.4
]
],
[
[
0.6,
0.9
],
[
0.6,
0.9
]
],
[
[
0.1,
0.4
],
[
0.6,
0.9
]
],
[
[
0.1,
0.4
],
[
0.6,
0.9
]
],
[
[
0.1,
0.4
],
[
0.1,
0.4
]
],
[
[
0.1,
0.4
],
[
0.1,
0.4
]
],
[
[
0.1,
0.4
],
[
0.1,
0.4
]
]
],
"line_pt_pairs": [
[
[
-1.5606176448882239,
5.540912799076092,
0.0
],
[
-0.7606176448882236,
5.540912799076092,
0.0
]
],
[
[
-0.8495065337926938,
5.45382391017109,
0.039959479479169425
],
[
-0.7606176448882236,
6.340912799076092,
0.0
]
],
[
[
-0.6926198237812161,
6.152366873562241,
0.04849276369708883
],
[
-1.5606176448882239,
6.340912799076092,
0.0
]
],
[
[
-1.4107788685107538,
6.402511410420027,
-0.03592240378164658
],
[
-1.4823521402578195,
5.4485128410247174,
0.04385225673951801
]
],
[
[
-1.1022211896465286,
5.996320969012258,
0.6581302148626077
],
[
-1.4899696624326784,
5.524195258450403,
-0.09438392910924884
]
],
[
[
-1.1655372724093938,
5.8872684670237545,
0.6368765106080153
],
[
-1.4163865977037151,
6.31418033963888,
-0.07839783590494323
]
],
[
[
-1.1951667678451376,
5.959857705137014,
0.6661468295260563
],
[
-0.8278899622736069,
5.529162431056007,
-0.09374003124881468
]
],
[
[
-1.1654704183831894,
5.886784066369372,
0.6828927950839719
],
[
-0.7733243977918111,
6.1771615273067475,
-0.0834247771703857
]
]
],
"contact_t_pairs": [
[
0.8999999999843078,
0.1000000000165653
],
[
0.870000002559733,
0.899999999973571
],
[
0.8067029385997596,
0.10000000001482721
],
[
0.7798099637182186,
0.899999999902664
],
[
0.8371519359505332,
0.10000000000079504
],
[
0.7981574916267334,
0.899999999830539
],
[
0.1067785397564602,
0.8999999999992104
],
[
0.1367785371800344,
0.8999999999746912
],
[
0.14609028432767557,
0.10421396914687703
],
[
0.10000000003036963,
0.126417681967324
],
[
0.10000000005722467,
0.10000000004742331
]
],
"half_couplers": [
{
"pose": [
[
-4.107825191113079e-14,
-4.313216450668733e-14,
0.9999999999999999,
-0.8406176449007774
],
[
-0.9989869869021095,
-0.045000000002712426,
-4.318767565791859e-14,
5.540912799076091
],
[
0.04500000000271254,
-0.9989869869021096,
-4.107825191113079e-14,
0.0
],
[
0.0,
0.0,
0.0,
1.0
]
],
"at_element": 0,
"to_element": 1
},
{
"pose": [
[
-0.9950271951171406,
8.339856583106098e-14,
0.0996036192982738,
-0.8406176449007743
],
[
0.09950271952733117,
0.04500000000269688,
0.9940192195357304,
5.542532799076286
],
[
-0.0044821628686080445,
0.9989869869021103,
-0.044776223782962976,
0.035963531530590544
],
[
0.0,
0.0,
0.0,
1.0
]
],
"at_element": 1,
"to_element": 0
},
{
"pose": [
[
-1.0769163338864018e-13,
4.0858982863767324e-13,
1.0,
-0.8646176428404373
],
[
0.49309292083713807,
-0.8699766499282036,
4.0861758421328886e-13,
5.540912799076092
],
[
0.8699766499282036,
0.49309292083713807,
-1.0769163338864018e-13,
0.0
],
[
0.0,
0.0,
0.0,
1.0
]
],
"at_element": 0,
"to_element": 6
},
{
"pose": [
[
-0.9218218807032614,
-7.835954107804355e-13,
0.3876137513771955,
-0.8646176428404667
],
[
-0.19112959682376843,
0.8699766499283227,
-0.4545438436470968,
5.572231958475491
],
[
-0.3372149128889262,
-0.49309292083692774,
-0.8019635116049992,
-0.017751345151244574
],
[
0.0,
0.0,
0.0,
1.0
]
],
"at_element": 6,
"to_element": 0
},
{
"pose": [
[
0.9940091141546079,
0.04500000000284103,
0.09960361929827614,
-0.7777996059045901
],
[
-0.09736579117487536,
-0.04945395739925762,
0.9940192195357406,
6.169441123649951
],
[
0.049656658027521186,
-0.9977621490602341,
-0.04477622378272983,
0.007724049958406658
],
[
0.0,
0.0,
0.0,
1.0
]
],
"at_element": 1,
"to_element": 2
},
{
"pose": [
[
-0.21417512555364504,
-0.04500000000278648,
-0.9757581747512185,
-0.7794196059047869
],
[
-0.976027660755263,
0.0494539573990046,
0.21195355986202846,
6.171221466116421
],
[
0.03871719301149529,
0.997762149060249,
-0.05451305227176295,
0.043643487326660936
],
[
0.0,
0.0,
0.0,
1.0
]
],
"at_element": 2,
"to_element": 1
},
{
"pose": [
[
-0.4273543476895503,
0.8985807590490963,
0.0996036192996484,
-0.7801900925611461
],
[
0.08337365487341708,
-0.07053102059887317,
0.9940192195356838,
6.145584664442935
],
[
0.9002316897243108,
0.4331027529351801,
-0.044776223780942814,
0.008798679236319414
],
[
0.0,
0.0,
0.0,
1.0
]
],
"at_element": 1,
"to_element": 7
},
{
"pose": [
[
0.07893837090064526,
-0.8985807590502694,
0.4316495720653435,
-0.8125389998891188
],
[
-0.9449140539513773,
0.07053102060039274,
0.31962916916051476,
6.148123781184745
],
[
-0.31765730629835376,
-0.43310275293249867,
-0.8435139839727408,
-0.006793019870359643
],
[
0.0,
0.0,
0.0,
1.0
]
],
"at_element": 7,
"to_element": 1
},
{
"pose": [
[
-0.21571216942732807,
-0.03693567878283133,
-0.9757581747512072,
-1.4192658801217921
],
[
-0.9734861869048367,
0.08602518449420893,
0.2119535598621043,
6.310208460121746
],
[
0.07611112840076095,
0.9956080670954754,
-0.05451305227167236,
0.007896952688479182
],
[
0.0,
0.0,
0.0,
1.0
]
],
"at_element": 2,
"to_element": 3
},
{
"pose": [
[
-0.9965326057561152,
0.03693567878282329,
-0.07455549139922556,
-1.4179361956855174
],
[
0.07115874531264604,
-0.08602518449416063,
-0.9937485097338643,
6.307111553479738
],
[
-0.04311842564911052,
-0.9956080670954803,
0.0830986047051594,
-0.0279449377294667
],
[
0.0,
0.0,
0.0,
1.0
]
],
"at_element": 3,
"to_element": 2
},
{
"pose": [
[
-0.14557502395470356,
0.1634132699620843,
-0.9757581747548347,
-1.3854187874134556
],
[
-0.4426050256152031,
0.8713073394441748,
0.21195355984478984,
6.302856216526817
],
[
0.8848212834808806,
0.4627306164832974,
-0.054513052274062446,
0.009787901062572489
],
[
0.0,
0.0,
0.0,
1.0
]
],
"at_element": 2,
"to_element": 5
},
{
"pose": [
[
0.9434771179050903,
-0.16341326994785976,
-0.28835226927224317,
-1.3913016651317738
],
[
-0.0009307037645340382,
-0.8713073394207793,
0.4907368480784644,
6.271489152305023
],
[
-0.33143636158395023,
-0.46273061653237413,
-0.8222106267517844,
-0.006870401132436282
],
[
0.0,
0.0,
0.0,
1.0
]
],
"at_element": 5,
"to_element": 2
},
{
"pose": [
[
1.1324274851176597e-14,
1.2323475573339238e-14,
1.0,
-1.4751948130830557
],
[
-0.9965219634587371,
-0.08333052468539548,
1.2323475573339238e-14,
5.540912799076091
],
[
0.08333052468539554,
-0.9965219634587371,
1.1324274851176597e-14,
0.0
],
[
0.0,
0.0,
0.0,
1.0
]
],
"at_element": 0,
"to_element": 3
},
{
"pose": [
[
0.9972168664348895,
-2.4868995751603507e-14,
-0.07455549139922368,
-1.4751948130830566
],
[
-0.07429618467578342,
0.0833305246853785,
-0.993748509733867,
5.543912697965001
],
[
0.00621274821649824,
0.9965219634587386,
0.08309860470512642,
0.035874790687338565
],
[
0.0,
0.0,
0.0,
1.0
]
],
"at_element": 3,
"to_element": 0
},
{
"pose": [
[
-2.1382895454280515e-13,
7.43238803835311e-13,
1.0,
-1.4511948151441965
],
[
0.5314587414396812,
-0.8470841789027523,
7.43238803835311e-13,
5.540912799076092
],
[
0.8470841789027523,
0.5314587414396812,
-2.1382895454280515e-13,
0.0
],
[
0.0,
0.0,
0.0,
1.0
]
],
"at_element": 0,
"to_element": 4
},
{
"pose": [
[
-0.9165010742571966,
-1.422834072783985e-12,
-0.40003222480870854,
-1.45119481514425
],
[
0.2126006227306921,
0.8470841789033092,
-0.48708250745251397,
5.571407829518537
],
[
0.338860968687642,
-0.5314587414387936,
-0.7763535599508558,
-0.01913251469301791
],
[
0.0,
0.0,
0.0,
1.0
]
],
"at_element": 4,
"to_element": 0
},
{
"pose": [
[
-0.09619392627862533,
0.9114389435375421,
-0.40003222463980526,
-1.158867474283479
],
[
0.8647195511846519,
-0.12251827852883657,
-0.48708250761585004,
5.9273479897178705
],
[
-0.4929572256759369,
-0.3927700645791372,
-0.7763535599354099,
0.5481952096091618
],
[
0.0,
0.0,
0.0,
1.0
]
],
"at_element": 4,