{
"contact_id_pairs": [
[
0,
10
],
[
0,
34
],
[
0,
59
],
[
1,
10
],
[
1,
33
],
[
10,
33
],
[
10,
34
],
[
11,
61
],
[
34,
61
],
[
0,
80
],
[
63,
64
],
[
64,
80
],
[
64,
83
],
[
1,
78
],
[
1,
79
],
[
2,
57
],
[
57,
58
],
[
57,
78
],
[
2,
12
],
[
2,
13
],
[
2,
32
],
[
3,
32
],
[
3,
55
],
[
12,
53
],
[
31,
53
],
[
53,
55
],
[
3,
51
],
[
3,
52
],
[
4,
51
],
[
4,
76
],
[
51,
52
],
[
51,
77
],
[
4,
15
],
[
4,
30
],
[
5,
14
],
[
5,
15
],
[
5,
30
],
[
5,
48
],
[
5,
49
],
[
5,
75
],
[
6,
48
],
[
48,
76
],
[
6,
16
],
[
6,
29
],
[
6,
46
],
[
7,
17
],
[
16,
44
],
[
17,
29
],
[
28,
46
],
[
7,
43
],
[
8,
42
],
[
8,
73
],
[
42,
74
],
[
43,
74
],
[
8,
18
],
[
8,
38
],
[
9,
18
],
[
18,
26
],
[
19,
40
],
[
27,
38
],
[
38,
40
],
[
9,
24
],
[
24,
36
],
[
24,
37
],
[
37,
72
],
[
10,
84
],
[
62,
71
],
[
62,
84
],
[
63,
84
],
[
11,
56
],
[
11,
57
],
[
11,
69
],
[
12,
57
],
[
57,
70
],
[
13,
14
],
[
13,
51
],
[
13,
81
],
[
50,
51
],
[
50,
68
],
[
15,
16
],
[
15,
81
],
[
47,
48
],
[
47,
81
],
[
48,
67
],
[
17,
66
],
[
18,
42
],
[
41,
65
],
[
41,
66
],
[
42,
66
],
[
19,
20
],
[
20,
36
],
[
25,
36
],
[
35,
36
],
[
20,
39
],
[
38,
65
],
[
39,
65
],
[
21,
22
],
[
21,
24
],
[
21,
35
],
[
23,
35
],
[
26,
35
],
[
26,
37
],
[
22,
23
],
[
22,
25
],
[
27,
43
],
[
28,
41
],
[
28,
43
],
[
29,
30
],
[
30,
47
],
[
30,
49
],
[
47,
49
],
[
30,
50
],
[
31,
50
],
[
31,
52
],
[
32,
58
],
[
33,
56
],
[
33,
58
],
[
34,
62
],
[
34,
64
],
[
34,
85
],
[
64,
82
],
[
82,
85
],
[
39,
73
],
[
40,
72
],
[
40,
73
],
[
44,
45
],
[
45,
66
],
[
45,
67
],
[
45,
46
],
[
45,
74
],
[
45,
75
],
[
53,
69
],
[
54,
68
],
[
54,
69
],
[
54,
55
],
[
54,
77
],
[
54,
78
],
[
55,
78
],
[
59,
60
],
[
59,
70
],
[
60,
71
],
[
60,
80
],
[
61,
79
],
[
61,
80
],
[
82,
83
],
[
82,
86
],
[
84,
85
],
[
84,
86
]
],
"nstatus": 0,
"opt_line_pos": [
[
1.718505482563826,
0.027060609927388044,
-0.5331881758512574
],
[
1.6979931197021403,
-0.3305357208131844,
0.2505096515477081
],
[
0.8178797434581412,
-0.009450509835656025,
0.3655512862587433
],
[
0.47663351361783257,
-0.289999999999981,
1.1351390448181895
],
[
-0.05489420095567569,
-0.016468015836916726,
0.7473217761387515
],
[
-0.4142214795413376,
-0.19573780013110764,
1.084495237759337
],
[
-0.9029597079097413,
0.006510985378314338,
0.3933875617644045
],
[
-1.6924919466737016,
-0.3275802728036711,
0.29615821038073176
],
[
-1.6846298868958829,
0.016323928626748453,
-0.5527617908316497
],
[
-2.582894882837043,
-0.3393928503502645,
-0.7365428183435283
],
[
1.7055989977685448,
-0.030247142700427068,
-0.5043345335153585
],
[
1.7143954274424762,
0.30839460679184244,
0.2381603467705015
],
[
0.848594665479103,
-0.04324956575964109,
0.39714351084990235
],
[
0.4550441044752406,
0.27949159557437236,
1.059907224653657
],
[
-0.0361017595422565,
0.00499865218353239,
0.6790255273833031
],
[
-0.4462839291318054,
0.28026208297098826,
1.065805071578462
],
[
-0.8605275287166998,
0.044176469487885936,
0.4006673906898619
],
[
-1.6863632055710167,
0.31559834287549043,
0.3427241924203434
],
[
-1.7207942765673614,
-0.03379842755466346,
-0.5631307060593705
],
[
-2.5828941968229517,
0.39695298174412486,
-0.7510515134713728
],
[
-2.5515950722974803,
0.3213319074806542,
-0.801500474839663
],
[
-2.763015839240635,
-0.3756042026166514,
-1.034591545816198
],
[
-2.733498885606345,
0.36846453590976413,
-1.0910555791683878
],
[
-2.02222721039332,
-0.04507316271545872,
-1.072468609233331
],
[
-2.7373674426682473,
-0.3890077961189078,
-1.079935304113878
],
[
-2.70138926895015,
0.30200000000003197,
-1.1214536067896117
],
[
-1.9670967460211692,
-0.018711872690098934,
-1.13209872389266
],
[
-1.7166220579554237,
0.04629556717116234,
-0.4953539499016453
],
[
-1.263231017817819,
-0.0404428396405204,
-0.07940112992357871
],
[
-0.8879482715369618,
-0.04999999999997188,
0.41030081425609216
],
[
-0.3187602902690014,
-0.002374590945505896,
0.7389752989331838
],
[
0.26311527742759633,
-0.0262125110104056,
0.6952766622668567
],
[
0.8259293331304884,
0.01865226331727578,
0.3891603296592525
],
[
1.2616895335450913,
-0.04430282899238867,
-0.0485590652572481
],
[
1.7028549523374497,
-0.0014396366410870938,
-0.5507130460283953
],
[
-2.035033823322107,
-0.0059239583794389785,
-1.1079030064685158
],
[
-2.521612170584865,
0.3582968164964753,
-0.827257781760538
],
[
-2.5684809411527154,
-0.40198087312438574,
-0.7919313399089056
],
[
-1.6554613774671794,
0.04977468976495318,
-0.5630851441302348
],
[
-2.197167869635933,
0.27404691139047244,
-0.18211164304814106
],
[
-2.097190960934784,
-0.3739999999999842,
-0.1950883112633376
],
[
-1.2723470563460824,
-0.02992390210814015,
0.017387454407037733
],
[
-1.7340021030761874,
0.29968175962626964,
0.25828957454184337
],
[
-1.7238144504369197,
-0.29290230687330004,
0.29134984278440745
],
[
-0.8226932934169624,
0.024461750154978684,
0.45360655854349186
],
[
-1.1211726181016333,
0.2564470529832588,
0.7940279831499516
],
[
-1.1234249529754339,
-0.2524890149580784,
0.8346209353523998
],
[
-0.2704971756758587,
0.025474676887377663,
0.7278573181705525
],
[
-0.37532884160181335,
0.21758978949994007,
1.0880527167284295
],
[
-0.4661423407081376,
-0.19274767578198987,
1.070568856940606
],
[
0.284199757851505,
-0.042779073877292795,
0.7333983674710232
],
[
0.39788379824223613,
0.19046548073324346,
1.1218575018356358
],
[
0.3939175311162127,
-0.2257239642732655,
1.1163689095391107
],
[
0.8612017378193001,
-0.04508246135632642,
0.4626748794801542
],
[
1.1944055605843193,
0.23571970489209756,
0.7538292084366727
],
[
1.1999246603767677,
-0.24002056131664767,
0.80917682484857
],
[
1.313533497465625,
0.014947310626363472,
-0.07310392813056844
],
[
1.6724710577605812,
0.2525170519768821,
0.2796649759933393
],
[
1.7325636775293614,
-0.24601586509132325,
0.3198809056096441
],
[
1.6305955834284407,
0.04705991313345083,
-0.5674723261655845
],
[
2.184853500900642,
0.29572695542509536,
-0.2729952141913685
],
[
2.1030987405093353,
-0.3307539131254512,
-0.2501816857610443
],
[
1.976520781811497,
0.04477559346156552,
-1.1254167709670908
],
[
2.5218370500162295,
0.38017232043701155,
-0.8327152805920723
],
[
2.515690222544129,
-0.3467181376840866,
-0.8137080249984169
],
[
-2.1971679407667923,
0.30768233319000704,
-0.23600200600090887
],
[
-1.6690295931586234,
0.2522608348650672,
0.2717008923083862
],
[
-1.1153974713698838,
0.29040060707939724,
0.7598739764426533
],
[
0.47448835452887367,
0.19799685158966193,
1.158908945950902
],
[
1.1748623918550622,
0.23808214286126722,
0.7215827862936632
],
[
1.7277726751668612,
0.2460000000000204,
0.2622045802966458
],
[
2.135155454174241,
0.3733273792480196,
-0.24950039505563734
],
[
-2.4887960909227895,
-0.39178361513719473,
-0.8135333664217677
],
[
-2.1191982735068273,
-0.30387243635203626,
-0.27216301156001915
],
[
-1.6683808800963633,
-0.2519694144807438,
0.3154331765912391
],
[
-1.1966933278997547,
-0.3011773220515952,
0.7544023480541658
],
[
-0.4701230146143979,
-0.2880408868071377,
1.0898953142234205
],
[
0.47250577731185306,
-0.19240260178255772,
1.1413496874755658
],
[
1.1707324508477097,
-0.2685984398484786,
0.8097727086734761
],
[
1.7401897521271545,
-0.31547281858955295,
0.2659979694894491
],
[
2.131804806194588,
-0.37343474870440946,
-0.2906850630067547
],
[
-0.4701229671973851,
0.27670148178531934,
1.1354364441655456
],
[
2.7085697574621443,
-0.30366457064638686,
-1.1277532723233998
],
[
2.7457148257533395,
-0.36602533630887235,
-1.0964398138070732
],
[
2.5116748324030334,
0.30200000000003197,
-0.7676979056833564
],
[
2.6707827293761692,
0.328696371373675,
-1.1319478244721548
],
[
2.712636232025807,
0.30829731539684263,
-1.0463909121719828
]
],