{
"contact_id_pairs": [
[
51,
65
],
[
51,
74
],
[
51,
75
],
[
52,
65
],
[
52,
66
],
[
56,
67
],
[
57,
69
],
[
57,
72
],
[
57,
75
],
[
59,
72
],
[
67,
69
],
[
67,
72
],
[
54,
61
],
[
54,
63
],
[
54,
74
],
[
55,
63
],
[
55,
70
],
[
61,
63
],
[
70,
71
],
[
70,
73
],
[
74,
76
],
[
53,
73
],
[
60,
73
],
[
36,
44
],
[
36,
46
],
[
37,
44
],
[
44,
46
],
[
33,
34
],
[
33,
46
],
[
34,
40
],
[
34,
46
],
[
40,
41
],
[
40,
45
],
[
22,
23
],
[
22,
35
],
[
22,
45
],
[
23,
25
],
[
23,
30
],
[
23,
35
],
[
25,
43
],
[
30,
42
],
[
42,
45
],
[
19,
27
],
[
19,
28
],
[
19,
30
],
[
20,
27
],
[
20,
28
],
[
20,
30
],
[
27,
29
],
[
28,
30
],
[
9,
10
],
[
9,
29
],
[
10,
12
],
[
10,
21
],
[
12,
16
],
[
16,
29
],
[
5,
14
],
[
5,
15
],
[
5,
16
],
[
8,
15
],
[
49,
64
],
[
50,
65
],
[
50,
71
],
[
64,
65
],
[
64,
72
],
[
31,
39
],
[
31,
40
],
[
31,
43
],
[
32,
40
],
[
32,
44
],
[
39,
40
],
[
39,
43
],
[
17,
26
],
[
17,
27
],
[
18,
27
],
[
18,
42
],
[
26,
27
],
[
6,
13
],
[
7,
13
],
[
13,
14
],
[
2,
4
],
[
2,
9
],
[
4,
9
],
[
4,
15
],
[
9,
13
],
[
9,
15
],
[
8,
11
],
[
8,
12
],
[
12,
20
],
[
7,
10
],
[
7,
11
],
[
11,
17
],
[
21,
26
],
[
22,
26
],
[
22,
28
],
[
26,
28
],
[
19,
24
],
[
19,
25
],
[
25,
34
],
[
18,
23
],
[
18,
24
],
[
18,
31
],
[
24,
31
],
[
35,
36
],
[
35,
39
],
[
35,
41
],
[
47,
51
],
[
47,
68
],
[
47,
69
],
[
48,
67
],
[
48,
68
],
[
50,
67
],
[
50,
68
],
[
55,
64
],
[
55,
66
],
[
56,
66
],
[
64,
76
],
[
66,
76
],
[
52,
63
],
[
53,
62
],
[
53,
63
],
[
62,
63
],
[
49,
62
],
[
61,
62
],
[
54,
60
],
[
33,
38
],
[
32,
38
],
[
37,
38
],
[
0,
5
],
[
3,
5
],
[
4,
5
],
[
0,
2
],
[
0,
6
],
[
3,
6
],
[
1,
59
],
[
47,
58
],
[
47,
59
],
[
58,
59
],
[
1,
57
],
[
48,
57
],
[
48,
58
]
],
"nstatus": 0,
"opt_line_pos": [
[
-3.4033990170627653,
0.5252592659381928,
-1.470361657309898
],
[
3.2961318698238813,
0.5398132575497651,
-1.5316988811600916
],
[
-2.5881089696269473,
-0.04991357729167072,
-1.4048497952481651
],
[
-3.3128566046130383,
0.3999999999999431,
-1.4303211327961673
],
[
-3.4404075426250333,
-0.5400162473486628,
-1.3547778148573153
],
[
-3.296427919804073,
-0.47816665451663565,
-1.0986393977507778
],
[
-3.189847925886422,
0.4272581951415823,
-1.1008920372428521
],
[
-3.237661823808693,
0.46101936558251305,
-1.064184943310322
],
[
-2.7687784455507276,
-0.4476203351817531,
-0.36618897220190016
],
[
-2.5999985984025202,
-0.02366764386472186,
-1.496216328773484
],
[
-2.1982543129176007,
-0.0901580703396327,
-0.8553683027632136
],
[
-2.820025941044956,
0.40517306103664563,
-0.34507340719587726
],
[
-2.77624677190259,
-0.48848469152722557,
-0.365967678266314
],
[
-2.40627636875976,
-0.06595074577319306,
-1.3841615039554345
],
[
-3.3143089977518128,
0.40721288591130145,
-1.0483799691261306
],
[
-3.2288166657693536,
-0.4699247113622762,
-0.9174126316081167
],
[
-3.2220782713878653,
-0.4907286028258292,
-1.1008705300494575
],
[
-2.809221144534807,
0.5443052559367567,
-0.26695299399156724
],
[
-2.267869297330403,
0.578651995614272,
0.40960811989621043
],
[
-1.6304533670575103,
-0.5173543116419161,
1.1910740552282812
],
[
-2.3203219202630083,
-0.5646609817004177,
0.4148759712964051
],
[
-2.1989875957761797,
-0.01710310510776209,
-0.7873585663730276
],
[
-1.5368378411705919,
0.07203961103311576,
-0.21817795479176394
],
[
-1.1171265394899963,
-0.03105973515378343,
0.33800983813524355
],
[
-1.6990866797685045,
0.4095968741098531,
1.1607842227199106
],
[
-1.676039147045221,
-0.5460036831258402,
1.0437474720003315
],
[
-1.625868902339169,
0.09311607984110037,
-0.05038919824361788
],
[
-2.3157551573594364,
0.42196999163029836,
0.399474905458138
],
[
-2.215330656421264,
-0.5586179666167848,
0.4363893369797136
],
[
-2.036739458451723,
-0.10000124459668001,
-0.8553683027632136
],
[
-2.1934960471931078,
-0.5396053706351426,
0.35535065358866963
],
[
-1.6990866797685045,
0.459939106892856,
1.1238447347497775
],
[
-0.6447071969216462,
0.5858048734143149,
1.6412532145948804
],
[
0.569778012400056,
-0.5244223416044175,
1.548703783216777
],
[
-0.6909772065587254,
-0.48559170217596875,
1.5524152471447608
],
[
-1.1755350179105155,
0.020162275105871024,
0.33800749132526187
],
[
-0.4468189324453891,
0.08935596439130934,
0.7998231381599223
],
[
0.3763864150520921,
-0.041582992235414444,
0.710409913415708
],
[
0.5083658198838917,
0.4178253722163429,
1.5488174183284011
],
[
-0.4801551107102886,
0.02788461901216338,
0.8346799825594535
],
[
-0.6495833412665921,
0.427491815812386,
1.5986389567504773
],
[
-0.6854537522287784,
-0.47118400802732474,
1.7253229602966316
],
[
-2.1987060959266036,
0.5175284029889503,
0.49751867826741336
],
[
-1.1197306256253636,
-0.10000000000005685,
0.5124043881196423
],
[
-0.5501706201260237,
0.5079971655764316,
1.589689726773297
],
[
-1.017337925905511,
-0.0014479667354327702,
0.3468820519145393
],
[
-0.5525383280501127,
-0.5125682243889493,
1.6306093368582937
],
[
3.2803198667383136,
-0.48266886334825543,
-0.9856024388020564
],
[
3.2131124659849286,
0.5072293151953983,
-1.0828485232800908
],
[
2.28694363228567,
0.49999999999994316,
0.4522423683689898
],
[
2.714295725404211,
0.4836793677274621,
-0.32624492628269963
],
[
3.347518152338316,
-0.4382469106739049,
-0.9278402488799862
],
[
2.8136228718053644,
-0.5000000000000568,
-0.2661889722019002
],
[
2.187078230967128,
-0.42732926954171524,
0.3742787197327366
],
[
1.1578429133579962,
-0.09970992619125295,
0.3694111243665627
],
[
1.5362533603197956,
0.024999229294413113,
-0.19345206711862323
],
[
2.103543035946786,
0.03624982058146285,
-0.6614703414754824
],
[
2.456166156094829,
0.09509225369965707,
-1.3404575271377823
],
[
3.2662091750854922,
0.4001479774971396,
-1.3497855070869236
],
[
3.2948162959363354,
-0.45738368305147586,
-1.5116193780237501
],
[
1.5808156792861403,
-0.40443267327594745,
1.0299998187041166
],
[
1.6355670012468195,
-0.06356878263617487,
-0.1728015908895229
],
[
2.271280409600478,
0.40014801142177586,
0.4028586294907037
],
[
2.2463908078778525,
-0.49452207157283756,
0.3777640325312534
],
[
2.0154903308916343,
0.07458080853039248,
-0.8147874413098666
],
[
2.752747675283203,
0.5463033762777321,
-0.3241848938204443
],
[
2.723164132378504,
-0.485834461807697,
-0.2887036643739424
],
[
2.4842398060728073,
0.022204727966099107,
-1.3893517649088873
],
[
3.153259712689361,
0.5001480587157087,
-1.0112429483951995
],
[
3.2358862520495637,
-0.4892289647908795,
-1.0161551343939126
],
[
1.5370126836656788,
0.5605394655767996,
1.031006604661234
],
[
1.5354637545013674,
0.09557299081056435,
-0.17200791309593885
],
[
2.8924101211742133,
0.4408500655353157,
-0.29622702172873383
],
[
1.5315742981168898,
-0.435573128173569,
1.0437446202497322
],
[
1.7203570405729696,
0.06322251857683218,
-0.11514802825827855
],
[
2.9050100372813668,
-0.4000127615890951,
-0.19746814982417216
],
[
1.7130858271779434,
0.09999214756367106,
-0.08250181991713808
]
],