{
"contact_id_pairs": [
[
22,
23
],
[
23,
25
],
[
23,
30
],
[
19,
27
],
[
19,
28
],
[
19,
30
],
[
20,
27
],
[
20,
28
],
[
27,
29
],
[
28,
30
],
[
9,
10
],
[
9,
29
],
[
10,
12
],
[
10,
21
],
[
12,
16
],
[
16,
29
],
[
5,
14
],
[
5,
15
],
[
5,
16
],
[
8,
15
],
[
17,
26
],
[
17,
27
],
[
18,
27
],
[
6,
13
],
[
7,
13
],
[
13,
14
],
[
2,
4
],
[
2,
9
],
[
4,
9
],
[
9,
13
],
[
9,
15
],
[
8,
11
],
[
8,
12
],
[
12,
20
],
[
7,
10
],
[
7,
11
],
[
11,
17
],
[
21,
26
],
[
22,
26
],
[
22,
28
],
[
26,
28
],
[
19,
24
],
[
19,
25
],
[
18,
23
],
[
18,
24
],
[
0,
5
],
[
3,
5
],
[
4,
5
],
[
0,
2
],
[
0,
6
],
[
3,
6
]
],
"nstatus": 0,
"opt_line_pos": [
[
-3.3493358687033714,
0.45653414073364773,
-1.4285880561181248
],
[
3.2660254116306304,
0.3999999999999432,
-1.534052685424263
],
[
-2.525832731633266,
0.08141383515192938,
-1.4263384238110273
],
[
-3.4425595771251207,
0.3999999999999432,
-1.4601381859254428
],
[
-3.3925491849240954,
-0.4774707315052444,
-1.4035860439431072
],
[
-3.274163409615392,
-0.45242668011070764,
-1.0852489523962272
],
[
-3.2404829908088506,
0.42472935562652614,
-1.1010376732142935
],
[
-3.1743539226924256,
0.40053437228226757,
-1.1010399835320448
],
[
-2.7954066545558605,
-0.5068357880230506,
-0.2855702897261168
],
[
-2.4615948314053684,
-0.01733344230988409,
-1.4901289325009592
],
[
-2.1799227018640663,
-0.07860029893988824,
-0.8296568311193159
],
[
-2.882513210174778,
0.41574531167092665,
-0.2789433515133466
],
[
-2.8154097951472967,
-0.5455475485734259,
-0.3092743341001318
],
[
-2.4469318602900123,
-0.057652455471643445,
-1.3787473393624203
],
[
-3.28201587191306,
0.42411732757744625,
-0.9924520947582515
],
[
-3.2743482536951296,
-0.4135471193660509,
-0.9508725384797475
],
[
-3.3060785353319972,
-0.5016127936271628,
-1.0002173014738294
],
[
-2.8859442994547835,
0.5045162989235363,
-0.35018317095480367
],
[
-2.288888318364617,
0.5717180698385338,
0.4490905275420097
],
[
-1.6990731791410048,
-0.5861603445774602,
1.2285613929111512
],
[
-2.245455170586449,
-0.5464119017136908,
0.38184104930627977
],
[
-2.1989875957761797,
-0.03552146997756017,
-0.6610042677943492
],
[
-1.5881123513270443,
0.09912538216214624,
-0.07693706625372444
],
[
-1.1266764770171278,
0.04160989622312771,
0.38538779716231103
],
[
-1.6963432203205584,
0.4000016374589726,
1.1966870712679218
],
[
-1.665391611540219,
-0.5100469075367391,
1.1570218834835204
],
[
-1.6727433953442685,
0.09617459018344274,
-0.06284857276785279
],
[
-2.368093215254826,
0.40319292982102,
0.38153044047014106
],
[
-2.1869430783141324,
-0.4974003059530371,
0.4361022036169404
],
[
-2.014259413858697,
-0.07277845276462848,
-0.777428502252029
],
[
-2.249373254995094,
-0.4247775724537465,
0.3688218370571767
]
],
"opt_line_orient": [
[
-0.04503030170843499,
-0.9950457319769331,
-0.08863556398273073
],
[
-0.2588190314944578,
-0.9659258262879438,
-8.394178902388033e-05
],
[
-0.8193415461744903,
0.5729098078368764,
-0.0213021782151306
],
[
-0.012793419582851526,
-0.9743852204342354,
-0.22452120304038956
],
[
0.9152715600799035,
0.3998646004878411,
-0.04884948910274101
],
[
-0.33859128507285263,
-0.18462116392239264,
-0.9226434671663021
],
[
-0.4127401883584732,
-0.04626480498057615,
-0.9096730757442045
],
[
0.3726389192169436,
-0.0049384017623628675,
0.9279632794851648
],
[
-0.6963055815084502,
0.0950593787502531,
-0.7114226954995144
],
[
0.39275791133996885,
-0.14410283772336094,
0.9082816717516324
],
[
-0.7653610144068169,
0.46374770846920166,
0.44627410917028626
],
[
-0.07758115863932144,
-0.9887989944492899,
-0.12750573477398458
],
[
0.6717903451129654,
0.5374356358122481,
-0.5097653083253973
],
[
-0.7841993852497439,
0.47045049700729363,
0.40460802517932637
],
[
-0.008245958747233965,
-0.9664224486107655,
-0.25682611819188306
],
[
0.6499625774942954,
0.4114644390822098,
-0.6389410483195882
],
[
0.9170503978115928,
0.39485523637499725,
0.055748633892181064
],
[
0.5397453487684769,
-0.07714908987845437,
0.8382857367352265
],
[
0.6437152034616744,
-0.15082642691553233,
0.7502547072669312
],
[
-0.5771745574552,
0.09111887168710028,
-0.8115213376423713
],
[
-0.7532797707201417,
-0.057131788614700016,
-0.6552141220650665
],
[
0.7760575890057871,
0.03136853644923327,
0.6298814439777997
],
[
0.6219643188016198,
-0.09517918759879865,
0.7772395437609113
],
[
-0.6456858515433576,
0.44083748082881685,
0.623499876995362
],
[
-0.14986793114383143,
-0.9824190767182835,
-0.11132098146649358
],
[
0.5554304196671321,
0.43242958045065844,
-0.7102828358194085
],
[
-0.8199396810169449,
0.4053915328442166,
0.4041740028651612
],
[
0.028839896122500562,
-0.9904958801177624,
-0.1344848387788864
],
[
0.5276419044993653,
0.6331522823385275,
-0.5663145839423495
],
[
-0.22501724151647293,
-0.5610721397937165,
0.7965960676325344
],
[
0.9349271737373346,
0.35403398307617384,
0.0238980885164352
]
]
}