{
"contact_id_pairs": [
[
36,
44
],
[
36,
46
],
[
37,
44
],
[
44,
46
],
[
33,
34
],
[
33,
46
],
[
34,
40
],
[
34,
46
],
[
40,
41
],
[
40,
45
],
[
22,
23
],
[
22,
35
],
[
22,
45
],
[
23,
25
],
[
23,
30
],
[
23,
35
],
[
25,
43
],
[
30,
42
],
[
42,
45
],
[
19,
27
],
[
19,
28
],
[
19,
30
],
[
20,
27
],
[
20,
28
],
[
20,
30
],
[
27,
29
],
[
28,
30
],
[
9,
10
],
[
9,
29
],
[
10,
12
],
[
10,
21
],
[
12,
16
],
[
16,
29
],
[
5,
14
],
[
5,
15
],
[
5,
16
],
[
8,
15
],
[
31,
39
],
[
31,
40
],
[
31,
43
],
[
32,
40
],
[
32,
44
],
[
39,
40
],
[
39,
43
],
[
17,
26
],
[
17,
27
],
[
18,
27
],
[
18,
42
],
[
26,
27
],
[
6,
13
],
[
7,
13
],
[
13,
14
],
[
2,
4
],
[
2,
9
],
[
4,
9
],
[
4,
15
],
[
9,
13
],
[
9,
15
],
[
8,
11
],
[
8,
12
],
[
12,
20
],
[
7,
10
],
[
7,
11
],
[
11,
17
],
[
21,
26
],
[
22,
26
],
[
22,
28
],
[
26,
28
],
[
19,
24
],
[
19,
25
],
[
25,
34
],
[
18,
23
],
[
18,
24
],
[
18,
31
],
[
24,
31
],
[
35,
36
],
[
35,
39
],
[
35,
41
],
[
33,
38
],
[
32,
38
],
[
37,
38
],
[
0,
5
],
[
3,
5
],
[
4,
5
],
[
0,
2
],
[
0,
6
],
[
3,
6
]
],
"nstatus": 0,
"opt_line_pos": [
[
-3.388988236376466,
0.4001084299476334,
-1.4303913555160692
],
[
3.2660254116306304,
0.3999999999999432,
-1.534052685424263
],
[
-2.587329147374006,
0.06441070391334053,
-1.4849188578823942
],
[
-3.4300736471659574,
0.40870227783723084,
-1.534052685424263
],
[
-3.466025395938266,
-0.4441343826473189,
-1.486763771024118
],
[
-3.2850741773499648,
-0.4084419857376468,
-1.1010399835320448
],
[
-3.2799829512556697,
0.4342000451548463,
-1.1010260936840612
],
[
-3.3473578698538997,
0.40037006628692423,
-1.1008795949817805
],
[
-2.8487567743728746,
-0.4591493959377858,
-0.3628663242805463
],
[
-2.5115400454337258,
-0.0318594688232725,
-1.4987140389469307
],
[
-2.1969732887211197,
-0.10000000000005685,
-0.8252729545694026
],
[
-2.8865400258947336,
0.4026934737292237,
-0.28032496215788055
],
[
-2.8856012147909094,
-0.5221320553894411,
-0.3436674017954346
],
[
-2.4035324175463666,
-0.03490897377851925,
-1.36194755268635
],
[
-3.349999992153846,
0.40599123043920615,
-0.9660786245178208
],
[
-3.3499983850199517,
-0.4006797412055395,
-0.950811149661369
],
[
-3.3373229039908496,
-0.46499012257444244,
-1.1006728140976352
],
[
-2.9039759253421127,
0.5733684697742208,
-0.366077289929383
],
[
-2.351567250374799,
0.5203194308910414,
0.3847264843580623
],
[
-1.5650112748816438,
-0.5131343523231502,
1.0409231653998203
],
[
-2.2120997616874583,
-0.4216301174716528,
0.3522466905336605
],
[
-2.198888428038358,
-0.007861071681685587,
-0.6798784954520783
],
[
-1.550975964322881,
0.0625652383600184,
-0.09153765325767992
],
[
-1.0639820131867603,
-0.09210585405796566,
0.38696723375359754
],
[
-1.6333681508526718,
0.47537017916649654,
1.1483355357930893
],
[
-1.5583689327894839,
-0.573380888514373,
1.0989621853589822
],
[
-1.6448666128344156,
0.05826065118536705,
-0.07476286579454162
],
[
-2.3751182814748177,
0.43487859891172637,
0.3851741642346062
],
[
-2.2230633677966374,
-0.49049788503138764,
0.39195469238554004
],
[
-2.0228263402522546,
-0.08497668551445488,
-0.8427454303446443
],
[
-2.2380214522958526,
-0.5020285067300758,
0.4642437192557247
],
[
-1.677462579155209,
0.4146115688071914,
1.072740373432079
],
[
-0.6323510937902115,
0.5117036411367577,
1.5678767593600065
],
[
0.5309343426802279,
-0.4076349996442828,
1.5883776356101535
],
[
-0.6579313247944945,
-0.46975755396344,
1.7115731508372893
],
[
-1.1649389683507103,
0.006366024172276124,
0.46771953478681016
],
[
-0.3530161775812085,
0.09291148519930324,
0.8439646340212913
],
[
0.3418007636932045,
0.02529887619749115,
0.7139038050352098
],
[
0.5137107877409014,
0.4532483076807871,
1.5488535991523624
],
[
-0.407225211694585,
0.0033948032799662577,
0.7836354860687142
],
[
-0.5827906746027598,
0.4000010797621625,
1.6171922488149917
],
[
-0.6338664885911173,
-0.4027445063410702,
1.746641128596288
],
[
-2.3047822527781165,
0.5567409814385873,
0.510758829042297
],
[
-1.1243597586012266,
-0.09835841638303203,
0.5256279113766169
],
[
-0.5118762614591558,
0.5938935113417808,
1.623588843417158
],
[
-1.0538912272000642,
-0.05160718728487719,
0.5114526262622971
],
[
-0.5118730706816114,
-0.44286175471533523,
1.6416148333357452
]
],
"opt_line_orient": [
[
-0.1428422177822336,
-0.97639944838388,
-0.16198832678532082
],
[
-0.2588190373676957,
-0.9659258262879438,
-6.329306652370289e-05
],
[
-0.82811289650759,
0.5581137418867083,
0.05232668301188662
],
[
-0.06859595583845896,
-0.9803349990682948,
-0.18503481954587517
],
[
0.9272902271054605,
0.37227643768680835,
-0.03928216717447526
],
[
-0.3742276214118442,
-0.1545963443445856,
-0.9143596981974457
],
[
-0.40128565534237437,
0.054663064783199475,
-0.9143203881380688
],
[
0.4488060200591849,
-0.17425027401881332,
0.8764758971945568
],
[
-0.6445801141584552,
0.02808406346788134,
-0.764020786242498
],
[
0.49909330325250506,
-0.18495679246596852,
0.8465795057578489
],
[
-0.8084789363956145,
0.40908425488189026,
0.42309795770287595
],
[
-0.10854535593535021,
-0.9717402366738006,
-0.2096158823515389
],
[
0.7408850810320627,
0.47445145513795717,
-0.47537891562582923
],
[
-0.8200249096081994,
0.42135504758338793,
0.3873229550363178
],
[
-0.009069987735236418,
-0.9674456693758319,
-0.25291621562966526
],
[
0.7102437000067536,
0.3310199254223662,
-0.621272641900549
],
[
0.9354462187720727,
0.3321614088621663,
0.12086840053435187
],
[
0.5387611106519707,
-0.17531983886025443,
0.8240142108914562
],
[
0.6591326166400794,
-0.16558726960622086,
0.73357007151707
],
[
-0.6204149957253305,
0.06491566371445637,
-0.7815824906455171
],
[
-0.6221043288220619,
-0.008867118405931993,
-0.7828841410272831
],
[
0.7569409884151125,
-0.010367691239131073,
0.6534009879358331
],
[
0.610604279803429,
-0.10807421309730078,
0.7845268497311835
],
[
-0.6992671330872383,
0.4127441236785442,
0.5836675123328223
],
[
-0.04268663933857188,
-0.9809822053211764,
-0.18934561960916907
],
[
0.4818324540984837,
0.4612181747350089,
-0.7450605891278503
],
[
-0.8191428591443352,
0.33667636211876584,
0.46438561939762685
],
[
0.1531599581339896,
-0.9773352488142044,
-0.14614321280740877
],
[
0.6025429563335677,
0.5907596992529467,
-0.5366050349292042
],
[
-0.17062307223631606,
-0.4951356581122557,
0.851896969877452
],
[
0.9301408346541692,
0.360192231649579,
-0.07141137142039532
],
[
0.8805289071446827,
-0.022566313465080107,
0.4734549663686998
],
[
0.998566211879346,
-0.023059395987501907,
-0.048309261530524956
],
[
-0.993169192671557,
-0.08562539032773188,
0.07926693673500303
],
[
-0.8397964428190214,
-0.15283323326360454,
-0.5209452345868142
],
[
0.8320993178788972,
0.11302209215841891,
0.5429887032615025
],
[
0.9707878496333611,
-0.18852734153006281,
-0.14841964997884152
],
[
0.13638444945501565,
0.4162944948731325,
0.8989428099079363
],
[
-0.19888600387423983,
-0.9797929802870354,
0.02121492972378397
],
[
-0.23461499611936218,
0.3650000992816509,
0.9009610042173284
],
[
-0.10693688228011812,
-0.9840864061043838,
0.14191000151069694
],
[
0.051505461391245705,
0.4435180055614325,
-0.8947843126640542
],
[
0.9190922132142809,
-0.37439752352469846,
-0.12286577223721783
],
[
0.2977536471181795,
0.37924025609080264,
0.8760819560908701
],
[
0.6076766643931433,
-0.4403080784950572,
-0.660952243028204
],
[
0.2718160827007676,
-0.41924139068559024,
0.8662289960058034
],
[
0.5991930104158201,
0.3732195204732545,
-0.7082901423897844
]
]
}