{
"contact_id_pairs": [
[
2,
38
],
[
2,
39
],
[
2,
70
],
[
3,
39
],
[
3,
70
],
[
39,
71
],
[
2,
52
],
[
11,
53
],
[
35,
37
],
[
37,
52
],
[
37,
53
],
[
37,
54
],
[
3,
12
],
[
3,
13
],
[
3,
43
],
[
4,
56
],
[
12,
55
],
[
13,
41
],
[
13,
56
],
[
41,
43
],
[
41,
55
],
[
4,
44
],
[
4,
69
],
[
5,
45
],
[
44,
45
],
[
44,
68
],
[
45,
68
],
[
45,
69
],
[
5,
6
],
[
5,
14
],
[
5,
49
],
[
6,
15
],
[
6,
58
],
[
14,
57
],
[
15,
49
],
[
15,
57
],
[
47,
49
],
[
6,
32
],
[
6,
33
],
[
6,
67
],
[
7,
33
],
[
32,
66
],
[
7,
31
],
[
7,
59
],
[
8,
17
],
[
16,
17
],
[
16,
29
],
[
17,
59
],
[
59,
60
],
[
8,
9
],
[
8,
27
],
[
8,
64
],
[
26,
27
],
[
26,
64
],
[
27,
65
],
[
9,
18
],
[
9,
25
],
[
10,
23
],
[
18,
23
],
[
18,
62
],
[
19,
25
],
[
19,
61
],
[
10,
63
],
[
20,
21
],
[
20,
63
],
[
20,
84
],
[
11,
39
],
[
11,
72
],
[
11,
73
],
[
12,
39
],
[
12,
40
],
[
13,
74
],
[
14,
45
],
[
14,
75
],
[
45,
74
],
[
46,
74
],
[
15,
33
],
[
15,
77
],
[
16,
76
],
[
33,
76
],
[
34,
76
],
[
17,
27
],
[
18,
78
],
[
18,
79
],
[
27,
28
],
[
27,
78
],
[
19,
21
],
[
21,
80
],
[
21,
83
],
[
22,
83
],
[
20,
22
],
[
20,
62
],
[
22,
51
],
[
50,
62
],
[
23,
24
],
[
23,
63
],
[
23,
64
],
[
24,
79
],
[
25,
79
],
[
25,
80
],
[
26,
60
],
[
28,
61
],
[
60,
61
],
[
29,
65
],
[
29,
66
],
[
30,
65
],
[
30,
66
],
[
30,
77
],
[
31,
77
],
[
31,
78
],
[
32,
59
],
[
34,
58
],
[
34,
59
],
[
58,
59
],
[
35,
82
],
[
36,
71
],
[
36,
82
],
[
36,
37
],
[
36,
81
],
[
37,
72
],
[
38,
54
],
[
38,
55
],
[
40,
55
],
[
41,
70
],
[
42,
69
],
[
42,
70
],
[
42,
73
],
[
42,
74
],
[
43,
73
],
[
44,
46
],
[
44,
56
],
[
46,
57
],
[
47,
68
],
[
48,
67
],
[
48,
68
],
[
48,
49
],
[
48,
76
],
[
49,
75
],
[
0,
50
],
[
0,
84
],
[
0,
51
],
[
0,
83
],
[
1,
52
],
[
52,
82
],
[
1,
81
],
[
53,
81
]
],
"nstatus": 0,
"opt_line_pos": [
[
-3.4028253067803287,
0.44703019752084394,
-1.4283817408916428
],
[
3.274493009980294,
0.4064132551660611,
-1.5338733826602147
],
[
2.755516031498417,
-0.4846606488941225,
-0.31505158699742736
],
[
1.628420196905589,
-0.09000672060474636,
-0.11744026954065043
],
[
1.5033845092505513,
-0.4637335744126907,
1.0936944436288891
],
[
0.29105746116951337,
-0.027019550409570388,
0.7545382168722189
],
[
-0.6138645874182773,
-0.5163231027043954,
1.6818429524826402
],
[
-1.0347266090832554,
-0.08535270797341692,
0.3454405057301142
],
[
-2.373333786535247,
-0.5287492240406463,
0.41748410010739756
],
[
-2.185484784558257,
0.09744505982425881,
-0.685569948951986
],
[
-3.2373916707074732,
-0.4345090161078805,
-0.9633693288120058
],
[
2.8844673951025257,
0.5108737129515366,
-0.3560023917326023
],
[
1.5745414759585108,
0.007630570875801986,
-0.14438981671992632
],
[
1.60996656343639,
0.4868481142790569,
1.0448991201241544
],
[
0.2913256594982737,
0.0755836784635394,
0.7223892299723728
],
[
-0.6104860946966195,
0.5693668183611552,
1.5604953270821662
],
[
-1.134000034810914,
-0.03186031206849805,
0.4201034915313773
],
[
-2.294640764993185,
0.5801585870045516,
0.3794455932208844
],
[
-2.146812464757572,
-0.050168320961545956,
-0.6609496849477218
],
[
-3.343196171750559,
0.4244960255034088,
-0.9424467744264485
],
[
-3.283203952370905,
-0.49483424270761167,
-1.1010401725432537
],
[
-3.2605993258356865,
0.41266213945541386,
-0.9632277647587454
],
[
-2.5890005054874177,
-0.05635736484931248,
-1.3699554054361007
],
[
-2.902412180828158,
-0.5894783326203783,
-0.3576089964866976
],
[
-2.882595646711318,
0.4165864804734959,
-0.3425531836763415
],
[
-2.082548884393194,
0.07204874865569819,
-0.7129320264787453
],
[
-2.359047754774431,
-0.6000000000000568,
0.3964535140882329
],
[
-2.3316109930046114,
0.4472049635957265,
0.3599347628791849
],
[
-1.692375968128857,
-0.0676233074137215,
-0.1597486890619438
],
[
-1.6504145589946686,
-0.5269041372964607,
1.2275366198389865
],
[
-1.6648354073219045,
0.4036791287095596,
1.035931636871781
],
[
-0.9844528645472492,
-0.10000000000005685,
0.5379873236958937
],
[
-0.6871430324472434,
-0.4776106456791802,
1.6308359240004255
],
[
-0.5221523714945916,
0.4000047905439022,
1.548711485968572
],
[
-0.4642688577676226,
-0.09238031589843185,
0.7278076635680963
],
[
3.253349409250932,
-0.43339823932618626,
-1.0653002327449457
],
[
3.1704422436967015,
0.43805398411000296,
-1.0807984229541712
],
[
2.4253603464958133,
-0.04143731400816642,
-1.4289041538885894
],
[
2.7702026686770727,
-0.44379952520549976,
-0.3453069624408124
],
[
2.853080196638236,
0.4626633141648884,
-0.3274861792798965
],
[
2.167902842202465,
-0.0061322098889557445,
-0.8072725227518956
],
[
2.3603505112762755,
-0.5185261943676618,
0.39296821120950676
],
[
2.217346854409843,
0.40641345900519954,
0.4151081791607919
],
[
1.5358898359740165,
-0.020459834327004905,
-0.04333676590094183
],
[
1.526906536095813,
-0.5132434519672144,
1.0301632082273509
],
[
1.52328390947306,
0.4126784471321239,
1.089781020650146
],
[
0.9783661498348352,
-0.06788599004938425,
0.4382615585394303
],
[
0.6824899139972184,
-0.5567688636872529,
1.6961452089626128
],
[
0.5859415632412681,
0.3999999999999432,
1.7328030750479377
],
[
0.388997243853737,
-5.684341886080802e-14,
0.8102619724595539
],
[
-3.4658620949806327,
-0.530682199249642,
-1.4893841276320563
],
[
-2.599999992153846,
-0.00080842057340551,
-1.3368855344731716
],
[
3.3660254116306305,
-0.5000000000000568,
-1.434052685424263
],
[
2.4292153406997112,
0.014102066803199522,
-1.5154719007710629
],
[
2.038788798113119,
0.09253100549938136,
-0.7113884547202834
],
[
1.653743760499909,
0.056174269750555554,
-0.17847819535318932
],
[
1.15596315470049,
-0.10000000000005685,
0.4031432539796479
],
[
0.28926247938344285,
0.09657950627044991,
0.810682109622337
],
[
-0.35070267874785505,
-0.04804622941314944,
0.7525745745469933
],
[
-1.0164138486525542,
-0.035340742032115145,
0.34609124388702217
],
[
-1.5861961924668477,
-0.03396921502428187,
-0.15057077083925607
],
[
-2.1857716941717946,
0.026170439921150413,
-0.7168895191031761
],
[
-2.4570105715825297,
-0.07705337952557077,
-1.5319752739031332
],
[
-2.809098711884096,
-0.5237902329157196,
-0.3034002016694085
],
[
-2.332453568234509,
-0.5334208363437878,
0.3555546143192343
],
[
-1.6801733822755243,
-0.48422225398651375,
1.056084434099204
],
[
-0.7009611516754166,
-0.4235081506112631,
1.5792649000136367
],
[
0.518490827251715,
-0.4647442622168299,
1.7326908776526468
],
[
1.499091221917798,
-0.5451283395503231,
1.034459202007941
],
[
2.18706539621211,
-0.5999937326685758,
0.4130989731939747
],
[
2.748533577696075,
-0.5306015935532931,
-0.2888791523060404
],
[
3.2873008655537124,
-0.6000000000000568,
-1.0979355720449417
],
[
2.738655025113258,
0.5222584213177464,
-0.3644511658021905
],
[
2.2101326448669547,
0.4198671644253841,
0.3613398249785765
],
[
1.4990866764057613,
0.4241851868725073,
1.0632037868236914
],
[
0.5059907781691341,
0.4995952925794485,
1.645750965963568
],
[
-0.5963767662226139,
0.44476186071016494,
1.5748648240637582
],
[
-1.6989111194516424,
0.5264806468048157,
1.0599499405903283
],
[
-2.361726813331746,
0.44445195445111535,
0.38162949013227393
],
[
-2.9136228751681075,
0.5644838748878919,
-0.34597671668573404
],
[
-3.326401161606334,
0.4427280469972062,
-1.1010399835320448
],
[
3.207483885910793,
0.5145604657240594,
-1.0949533726723912
],
[
3.1823815924422036,
-0.44230679416522195,
-1.0872778868983584
],
[
-3.337184767388503,
0.517600077870803,
-1.0767338768381085
],
[
-3.3176160453284202,
-0.5537091609414894,
-1.0607817563132635
]
],