{
"contact_id_pairs": [
[
9,
10
],
[
10,
12
],
[
12,
16
],
[
5,
14
],
[
5,
15
],
[
5,
16
],
[
8,
15
],
[
6,
13
],
[
7,
13
],
[
13,
14
],
[
2,
4
],
[
2,
9
],
[
4,
9
],
[
9,
13
],
[
9,
15
],
[
8,
11
],
[
8,
12
],
[
7,
10
],
[
7,
11
],
[
0,
5
],
[
3,
5
],
[
4,
5
],
[
0,
2
],
[
0,
6
],
[
3,
6
]
],
"nstatus": 0,
"opt_line_pos": [
[
-3.465725212460027,
0.40069544089233444,
-1.4727109944416843
],
[
3.2660254116306304,
0.3999999999999432,
-1.534052685424263
],
[
-2.5707114782569462,
0.05883575266740198,
-1.5029034995356878
],
[
-3.4172827731686586,
0.400700261903572,
-1.5339780888520498
],
[
-3.315374323965765,
-0.4405194315104801,
-1.4534040512054773
],
[
-3.255785372776942,
-0.45654552086496597,
-1.081892833084706
],
[
-3.2759318132139694,
0.41785725282922986,
-1.0755388058505415
],
[
-3.222415249844591,
0.40107317414592264,
-1.1009188585824878
],
[
-2.8752770799964376,
-0.5990591875214237,
-0.22733119784142913
],
[
-2.442957285147221,
-0.025355047955984488,
-1.3896864242784464
],
[
-2.198861379775864,
-0.09577396904028165,
-0.853483595375648
],
[
-2.9015937506799916,
0.40289016324970367,
-0.3406003417392467
],
[
-2.753518833764501,
-0.49739759603183525,
-0.33869465871651744
],
[
-2.5429495240227413,
-0.009875760178023964,
-1.3363256284409135
],
[
-3.3223134453153658,
0.40565214502750496,
-0.9154754441700317
],
[
-3.3425603822754204,
-0.46699403113683197,
-1.031352117797848
],
[
-3.199179536568352,
-0.47516762315540256,
-1.1010194537005342
]
],
"opt_line_orient": [
[
0.1275696264000663,
-0.9875014542424151,
0.09255737836209099
],
[
-0.19848161799016983,
-0.9659261035810351,
-0.16610782564576443
],
[
-0.8882610649993505,
0.4562212653160117,
0.053426935900135475
],
[
-0.08649447757057396,
-0.996071413428528,
0.018985381225778416
],
[
0.9065218899254668,
0.42153224810025264,
-0.02299188764557645
],
[
-0.4092568127823947,
0.017890904783223707,
-0.9122438142937631
],
[
-0.3607164088066522,
0.024800915935946303,
-0.9323457443386387
],
[
0.3377028035877487,
-0.14924672200697156,
0.9293450556274286
],
[
-0.6384423635316878,
0.09439919774588974,
-0.7638587172461964
],
[
0.5028500559042794,
-0.09453261734535064,
0.8591888066862257
],
[
-0.8463358344784091,
0.3793507433496889,
0.37390997418867183
],
[
-0.07081227653164704,
-0.9957570309285603,
-0.05876697072968754
],
[
0.6905938658762927,
0.35668184325675645,
-0.6291726115343863
],
[
-0.8056478857500867,
0.4426674812700533,
0.39367116380609113
],
[
0.0949959142160016,
-0.9942942752092999,
-0.048524947895687995
],
[
0.8080593710311902,
0.452332504416263,
-0.37740609207747144
],
[
0.9606714175557137,
0.27767910098815723,
0.0021781565381085092
]
]
}