{
"contact_id_pairs": [
[
51,
65
],
[
51,
74
],
[
51,
75
],
[
52,
65
],
[
52,
66
],
[
56,
67
],
[
57,
69
],
[
57,
72
],
[
57,
75
],
[
59,
72
],
[
67,
69
],
[
67,
72
],
[
54,
61
],
[
54,
63
],
[
54,
74
],
[
55,
63
],
[
55,
70
],
[
61,
63
],
[
63,
76
],
[
70,
71
],
[
70,
73
],
[
74,
76
],
[
53,
73
],
[
53,
83
],
[
60,
73
],
[
60,
79
],
[
83,
85
],
[
36,
44
],
[
36,
46
],
[
36,
81
],
[
37,
44
],
[
37,
80
],
[
37,
85
],
[
44,
46
],
[
46,
81
],
[
80,
84
],
[
33,
34
],
[
33,
46
],
[
34,
40
],
[
34,
46
],
[
40,
41
],
[
40,
45
],
[
22,
23
],
[
22,
35
],
[
22,
45
],
[
23,
25
],
[
23,
30
],
[
23,
35
],
[
25,
43
],
[
30,
42
],
[
42,
45
],
[
19,
27
],
[
19,
28
],
[
19,
30
],
[
20,
27
],
[
20,
28
],
[
20,
30
],
[
27,
29
],
[
28,
30
],
[
9,
10
],
[
9,
29
],
[
10,
12
],
[
10,
21
],
[
12,
16
],
[
16,
29
],
[
5,
14
],
[
5,
15
],
[
5,
16
],
[
8,
15
],
[
49,
64
],
[
50,
65
],
[
50,
71
],
[
64,
65
],
[
64,
72
],
[
70,
78
],
[
70,
83
],
[
77,
83
],
[
77,
84
],
[
78,
82
],
[
82,
84
],
[
31,
39
],
[
31,
40
],
[
31,
43
],
[
32,
40
],
[
32,
44
],
[
39,
40
],
[
39,
43
],
[
17,
26
],
[
17,
27
],
[
18,
27
],
[
18,
42
],
[
26,
27
],
[
6,
13
],
[
7,
13
],
[
13,
14
],
[
2,
4
],
[
2,
9
],
[
4,
9
],
[
4,
15
],
[
9,
13
],
[
9,
15
],
[
8,
11
],
[
8,
12
],
[
12,
20
],
[
7,
10
],
[
7,
11
],
[
11,
17
],
[
21,
26
],
[
22,
26
],
[
22,
28
],
[
26,
28
],
[
19,
24
],
[
19,
25
],
[
24,
25
],
[
25,
34
],
[
18,
23
],
[
18,
24
],
[
18,
31
],
[
24,
31
],
[
35,
36
],
[
35,
39
],
[
35,
41
],
[
47,
51
],
[
47,
68
],
[
47,
69
],
[
48,
67
],
[
48,
68
],
[
50,
67
],
[
50,
68
],
[
55,
64
],
[
55,
66
],
[
56,
66
],
[
64,
76
],
[
66,
76
],
[
52,
63
],
[
53,
62
],
[
53,
63
],
[
62,
63
],
[
49,
62
],
[
61,
62
],
[
61,
78
],
[
54,
60
],
[
54,
82
],
[
80,
82
],
[
33,
38
],
[
33,
81
],
[
38,
79
],
[
32,
38
],
[
37,
38
],
[
38,
77
],
[
0,
5
],
[
3,
5
],
[
4,
5
],
[
0,
2
],
[
0,
6
],
[
3,
6
],
[
1,
59
],
[
47,
58
],
[
47,
59
],
[
58,
59
],
[
1,
57
],
[
48,
57
],
[
48,
58
]
],
"nstatus": 0,
"opt_line_pos": [
[
-3.4393480892790302,
0.3999999999999432,
-1.534052685424263
],
[
3.355754188111469,
0.4000350952147868,
-1.443104729957136
],
[
-2.5999984662749394,
-0.04238724691001967,
-1.528870433036147
],
[
-3.382600158377071,
0.3999999999999432,
-1.434988859307704
],
[
-3.374429354643649,
-0.539622732467076,
-1.534052685424263
],
[
-3.3017369961821146,
-0.5601083217426693,
-1.1010399835320448
],
[
-3.1755430332723957,
0.43116059686158004,
-1.1010399835320448
],
[
-3.349999992153846,
0.5157009979276058,
-1.0864570070247166
],
[
-2.8326788784530357,
-0.5993969349067723,
-0.36618897220190016
],
[
-2.4177491206800448,
-0.055785555914787795,
-1.534052685424263
],
[
-2.1989875957761797,
-0.09536813974796912,
-0.8156844696704484
],
[
-2.8887184158248798,
0.4090385322622585,
-0.3521599277434349
],
[
-2.909846245833934,
-0.5892641176614833,
-0.3648587404246456
],
[
-2.596899347171886,
0.07673313264389366,
-1.534052685424263
],
[
-3.241011356265748,
0.3999999999999432,
-1.096348610188924
],
[
-3.2974967767537677,
-0.5252024138708447,
-1.0613300410901005
],
[
-3.2427951703088556,
-0.5851149108042487,
-1.0350715303508518
],
[
-2.840677529164196,
0.4001810971826433,
-0.3439635731330297
],
[
-2.280494314910284,
0.596843871127576,
0.45423684252400987
],
[
-1.6990866797685045,
-0.40941272684095287,
1.130291528141185
],
[
-2.284935758228764,
-0.5818361891400399,
0.3522423683689898
],
[
-2.1989860698972734,
-0.0288965593824497,
-0.7702403796355154
],
[
-1.7353157401910608,
-0.01266310276668742,
-0.04416857219174944
],
[
-1.1732986780796564,
-0.07441133264781549,
0.3991275656011178
],
[
-1.582591544936364,
0.40000152587884946,
1.0957370954205552
],
[
-1.6990874793136348,
-0.4399829844557125,
1.075068239252428
],
[
-1.6761967363027075,
-0.0048733230527150725,
-0.14130100197916934
],
[
-2.3197184544582936,
0.3999999999999432,
0.43310956110127785
],
[
-2.207947322306918,
-0.5533086043858977,
0.46156072248523883
],
[
-2.013471464924347,
-0.10000000000005685,
-0.8324736651349899
],
[
-2.245651678495933,
-0.5328179407816557,
0.35711462422721124
],
[
-1.6990866797685045,
0.3999999999999432,
1.0772818257955092
],
[
-0.6537784655934104,
0.5929711048722036,
1.5912444647300634
],
[
0.5878248983636656,
-0.4502748333928901,
1.6126073183735823
],
[
-0.6999000675831223,
-0.5950467764824042,
1.5642778006348195
],
[
-1.1687296987086497,
-0.013978685296266603,
0.44661531933849374
],
[
-0.48899724721647997,
0.01093793571961072,
0.7102619724595539
],
[
0.34039710792658734,
-0.04261874730009231,
0.7102619724595539
],
[
0.5060763717693818,
0.45515326118573546,
1.5658085202238763
],
[
-0.3624306605863387,
-0.042599114889951786,
0.8102561698487607
],
[
-0.6616690427686381,
0.3999999999999432,
1.5580148174679744
],
[
-0.6973078118176508,
-0.4228760967859434,
1.5504478286625096
],
[
-2.251186373850491,
0.5366771486677645,
0.40570794492937495
],
[
-1.036490900872526,
0.024542602790492425,
0.33800983813524355
],
[
-0.5215377299625263,
0.5450698860473283,
1.6045262353378318
],
[
-1.0931882114395526,
-0.03201177326293399,
0.33800983813524355
],
[
-0.5239714256505211,
-0.5932062121171895,
1.6607913379498533
],
[
3.251006225377652,
-0.48233543863612965,
-0.9914876800903307
],
[
3.2098532301447102,
0.49745199426875686,
-1.0278065033194586
],
[
2.28694363228567,
0.49999999999994316,
0.4522423683689898
],
[
2.7139676521200715,
0.4194885905631485,
-0.22079266654478233
],
[
3.3456772341399676,
-0.43187360537952935,
-0.9240108971758793
],
[
2.8136228718053644,
-0.5000000000000568,
-0.2661889722019002
],
[
2.186992045524899,
-0.5718320072079536,
0.45340430819383226
],
[
1.0917862201580941,
-0.09805616354452501,
0.33835601741943483
],
[
1.5353157368283177,
0.06877270468072484,
-0.2181794806706702
],
[
2.0305101045486005,
-0.055378363619920275,
-0.8542725714210158
],
[
2.4344337333687336,
-0.10000000000005685,
-1.4226904163447989
],
[
3.3140209356806802,
0.3999999999999432,
-1.343506796453067
],
[
3.2816008427068057,
-0.5096413963966709,
-1.48479184874763
],
[
1.5422426359001453,
-0.5307358450824768,
1.049264977521998
],
[
1.6561556776487094,
-0.10000078527632833,
-0.06780899788726508
],
[
2.2296980513699545,
0.3999999999999432,
0.46396369960795447
],
[
2.3368564883875798,
-0.5306947460155729,
0.3522635753142769
],
[
1.9989875924134366,
0.046366352712834735,
-0.8351729249769757
],
[
2.7136228718053643,
0.425235030672367,
-0.29619453662075623
],
[
2.7712106023935394,
-0.5070706867133443,
-0.3226307076781468
],
[
2.400000007846154,
-0.029490816264043155,
-1.4038777766359305
],
[
3.1613345153072356,
0.4096084594725995,
-0.966902502697512
],
[
3.31098620226736,
-0.5817877209846107,
-1.0776510898653966
],
[
1.5410296053412533,
0.4725114596658938,
1.0609680661906622
],
[
1.5562267610335425,
0.06445231525517718,
-0.02215295101263728
],
[
2.7889707338451872,
0.5300097322309926,
-0.36618897220190016
],
[
1.5813065120331073,
-0.5909583412365755,
1.0507106285130134
],
[
1.6122023325496455,
-0.037899974028646845,
-0.13626273313071402
],
[
2.776594752232678,
-0.42243722256863564,
-0.1944329769526855
],
[
1.6345194321858407,
-0.005194425058353168,
-0.14607332100792533
],
[
0.6176999338486032,
0.5169333498635895,
1.548703783216777
],
[
1.6840361201296947,
0.46216541381388804,
1.1443191777444006
],
[
1.4990866764057613,
-0.542543265650954,
1.1399869552805237
],
[
0.4660549605489695,
-0.002636323584471519,
0.8458966966130721
],
[
0.5585029770824596,
-0.44273836380364934,
1.6800126075671018
],
[
1.1153055605596407,
-0.10000188949164267,
0.41788389394157827
],
[
1.5001905035712413,
0.4298141479491622,
1.1068295746027277
],
[
0.30942418477170586,
-0.05835373234130178,
0.8850453629346872
],
[
0.4048372693057385,
-0.006685458722502019,
0.7774224754973265
]
],