{
"contact_id_pairs": [
[
28,
29
],
[
28,
33
],
[
31,
32
],
[
31,
33
],
[
32,
33
],
[
19,
22
],
[
19,
25
],
[
19,
33
],
[
22,
23
],
[
27,
33
],
[
6,
10
],
[
6,
16
],
[
10,
20
],
[
10,
24
],
[
10,
25
],
[
12,
16
],
[
12,
17
],
[
12,
20
],
[
12,
24
],
[
16,
20
],
[
2,
5
],
[
2,
14
],
[
2,
15
],
[
2,
17
],
[
5,
14
],
[
5,
15
],
[
18,
21
],
[
18,
22
],
[
18,
24
],
[
21,
26
],
[
26,
32
],
[
3,
13
],
[
4,
16
],
[
13,
16
],
[
14,
16
],
[
6,
7
],
[
6,
9
],
[
7,
9
],
[
7,
13
],
[
7,
15
],
[
5,
11
],
[
5,
12
],
[
11,
19
],
[
4,
10
],
[
4,
11
],
[
10,
18
],
[
11,
18
],
[
20,
21
],
[
20,
23
],
[
23,
28
],
[
27,
30
],
[
27,
31
],
[
26,
29
],
[
26,
30
],
[
0,
9
],
[
2,
9
],
[
8,
9
],
[
0,
3
],
[
0,
7
],
[
3,
8
],
[
7,
8
]
],
"nstatus": 0,
"opt_line_pos": [
[
-3.419084383693188,
0.3999999999999432,
-1.4703015643104647
],
[
3.2660254116306304,
0.3999999999999432,
-1.534052685424263
],
[
-3.297991269032908,
-0.4680473944243052,
-1.0983144799991866
],
[
-3.3495872179133546,
0.5090950031216587,
-1.0971618024063245
],
[
-3.2269290201881784,
0.5730536847114595,
-1.100993656508247
],
[
-2.8892990963218166,
-0.51404378772446,
-0.36618897220190016
],
[
-2.5986214497311435,
-0.06351665883291904,
-1.4426980706945318
],
[
-2.57515391818865,
-0.06636548373259957,
-1.5340382805607307
],
[
-3.4660033984433416,
0.5173794883579825,
-1.3867857551155816
],
[
-3.466025395938266,
-0.5601332081624729,
-1.4259143101161968
],
[
-2.189252507504136,
0.06252903798082525,
-0.7209751833858474
],
[
-2.8287412424202283,
0.4061599043205794,
-0.2170740860437564
],
[
-2.9136163045843864,
-0.5097085718424382,
-0.2873619693510205
],
[
-2.528858995255068,
-0.031047530810096532,
-1.4951853488095255
],
[
-3.2714121895080126,
0.45452860818802615,
-1.0311358177443353
],
[
-3.320870742760155,
-0.5295404923175463,
-1.0348459585140184
],
[
-3.3472415217250275,
0.5967672916648419,
-1.0763260697514634
],
[
-3.3441489685349213,
-0.42812884696440395,
-0.9542223565430057
],
[
-2.857743289227947,
0.4494102415046092,
-0.18588802694211942
],
[
-2.242901129480778,
-0.5408874104344852,
0.3522424955485622
],
[
-2.137906609653703,
-0.022016753927417913,
-0.8553541049452386
],
[
-1.7104395209077041,
-0.02221105869098063,
-0.056986470580346775
],
[
-2.216465804738455,
0.4203042294141374,
0.4088138449890388
],
[
-2.386943635648413,
-0.5308419827810883,
0.3522423683689898
],
[
-2.128719449513495,
0.07432651978739027,
-0.755317535368384
],
[
-2.1989789904661925,
0.03587581258891145,
-0.746515914353843
],
[
-2.362312243434418,
0.48187730796923456,
0.5328017426706086
],
[
-1.6237136208800822,
-0.54055961646123,
1.032547726134016
],
[
-1.6651750657982693,
0.050208348639094,
-0.19355227708322678
],
[
-1.1287489678676457,
0.058473688640724567,
0.3599296741402541
],
[
-1.6728876255127054,
0.41425713405018305,
1.0392919592561813
],
[
-1.5650629378255618,
-0.4910770276335429,
1.0421000782511807
],
[
-2.3837485472374276,
0.445590324844184,
0.5196078754391964
],
[
-2.2919349350311173,
-0.5295160570497565,
0.48559478266355666
]
],
"opt_line_orient": [
[
-0.019486400541537843,
-0.9965791005063852,
0.08031423676920027
],
[
-0.25881903966207576,
-0.9659258262879438,
-5.3088171904589126e-05
],
[
-0.08443542341729438,
-0.17023130114343074,
-0.9817799974451287
],
[
-0.263644692350488,
0.01909145639735348,
-0.9644309163895799
],
[
0.37038220769866836,
-0.1882831195140776,
0.9095968816603915
],
[
-0.46565555456858426,
0.09120386634151009,
-0.8802538038905509
],
[
0.3360880965967367,
0.16657059670140328,
0.9269838335378461
],
[
-0.869628826616229,
0.4828013382105218,
0.10319191702943796
],
[
-0.09237728137148772,
-0.9943785527509668,
-0.051746803913921835
],
[
0.8757500803522636,
0.46167796868150274,
-0.14112140162684436
],
[
-0.8326220833117065,
0.3591278687352658,
0.4216249995900853
],
[
-0.062486908949607435,
-0.9695880831535884,
-0.23663122198153405
],
[
0.6810430852156061,
0.47795318148569366,
-0.5547441503862051
],
[
-0.7518502219910626,
0.5369875662896291,
0.3825775703597
],
[
-0.0703502596786102,
-0.9913176788432105,
-0.11108600531147719
],
[
0.6868505964618853,
0.5507407631405837,
-0.4742582312994471
],
[
0.8658468027433265,
-0.46047189212280504,
0.19563984958081215
],
[
0.9219246969220926,
0.3867628776748118,
0.02166401758230356
],
[
0.7595900917728192,
-0.013742411969180112,
0.6502569019963029
],
[
-0.5825199932497759,
-0.15027583408629563,
-0.7988038752747443
],
[
0.4876627890948533,
0.03526699546159805,
0.872319461644265
],
[
-0.740398276720708,
0.5201557081040395,
0.42573281663009155
],
[
-0.043463095555365656,
-0.9888495757810611,
-0.14243411038919246
],
[
0.6211290760687571,
0.5766158014949183,
-0.5307663217729108
],
[
-0.12498593343879542,
0.35045163723371087,
0.9282037310863626
],
[
-0.14517880485739554,
-0.5043074767183673,
0.851232684726175
],
[
0.7759190517941815,
-0.10527151530327272,
0.6219867628242352
],
[
-0.7966999215234767,
0.0392828974139027,
-0.6030970809208539
],
[
0.7712775295630419,
-0.08786212781936796,
0.6304055987110078
],
[
-0.6284673373535686,
0.3849728067120939,
0.6758881149805258
],
[
0.005477608470927837,
-0.9999704886910217,
0.005386794267339995
],
[
0.5988568359277887,
0.39951822664645315,
-0.6940862170075351
],
[
0.913256036328608,
-0.3955419551300464,
-0.09751909475205613
],
[
0.934090746188637,
0.3398905143622345,
-0.10931109793305978
]
]
}