{
"contact_id_pairs": [
[
22,
30
],
[
22,
38
],
[
23,
30
],
[
30,
31
],
[
30,
37
],
[
30,
38
],
[
25,
34
],
[
26,
34
],
[
28,
32
],
[
28,
38
],
[
32,
34
],
[
36,
38
],
[
24,
35
],
[
35,
37
],
[
6,
10
],
[
6,
16
],
[
12,
16
],
[
12,
17
],
[
2,
5
],
[
2,
14
],
[
2,
15
],
[
2,
17
],
[
5,
14
],
[
5,
17
],
[
20,
29
],
[
20,
30
],
[
21,
35
],
[
21,
36
],
[
29,
30
],
[
29,
35
],
[
3,
13
],
[
4,
16
],
[
13,
16
],
[
14,
16
],
[
6,
7
],
[
6,
9
],
[
7,
9
],
[
7,
13
],
[
7,
15
],
[
9,
13
],
[
5,
11
],
[
5,
12
],
[
4,
10
],
[
4,
11
],
[
18,
22
],
[
18,
34
],
[
22,
34
],
[
33,
34
],
[
19,
33
],
[
21,
32
],
[
32,
33
],
[
24,
29
],
[
25,
29
],
[
25,
31
],
[
0,
9
],
[
2,
9
],
[
8,
9
],
[
0,
3
],
[
0,
7
],
[
3,
8
],
[
1,
18
],
[
1,
28
],
[
18,
27
],
[
18,
28
],
[
1,
19
],
[
1,
26
],
[
19,
27
]
],
"nstatus": 0,
"opt_line_pos": [
[
-3.356586064627275,
0.41277511303658737,
-1.4207853745161865
],
[
3.332197787662216,
0.4254393078361276,
-1.4078678493385048
],
[
-3.18426990424586,
-0.4672295709867542,
-1.0611886864535944
],
[
-3.2096601106910208,
0.46673198425646,
-1.0924298621231296
],
[
-3.2715637627862715,
0.49345258429232797,
-0.9942189350500327
],
[
-2.8041732226886853,
-0.4762363993336082,
-0.29116559565850847
],
[
-2.566923616706185,
-0.07500239688061373,
-1.5340452301834684
],
[
-2.5747970233619313,
-0.019521393061604782,
-1.5029854004572403
],
[
-3.4014634978603535,
0.4000405413416426,
-1.5295144632974504
],
[
-3.4153153275995622,
-0.5998315754822262,
-1.4937580066356573
],
[
-2.123788434757281,
-0.06837540740703915,
-0.70030336003284
],
[
-2.8819895661897763,
0.5072761769612824,
-0.36491915828918514
],
[
-2.7626683147455706,
-0.4116752311232766,
-0.3417567359808767
],
[
-2.5488936604521215,
0.03776172761528308,
-1.4484160288738797
],
[
-3.349999992153846,
0.49045757947737534,
-0.951681457344125
],
[
-3.295540715110716,
-0.5999937504034035,
-1.0464353834892874
],
[
-3.338934889115577,
0.584855411510427,
-0.964599159444691
],
[
-3.218904584196827,
-0.5295271331026268,
-0.9550925282898131
],
[
3.2490229869985803,
-0.5019076092115201,
-1.0632529019886965
],
[
3.2044395700200194,
0.47267318894475363,
-1.0631126122194423
],
[
2.381280213819015,
0.40264734209542113,
0.39935291145803375
],
[
2.8599799808919872,
0.4479223139805713,
-0.3657040108866803
],
[
3.3289917545958545,
-0.5371007025168139,
-1.0383335676063599
],
[
2.881173962112918,
-0.46379595068037993,
-0.3409859150528173
],
[
1.729542333438016,
-0.04327545471761047,
-0.02287480401136049
],
[
2.179725009753145,
-0.07132047305642457,
-0.6818832807685197
],
[
2.496599514187723,
-0.08438935712794814,
-1.5339988318222488
],
[
3.3741121560962974,
0.4000699249436117,
-1.534052685424263
],
[
3.266233225847064,
-0.5112809573421839,
-1.379808959000783
],
[
2.1868502237489236,
-0.03415526619648597,
-0.697627890204284
],
[
2.889608736229139,
0.4002281627280305,
-0.21200721028999364
],
[
2.8041677037742816,
-0.5278911746712618,
-0.28673321891195336
],
[
2.588474295196993,
-0.06324412984529615,
-1.4378544327239244
],
[
3.174104098044866,
0.4066391224928196,
-1.084940977177614
],
[
3.32643601027604,
-0.5128683786666873,
-0.9912874386660474
],
[
1.6607873085610727,
-0.0665363382830678,
-0.11141972605910103
],
[
2.7137897108110374,
0.4192954790206488,
-0.3375518561532346
],
[
1.6360912244244976,
-0.08679908583197621,
-0.07192843546049427
],
[
2.7136249658283895,
-0.5549986761274638,
-0.2688631368259554
]
],
"opt_line_orient": [
[
-0.14916914835402698,
-0.988391107348548,
-0.02883719982323645
],
[
-0.0897285251109807,
-0.9959095340890711,
-0.01062975502529237
],
[
-0.195045287370345,
-0.020771539612768487,
-0.9805742598175495
],
[
-0.2557976058115331,
0.23502413855056103,
-0.9377266334916878
],
[
0.567103145264939,
0.013807150133044161,
0.8235310469167614
],
[
-0.42203660865291986,
0.04774957253759866,
-0.9053204290632234
],
[
0.34235164839945,
0.14239552757799184,
0.9287189362578783
],
[
-0.8958064752927708,
0.44150983045835335,
0.05098851274726807
],
[
-0.16702127818175783,
-0.9832692021657707,
0.07270191680293271
],
[
0.8677606663440774,
0.4947530703165895,
-0.047019414696385216
],
[
-0.7223967476045844,
0.5607578884738302,
0.4045905702864191
],
[
-0.02419671558033993,
-0.997901833908282,
-0.06005371626811921
],
[
0.7602437544761871,
0.3818891893276262,
-0.525537896687422
],
[
-0.746751145584051,
0.5359171305748105,
0.39389790012815395
],
[
0.11034533426950335,
-0.9713960934455268,
-0.21027015205140528
],
[
0.6659208366995514,
0.5728036426201012,
-0.4779596491865319
],
[
0.8879461594050575,
-0.4547573536761126,
0.06890114132078769
],
[
0.9126861616396051,
0.40818285504412416,
0.019766820674855398
],
[
0.10707353434531025,
0.0711529120528396,
-0.9917018308691402
],
[
0.2762509015121021,
0.1865994110501426,
-0.9427969554519631
],
[
0.5931285367575653,
-0.06917330726105923,
-0.8021306579643973
],
[
0.5875879486257222,
0.1099633371194009,
-0.8016535829891741
],
[
-0.5872900121668289,
-0.07415395685321319,
0.8059724761380488
],
[
-0.7318122571279047,
0.01952249048494322,
0.681226608906777
],
[
0.7008178579229998,
0.05699375213251123,
-0.7110598021503368
],
[
0.5960076440310008,
-0.1002596637994682,
-0.796694978063395
],
[
0.8948799532343505,
0.4358177528754161,
0.09619124480902329
],
[
-0.04883756237857774,
-0.9976007570437405,
0.049067525377527677
],
[
-0.905162868662736,
0.41514646052506554,
-0.09128853984897045
],
[
0.7066615027482881,
0.46519854373640496,
0.5331227208055003
],
[
-0.14819434237664622,
-0.9860590444700871,
-0.07567032249364668
],
[
-0.6806209433512199,
0.48291091448280976,
-0.5509556970801481
],
[
0.7395059700356497,
0.5447572428277985,
0.3954370577832686
],
[
-0.0009286961074193651,
-0.9991177618650033,
0.041986134013583795
],
[
-0.7342098523733693,
0.47141729502653057,
-0.4885710046940409
],
[
0.9174649396324493,
0.3736743578215317,
-0.13647548809911686
],
[
-0.35102879012082644,
-0.3985665649216417,
-0.847303653853134
],
[
0.8254178988439325,
-0.5261616114634137,
-0.2045464516687873
],
[
-0.3174584965494686,
0.3341105398579563,
-0.8874628161925299
]
]
}