{
"contact_id_pairs": [
[
0,
62
],
[
0,
68
],
[
0,
71
],
[
0,
63
],
[
0,
72
],
[
0,
75
],
[
63,
84
],
[
1,
84
],
[
69,
70
],
[
69,
84
],
[
1,
73
],
[
1,
74
],
[
2,
68
],
[
68,
69
],
[
2,
73
],
[
72,
73
],
[
3,
66
],
[
3,
83
],
[
66,
71
],
[
70,
71
],
[
3,
74
],
[
3,
75
],
[
67,
75
],
[
4,
53
],
[
4,
58
],
[
58,
60
],
[
4,
52
],
[
4,
57
],
[
4,
59
],
[
52,
81
],
[
5,
46
],
[
5,
51
],
[
5,
53
],
[
5,
50
],
[
5,
52
],
[
45,
50
],
[
50,
80
],
[
6,
39
],
[
6,
44
],
[
6,
46
],
[
44,
46
],
[
6,
38
],
[
6,
43
],
[
43,
79
],
[
45,
79
],
[
7,
32
],
[
7,
37
],
[
7,
39
],
[
7,
36
],
[
31,
78
],
[
36,
78
],
[
38,
78
],
[
8,
30
],
[
8,
32
],
[
25,
30
],
[
8,
24
],
[
8,
31
],
[
24,
29
],
[
24,
77
],
[
29,
31
],
[
9,
18
],
[
9,
23
],
[
9,
25
],
[
9,
24
],
[
17,
22
],
[
17,
24
],
[
17,
76
],
[
22,
76
],
[
10,
16
],
[
10,
18
],
[
10,
15
],
[
15,
17
],
[
11,
65
],
[
60,
65
],
[
65,
67
],
[
11,
59
],
[
11,
64
],
[
64,
66
],
[
64,
82
],
[
12,
14
],
[
12,
16
],
[
12,
76
],
[
14,
16
],
[
12,
13
],
[
12,
15
],
[
13,
15
],
[
13,
19
],
[
13,
22
],
[
19,
20
],
[
14,
77
],
[
19,
23
],
[
19,
77
],
[
21,
77
],
[
20,
27
],
[
26,
27
],
[
26,
29
],
[
21,
28
],
[
26,
28
],
[
28,
78
],
[
30,
78
],
[
27,
34
],
[
27,
36
],
[
33,
36
],
[
28,
79
],
[
33,
37
],
[
33,
79
],
[
35,
37
],
[
35,
79
],
[
34,
40
],
[
40,
41
],
[
40,
43
],
[
35,
40
],
[
35,
42
],
[
40,
42
],
[
42,
80
],
[
44,
80
],
[
41,
47
],
[
47,
48
],
[
47,
50
],
[
48,
50
],
[
42,
49
],
[
47,
49
],
[
47,
51
],
[
49,
81
],
[
48,
54
],
[
54,
55
],
[
54,
57
],
[
49,
56
],
[
49,
82
],
[
54,
58
],
[
54,
82
],
[
58,
82
],
[
55,
61
],
[
55,
64
],
[
61,
62
],
[
56,
63
],
[
56,
83
],
[
61,
65
],
[
61,
83
],
[
63,
83
],
[
65,
83
]
],
"nstatus": 0,
"opt_line_pos": [
[
2.186501116767488,
-0.2799999999999727,
-0.21838464269893265
],
[
2.2056501388783203,
-0.20753814366686482,
-1.8364256709627889
],
[
2.4599416544474013,
-0.3773437784515863,
-0.9169851813568123
],
[
2.006898684494737,
-0.22011156258369385,
-0.9424645456551562
],
[
1.2015174922491385,
0.18000000000000113,
0.3011112386192277
],
[
0.4920300874248199,
0.21467697275324824,
0.54329955408855
],
[
-0.3840014381929388,
0.1883295259436031,
0.5758203476354612
],
[
-1.142925828409831,
0.18000000000000113,
0.17675113406687004
],
[
-1.7085237848183938,
0.21992503401319805,
-0.24256955327370175
],
[
-2.1759719546556306,
0.25085655758499076,
-1.0638682889702848
],
[
-2.4478770762887274,
0.19886324363996463,
-1.8158439737441994
],
[
1.7008392076925634,
0.2135689669963047,
-0.32202452164951456
],
[
-2.430798092393536,
0.18638611490919557,
-0.8341424908206748
],
[
-2.279015063104177,
-0.29735686033879005,
-0.025002032603110555
],
[
-2.062684906572971,
0.2750171335259943,
-0.26372814245639875
],
[
-2.7535692555130105,
-0.3676363745645614,
-1.537376390528671
],
[
-2.333018289592703,
0.3182685077435963,
-1.8211968560321758
],
[
-2.393411558611174,
-0.3377693427563071,
-0.7462995517518818
],
[
-2.1636939463955986,
0.20613952733246754,
-1.0701153464045174
],
[
-2.175971472475146,
0.20916240621312882,
-0.2701150394826083
],
[
-1.7156769811574155,
-0.33611792256659917,
0.5598254495463618
],
[
-1.5752934062289832,
0.3482508232725595,
0.48636043032975596
],
[
-2.366327734383698,
-0.3799999999999727,
-0.7485392413436992
],
[
-2.175971472475146,
0.2746094320270231,
-0.8782785877650143
],
[
-1.8823928679254665,
-0.21079280073869716,
-0.2020986323735423
],
[
-1.7304491760685283,
0.2513775071901716,
-0.3867979976728705
],
[
-1.7522770386281261,
0.1863838010656066,
0.46731369049903276
],
[
-1.00887062321329,
-0.37018427386819924,
1.1463867626483957
],
[
-1.0139379424628174,
0.21440254839258732,
0.9982223415040121
],
[
-1.8673195577151698,
-0.24398088813068286,
-0.22481346858234957
],
[
-1.6718379464421427,
0.23038841372257243,
-0.19916655817348777
],
[
-1.226252456483087,
-0.33083065363973674,
0.28550620679802935
],
[
-1.1537659845477435,
0.18000000000000113,
0.21341108822715976
],
[
-1.1039748270093346,
0.19898290671395774,
0.9993284653387139
],
[
-0.2120168764636459,
-0.22309178801357427,
1.518550190942877
],
[
-0.4312616134680297,
0.369026071682496,
1.4156511918318675
],
[
-1.1728408009907723,
-0.26732764759681366,
0.23305982898887256
],
[
-1.0931990806603245,
0.340910884831503,
0.33508541003288306
],
[
-0.4399137845917026,
-0.208736588584204,
0.6271379346098007
],
[
-0.37033597790963385,
0.18000000000000113,
0.543327516750392
],
[
-0.40816552315377125,
0.3211117829712473,
1.3940234803796692
],
[
0.41031151847384684,
-0.27274176112367193,
1.4264382528858215
],
[
0.3870281966909717,
0.3302230760779582,
1.3693998275101467
],
[
-0.4167159526034836,
-0.2717992784177733,
0.6095847967004824
],
[
-0.31588068841328737,
0.367944072055295,
0.618913268849024
],
[
0.3585084951883801,
-0.33642570537574107,
0.5112034604656618
],
[
0.3789393734972749,
0.374452617369965,
0.5445004236065146
],
[
0.36513376684157495,
0.2113854720132734,
1.5035516570441427
],
[
1.1691792277428732,
-0.2550292081354433,
1.082981260391951
],
[
1.2157572663296066,
0.29147653540324703,
1.0088089953754442
],
[
0.345074634559221,
-0.29268246816783305,
0.5548549016974811
],
[
0.4377211970752724,
0.18000000000000113,
0.6095393001742402
],
[
1.085546007008506,
-0.29958023776277376,
0.22120187717770845
],
[
1.0875828702754424,
0.20530287801340605,
0.30508349056790346
],
[
1.1456678789403691,
0.2044563577567437,
1.1549381841597852
],
[
1.6445113346290121,
-0.31471617777347427,
0.3366411116487328
],
[
1.7067581883921934,
0.20874381337281875,
0.4015319293568885
],
[
1.0859616531382337,
-0.22676588572544817,
0.2400580444441232
],
[
1.187693076612391,
0.28702771641999275,
0.2570285079067406
],
[
1.533626785206452,
-0.37453760936811537,
-0.45739580966432525
],
[
1.6384854506651738,
0.24145781421486037,
-0.3988295519563671
],
[
1.625378221560046,
0.23674254153259724,
0.4225496924168251
],
[
2.2118811049969915,
-0.25988759904054554,
-0.3106455395892679
],
[
2.1030299852580234,
0.19822819939766878,
-0.2900134858275204
],
[
1.5297222206777064,
-0.2669629421259453,
-0.3852588083154174
],
[
1.684966239303373,
0.2718624510700167,
-0.3998490514282409
],
[
2.030875741082239,
-0.36680942743390027,
-1.0797818851358207
],
[
2.076662249361183,
0.284650552827013,
-1.1124215640119908
],
[
2.4956422000023406,
-0.3799999999999727,
-0.9026783484019902
],
[
2.2370595948173833,
-0.3753204230081566,
-1.8590051768266886
],
[
2.073772100991237,
-0.3076450864759803,
-0.929473419231328
],
[
2.157697139891283,
-0.36319780213659963,
-0.31838464269893263
],
[
2.2524163685152603,
0.19872682591094976,
-1.062228467785253
],
[
2.2791531485066283,
0.19902831790922715,
-1.8478075268483651
],
[
2.0401521019401585,
0.21783917660328447,
-1.0480596044289427
],
[
2.110272466706285,
0.34699707579384226,
-0.2710295338240093
],
[
-2.4429975499162793,
0.18000000000000113,
-0.8765052012103209
],
[
-2.1049399433551796,
0.2676257040383026,
-0.27010811284737524
],
[
-1.6912859002980374,
0.31191551915102494,
0.46827709790072225
],
[
-1.0954997589561188,
0.19331683109233136,
0.9474434443026795
],
[
-0.3997817164924712,
0.3705922322377552,
1.2839811362101634
],
[
0.48380277321214477,
0.25600068374548796,
1.4281721546622166
],
[
1.1413201292473891,
0.23412099221529548,
0.9967851020115098
],
[
1.6390464861848955,
0.2805356371098052,
0.5134777630517632
],
[
2.005957538937043,
0.18000211062949106,
-0.2949793647426467
]
],