{
"line_pt_pairs": [
[
[
-0.500000000363223,
0.0,
0.0
],
[
1.499999999636777,
0.0,
0.0
]
],
[
[
0.9759355107526004,
-0.5034845182041465,
-0.02319068594148954
],
[
0.8729590558230553,
1.493215278412759,
-0.07404117187970183
]
],
[
[
0.9935622169300506,
1.0024364715819343,
-0.022716203839832083
],
[
-0.004833120875027741,
0.9532996310332067,
-0.050864389393657894
]
],
[
[
0.01115247302927419,
1.499686903596416,
-0.042543501511679405
],
[
0.05844216710427791,
-0.4970138454055868,
0.06209780853905478
]
],
[
[
1.0286626906737646,
-0.025526628340854174,
-0.5006409763381503
],
[
0.9225609808407561,
-0.06733016468048214,
1.4961050995362997
]
],
[
[
1.5002992721333301,
-0.011209449569306806,
0.9499680382375867
],
[
-0.49945078913851915,
-0.04282714404038257,
0.9500856799400148
]
],
[
[
-0.0057658616072260305,
-0.019906439483845073,
1.501163881119132
],
[
-0.09326416625731682,
0.05448810891865913,
-0.49553577026846385
]
],
[
[
0.990790077358792,
-0.04732384193141159,
0.9875316383939403
],
[
0.9707956635628858,
0.9510782264384359,
0.9346777521435534
]
]
],
"contact_pairs_coord": [
[
[
0,
1
],
[
3,
0
]
],
[
[
0,
1
],
[
5,
0
]
],
[
[
0,
1
],
[
1,
2
]
],
[
[
0,
1
],
[
1,
4
]
],
[
[
1,
2
],
[
2,
3
]
],
[
[
2,
3
],
[
3,
0
]
],
[
[
1,
4
],
[
4,
5
]
],
[
[
4,
5
],
[
4,
6
]
],
[
[
4,
5
],
[
5,
0
]
]
],
"coupler_pt_pairs": [
[
[
0.04662630879309837,
0.0,
0.0
],
[
0.04662630879309837,
0.0018841407521267284,
0.03595200833373624
]
],
[
[
-0.07149032487592621,
0.0,
0.0
],
[
-0.07149032487592621,
0.03597512054666524,
0.0013403882977266468
]
],
[
[
0.950016408235983,
0.0,
0.0
],
[
0.9500164082359831,
-0.0009165597438262063,
-0.0359897180984432
]
],
[
[
1.0021000176262622,
0.0,
0.0
],
[
1.0021000176262624,
-0.03599218699930151,
-0.0007535263072993015
]
],
[
[
0.898558416373858,
0.9968470742414073,
-0.06140003051776188
],
[
0.8975017328985953,
0.9977087765415467,
-0.025424478033952647
]
],
[
[
0.025118739259124667,
0.9547737362496685,
-0.05001994382704311
],
[
0.024014166136761494,
0.9566309003069342,
-0.01408350737208186
]
],
[
[
0.951617946301996,
-0.05588186744295387,
0.9492771374528797
],
[
0.9510489839060707,
-0.019893548716314657,
0.9500003496450058
]
],
[
[
0.9902182098246213,
-0.01927425101419411,
0.9499980453898347
],
[
0.9901902449449148,
-0.01737177988031613,
0.9859460218064287
]
],
[
[
-0.02928767689912526,
-0.035393478242717547,
0.9500580210890345
],
[
-0.029856307098434787,
0.0005762180979296816,
0.9514231254961775
]
]
],
"nstatus": 0,
"opt_line_pos": [
[
-0.5,
-0.5,
-0.5
],
[
0.45000419537990893,
-0.5006797540851342,
-0.5359957488912733
],
[
0.47486575268553755,
0.5015163098507834,
-0.5232433212299353
],
[
-0.47586507476736395,
0.4515321196550841,
-0.5138162950282503
],
[
0.5021834729516678,
-0.5359593060237375,
-0.5023240862330184
],
[
0.4570051417760202,
-0.5197993769578532,
0.44999999925494194
],
[
-0.5288895524534849,
-0.500245755259322,
0.47348433765643805
],
[
0.49082777421458357,
-0.5492061986325147,
0.4876312874933509
]
],
"opt_line_orient": [
[
1.0,
0.0,
0.0
],
[
-0.05148822746477253,
0.9983498983084527,
-0.025425242969106154
],
[
-0.9983953378050783,
-0.04913684054872755,
-0.02814818555382572
],
[
0.02364484703750186,
-0.9983503745010014,
0.0523206550253671
],
[
-0.05305085491650418,
-0.020901768169813952,
0.9983730379372249
],
[
-0.9998750306359245,
-0.015808847235537882,
5.882085121408284e-05
],
[
-0.04374915232504536,
0.03719727420125209,
-0.9983498256937979
],
[
-0.019994413795906142,
0.9984020683698474,
-0.05285388625038684
]
],
"opt_edges_coord": [
[
0,
1
],
[
1,
2
],
[
2,
3
],
[
3,
0
],
[
1,
4
],
[
4,
5
],
[
5,
0
],
[
4,
6
]
],
"opt_parameters": {
"fixed_element_ids": [
0
],
"layers": [
[
0,
1,
2,
3
],
[
4,
5,
6,
7
],
[
8,
9,
10,
11
]
],
"reciprocal": false,
"clamp_t_bnd": 0.10000000149011612,
"pos_devi": 0.05000000074505806,
"orient_devi": 0.05745329335331917,
"time_out": 300,
"bar_collision_distance": 0.019999999552965164,
"clamp_collision_dist": 0.024000000208616257,
"contactopt_trust_region_start": 0.10000000149011612,
"bar_available_lengths": [
1.0,
2.0
],
"opt_tol": 0.01,
"max_tangent": -1,
"trust_region_lobnd": 1e-06,
"trust_region_upbnd": 1.0,
"contact_ignore_para_tol": 0.001,
"line_para_tol": 0.01,
"bigM": 1,
"pos_tol": 1e-06,
"duplicate_vertices_tol": 0.001,
"bar_contact_distance_tol": 0,
"bar_contact_distance": 0.018000000000000002,
"fixed_contact_pairs_coord": [
[
[
0,
1
],
[
3,
0
]
],
[
[
0,
1
],
[
5,
0
]
],
[
[
0,
1
],
[
1,
2
]
],
[
[
0,
1
],
[
1,
4
]
],
[
[
1,
2
],
[
2,
3
]
],
[
[
2,
3
],
[
3,
0
]
],
[
[
1,
4
],
[
4,
5
]
],
[
[
4,
5
],
[
4,
6
]
],
[
[
4,
5
],
[
5,
0
]
]
],
"clamp_extension_length": 0.03,
"debug_mode": 0,
"num_unsuccessful_step_to_expand_trust_region": 10
}
}