{
 "contact_id_pairs": [
   [
    0, 
    1
   ]
 ], 
 "line_pt_pairs": [
  [
   [
    0.51294899999999999, 
    0.0042328299999999999, 
    0.38606499999999999
   ], 
   [
    0.11011700000000001, 
    -0.056253600000000001, 
    0.64861100000000016
   ]
  ], 
  [
   [
    0.49718099999999998, 
    -0.0028978799999999998, 
    0.50488
   ], 
   [
    0.44317699999999999, 
    -0.246005, 
    0.0
   ]
  ]
 ], 
 "clamp_gap": 0.016, 
 "clamp_dist": null, 
 "contact_t_pairs": [], 
 "radius": [
  0.002, 
  0.002
 ], 
 "collision_id_pairs": [], 
 "boundary_vertices": [
  3
 ]
}