{
"contact_id_pairs": [
[
1,
2
],
[
2,
59
],
[
0,
23
],
[
0,
43
],
[
1,
23
],
[
0,
2
],
[
0,
49
],
[
2,
29
],
[
3,
4
],
[
3,
60
],
[
4,
43
],
[
4,
60
],
[
3,
5
],
[
3,
44
],
[
5,
23
],
[
5,
24
],
[
5,
44
],
[
23,
24
],
[
4,
5
],
[
6,
7
],
[
6,
44
],
[
6,
8
],
[
6,
25
],
[
8,
24
],
[
8,
45
],
[
7,
8
],
[
9,
10
],
[
9,
65
],
[
10,
65
],
[
45,
62
],
[
62,
65
],
[
9,
11
],
[
9,
25
],
[
11,
26
],
[
26,
46
],
[
10,
11
],
[
12,
65
],
[
38,
46
],
[
38,
65
],
[
38,
66
],
[
12,
47
],
[
26,
69
],
[
27,
69
],
[
47,
69
],
[
13,
55
],
[
13,
66
],
[
14,
47
],
[
14,
66
],
[
47,
67
],
[
55,
67
],
[
13,
27
],
[
15,
27
],
[
15,
28
],
[
15,
48
],
[
28,
48
],
[
14,
15
],
[
14,
40
],
[
15,
40
],
[
15,
57
],
[
39,
57
],
[
16,
17
],
[
16,
48
],
[
17,
67
],
[
48,
57
],
[
16,
28
],
[
18,
28
],
[
17,
18
],
[
17,
39
],
[
18,
39
],
[
19,
35
],
[
35,
56
],
[
35,
64
],
[
53,
63
],
[
56,
63
],
[
56,
64
],
[
19,
20
],
[
19,
42
],
[
20,
41
],
[
20,
58
],
[
41,
58
],
[
20,
33
],
[
20,
34
],
[
20,
54
],
[
33,
54
],
[
34,
35
],
[
21,
36
],
[
21,
54
],
[
36,
54
],
[
21,
22
],
[
21,
42
],
[
22,
42
],
[
22,
34
],
[
22,
36
],
[
29,
50
],
[
30,
50
],
[
30,
51
],
[
31,
51
],
[
31,
32
],
[
31,
52
],
[
32,
52
],
[
32,
53
],
[
33,
53
],
[
37,
68
],
[
53,
68
],
[
37,
38
],
[
38,
52
],
[
38,
62
],
[
52,
63
],
[
40,
55
],
[
41,
55
],
[
41,
68
],
[
41,
69
],
[
55,
56
],
[
68,
69
],
[
49,
59
],
[
50,
60
],
[
50,
61
],
[
51,
61
],
[
58,
64
]
],
"nstatus": 0,
"opt_line_pos": [
[
0.8868246594790881,
1.1027848505542548,
-1.9755164418765612
],
[
1.3274477703924856,
1.2601766043121574,
-2.0698894198972915
],
[
1.4619121529226504,
1.3930817735957532,
-2.014524862918233
],
[
1.261113105417216,
0.8884122581018877,
-1.3931871693274618
],
[
1.2519392528162259,
0.9168440540242535,
-1.4255497953372116
],
[
0.5253028794779816,
0.8327356653128001,
-1.3482412529459853
],
[
0.6979796057758262,
0.636320970929681,
-0.6659157485734422
],
[
0.7911142117614647,
0.6482671406900784,
-0.6279253575903319
],
[
0.023039867421476855,
0.39642367787803895,
-0.6984599613061682
],
[
0.3940404648119083,
0.3520155409377458,
-0.09807839006474603
],
[
0.4431183358432865,
0.5600775988398784,
-0.05987473773662087
],
[
0.03052133196145279,
0.3750919889461007,
-0.1305138924705724
],
[
0.2731385888563231,
-0.15762297675658557,
0.4954482768594204
],
[
-0.13888815925211404,
-0.72805293087259,
0.7747631406726238
],
[
-0.14682573756628586,
-0.7206855971829166,
1.0323127240026857
],
[
-0.6028145973796996,
-1.0331148980070548,
0.904357428817942
],
[
-0.30113524599086255,
-1.5444046199905554,
1.2624627851144112
],
[
-0.25341804605774076,
-1.320131168351479,
1.2351327781942458
],
[
-0.7657822138769567,
-1.4750004450512035,
1.2032724503156753
],
[
-0.6177451859634735,
-0.21569753528616503,
1.0103005630521078
],
[
-0.9755219416829075,
-0.7702524473364576,
0.9521001861155443
],
[
-1.481282103757475,
-0.3755873426648747,
1.3913725740414944
],
[
-1.4657339965459955,
-0.8867593935412608,
1.4127542910267912
],
[
1.1854483467732844,
0.9395528600174505,
-2.1355809128243446
],
[
0.7879751342613697,
0.6105471987390344,
-1.4632043985909264
],
[
0.5164776689737951,
0.14403963959079014,
-0.6357352776611133
],
[
0.4868006257442986,
-0.26948097996376047,
-0.15176090148241902
],
[
-0.06121306118273483,
-0.6374282354877607,
0.41864281432534206
],
[
-0.15748697324142286,
-1.5490394592039258,
0.7151571307365444
],
[
0.766897377998164,
1.3159794006936767,
-2.2047013930538277
],
[
0.4221755178079604,
0.9425406136828958,
-1.501816354411201
],
[
0.24485085559765712,
0.5408739286596289,
-0.8249762182843671
],
[
-0.28266555674477195,
0.2477319251488839,
0.08171916673338361
],
[
-0.8101129676802413,
0.18231241716876645,
0.4030290698521627
],
[
-1.2803295264035084,
-0.32215726376878223,
0.9066082315733629
],
[
-0.8211928131209567,
-0.09167900204185792,
0.9329517299119872
],
[
-1.5628946535188788,
-0.19534982352142508,
1.3275455936848588
],
[
-0.20650541902729222,
0.10098159187377502,
0.321092923352072
],
[
-0.04093554978926319,
0.16413857215665428,
0.37177966229750775
],
[
-0.7967782538424575,
-1.4857466193023439,
1.1877429031875413
],
[
-0.7069473146820183,
-0.820353802930476,
0.8024827469521995
],
[
-0.2442259905511591,
-0.43530569351293674,
0.4502253075279064
],
[
-1.4052728304763695,
-1.0035290848261211,
1.4306605088726365
],
[
1.0243828649871856,
0.8634104088300376,
-1.3499629292664281
],
[
0.8831730223267631,
0.7922734625789803,
-0.8065239873195016
],
[
0.6143581418548341,
0.30462595260664055,
0.007582955592974949
],
[
0.4095215659790342,
-0.40544079727218707,
0.25184483818509473
],
[
0.10673380491469227,
-0.633596240902718,
0.7900059378818474
],
[
-0.2644364771985381,
-1.550728243889037,
1.2550186311647187
],
[
1.0929485819835463,
0.9685055022185743,
-1.5641482312000305
],
[
0.7185344939822021,
0.7031155271238073,
-0.9139975464466092
],
[
0.32452811383660146,
0.2944072898054523,
-0.2597827718320503
],
[
-0.18589226808484044,
0.2997175327585709,
0.4102313160455445
],
[
-0.8051960184171233,
0.10720731492028213,
0.9332975750892406
],
[
-1.4750202788037283,
-0.18541979295341124,
1.2115216139508693
],
[
-0.09073007423395807,
-0.7298679737989965,
0.7708472841050488
],
[
-0.8889214734095904,
-0.08697991613100145,
0.8941480645430758
],
[
-0.6001684843610982,
-1.1204933327750723,
0.7440195391847947
],
[
-0.9595996785319663,
-0.6642037680393086,
0.8813951172565018
],
[
1.5141676507741568,
1.353188698454457,
-2.004119716819396
],
[
0.9399235556458676,
0.6733378049437865,
-0.853305967297216
],
[
0.6025817639350521,
0.5419852966507239,
-0.7226589518555485
],
[
0.5545221179054552,
0.20406767929852093,
0.0093657269259661
],
[
-0.8224544586277126,
0.1374052982950447,
0.950898055870422
],
[
-0.7962400152562312,
-0.09659493098358495,
0.7629960399655983
],
[
0.4581726452763974,
0.36610769927414866,
0.028525417129824756
],
[
0.1095537409863276,
-0.11360960550636612,
0.3412673939114948
],
[
0.1168229248069644,
-0.7952067299087456,
0.7784181433072449
],
[
-0.27865004897007467,
-0.2652633014492536,
0.2887399004036265
],
[
-0.1973529243005858,
-0.2719347051048448,
0.3013154115497287
]
],