{
"contact_id_pairs": [
[
2,
5
],
[
2,
6
],
[
1,
7
],
[
5,
7
],
[
1,
2
],
[
1,
18
],
[
2,
18
],
[
7,
9
],
[
8,
9
],
[
8,
12
],
[
8,
13
],
[
9,
10
],
[
9,
13
],
[
3,
11
],
[
3,
12
],
[
11,
12
],
[
4,
11
],
[
4,
14
],
[
3,
4
],
[
3,
6
],
[
4,
6
],
[
14,
15
],
[
14,
17
],
[
10,
15
],
[
10,
16
],
[
16,
17
],
[
16,
18
],
[
17,
18
]
],
"nstatus": 0,
"opt_line_pos": [
[
0.7898636075212494,
1.040140202078328,
-1.9920041344062784
],
[
-0.07842845292724293,
-1.4511887865319855,
0.8743698894329263
],
[
-0.10754815897860831,
-1.4009262174614743,
0.8796872099506146
],
[
-0.30918288146284134,
-0.8313430624186905,
0.6227294751837016
],
[
-0.36061513939703066,
-0.9392068434960168,
0.5942524053688233
],
[
-0.1296830067960695,
-1.3071512756845098,
0.6171781659909937
],
[
-0.3287925384482,
-0.9388421636749611,
0.568617017605167
],
[
0.007360685175251541,
-0.9321123671436169,
0.31828324561389204
],
[
-0.05733096929403831,
-0.417958868469528,
0.1931099292605599
],
[
0.11054519668101895,
-0.5609557753364891,
0.4661968948054271
],
[
0.052276564840882916,
-0.6504547426349354,
0.8094878609300902
],
[
-0.33155021861384354,
-0.5651852584535365,
0.768609068352492
],
[
-0.28141388086770236,
-0.5249254556703966,
0.4654098959018853
],
[
0.1330103270764435,
-0.4643458065825928,
0.46619752390995445
],
[
-0.24213701633307128,
-0.7910155855239088,
1.007169119529186
],
[
-0.012873110580559238,
-0.6518362814362064,
0.9792026252564752
],
[
-0.02342709846690219,
-1.2276720859137453,
1.006675269969952
],
[
-0.043219794971355786,
-1.2277092326379262,
1.0666542586377408
],
[
-0.04850761783502755,
-1.1774770009127875,
1.009078245459967
]
],
"opt_line_orient": [
[
0.5354328485711176,
-0.8438089125525948,
0.036030317342848124
],
[
0.12661138951940057,
0.22648606466645219,
-0.9657502878880598
],
[
-0.5712156851165913,
0.42943621903097445,
-0.6994978018987368
],
[
0.08840236575802446,
0.7950801181715582,
-0.6000271888978747
],
[
0.10805103143775158,
0.6556026148980003,
0.7473353905336897
],
[
0.4728343037850284,
0.34037693990845486,
-0.8127553506084618
],
[
0.05101983313726283,
-0.9986909005549475,
0.0036690292168158776
],
[
-0.14487005680265047,
-0.9644525062185633,
0.2210068548500913
],
[
0.05105572420423016,
-0.9855171131318331,
-0.16170755316397356
],
[
-0.15419020912254106,
-0.7818303395526656,
-0.6041247384155947
],
[
0.2417209723116278,
0.16733909409394507,
-0.9558078254191786
],
[
0.06443265859789056,
0.268173984279744,
-0.9612133720779873
],
[
0.5419027001720899,
0.13201847609476067,
-0.8300075816014062
],
[
-0.4724721099756503,
0.34221616271482264,
-0.8121934518770138
],
[
-0.5557178300681256,
0.19719464396706224,
-0.8076459408274627
],
[
-0.6879418316697932,
-0.5062642160570342,
0.5200313257669836
],
[
0.21115982146284798,
0.8493280406509056,
-0.4837906666770989
],
[
-0.3364084756479644,
0.9320593455574778,
-0.13451659329309126
],
[
-0.17024593023723048,
-0.7595876250805461,
-0.6277284150507734
]
]
}