{
"contact_id_pairs": [
[
1,
2
],
[
1,
10
],
[
1,
3
],
[
1,
4
],
[
1,
80
],
[
4,
80
],
[
2,
3
],
[
2,
16
],
[
3,
16
],
[
4,
6
],
[
5,
51
],
[
6,
51
],
[
5,
8
],
[
5,
83
],
[
5,
88
],
[
7,
8
],
[
7,
88
],
[
8,
88
],
[
83,
88
],
[
6,
7
],
[
6,
14
],
[
7,
21
],
[
7,
65
],
[
21,
65
],
[
8,
11
],
[
8,
29
],
[
9,
29
],
[
11,
29
],
[
9,
12
],
[
9,
13
],
[
9,
25
],
[
12,
13
],
[
10,
11
],
[
10,
12
],
[
10,
26
],
[
12,
26
],
[
13,
17
],
[
15,
17
],
[
14,
15
],
[
14,
80
],
[
15,
18
],
[
15,
80
],
[
16,
17
],
[
16,
18
],
[
0,
19
],
[
0,
50
],
[
19,
68
],
[
19,
20
],
[
19,
58
],
[
0,
20
],
[
0,
48
],
[
20,
48
],
[
20,
69
],
[
48,
69
],
[
21,
86
],
[
59,
67
],
[
64,
67
],
[
67,
86
],
[
22,
23
],
[
22,
33
],
[
22,
81
],
[
33,
81
],
[
22,
24
],
[
22,
27
],
[
23,
24
],
[
24,
43
],
[
25,
28
],
[
25,
31
],
[
25,
38
],
[
28,
38
],
[
26,
28
],
[
27,
28
],
[
27,
30
],
[
29,
30
],
[
29,
31
],
[
30,
31
],
[
30,
32
],
[
32,
36
],
[
34,
36
],
[
34,
84
],
[
36,
89
],
[
33,
37
],
[
33,
44
],
[
34,
37
],
[
37,
44
],
[
35,
61
],
[
36,
37
],
[
36,
39
],
[
36,
61
],
[
37,
39
],
[
35,
87
],
[
60,
62
],
[
60,
66
],
[
62,
66
],
[
62,
87
],
[
66,
87
],
[
38,
40
],
[
40,
42
],
[
39,
41
],
[
39,
81
],
[
40,
41
],
[
40,
81
],
[
41,
42
],
[
41,
43
],
[
42,
43
],
[
44,
61
],
[
44,
66
],
[
44,
89
],
[
45,
61
],
[
45,
89
],
[
61,
89
],
[
45,
62
],
[
45,
79
],
[
46,
62
],
[
46,
74
],
[
47,
74
],
[
54,
74
],
[
47,
72
],
[
48,
71
],
[
48,
72
],
[
48,
75
],
[
49,
53
],
[
53,
74
],
[
55,
74
],
[
49,
73
],
[
50,
73
],
[
50,
75
],
[
70,
75
],
[
73,
75
],
[
51,
65
],
[
51,
67
],
[
51,
88
],
[
52,
67
],
[
65,
67
],
[
52,
64
],
[
53,
64
],
[
54,
63
],
[
54,
85
],
[
63,
76
],
[
63,
85
],
[
55,
63
],
[
55,
77
],
[
55,
82
],
[
63,
82
],
[
56,
59
],
[
59,
60
],
[
60,
78
],
[
78,
79
],
[
56,
71
],
[
56,
77
],
[
57,
76
],
[
70,
76
],
[
71,
76
],
[
57,
73
],
[
58,
68
],
[
58,
69
],
[
58,
72
],
[
68,
72
],
[
69,
72
],
[
69,
73
],
[
52,
78
],
[
82,
86
],
[
83,
84
],
[
84,
87
],
[
85,
86
],
[
86,
87
]
],
"nstatus": 0,
"opt_line_pos": [
[
1.0732062788312602,
1.464842365733257,
-2.14171045284136
],
[
-0.32604871318220313,
-1.5146878598591949,
0.7561394927054708
],
[
-0.08759001205626463,
-1.5238036870409704,
0.8609056004706271
],
[
-0.04836323752237579,
-1.5405647948932997,
1.001899213125609
],
[
0.28251015282835945,
-0.8835408059602572,
0.4040682083589079
],
[
0.09376632500271315,
-0.35535534484552606,
0.15869782328581664
],
[
0.1620753247628677,
-0.6939322797004116,
0.6602196106515507
],
[
0.04871631942230901,
-0.5222133338171127,
0.4853941422471322
],
[
-0.30054936960869383,
-0.5553480801435322,
0.3983777059893211
],
[
-0.41201260563263536,
-0.5977159010686646,
0.8981185561544996
],
[
-0.3739813335056867,
-1.0129780213065653,
0.829080294476399
],
[
-0.41572830634304136,
-1.0825644003895762,
0.8221175750099199
],
[
-0.22777604974525859,
-0.9427535055730373,
0.6911397560615785
],
[
-0.24480746285655589,
-0.6155379071792288,
1.1274006715653473
],
[
0.15728784431244533,
-0.8652945426837391,
0.7790571036607645
],
[
0.096414820306556,
-0.8423340781846596,
0.7790571036607645
],
[
-0.08915187244636529,
-1.3760498003012027,
1.098702218171921
],
[
-0.0941842416454105,
-1.3359947961308576,
1.3546134155013172
],
[
-0.12931662751097214,
-1.4413849869296018,
1.0849117200473726
],
[
1.1818924432080569,
0.9672496496109234,
-2.2714816066044294
],
[
1.0192782244548084,
1.3067214754531449,
-2.148424929267717
],
[
0.2690422932179808,
0.1255770042590673,
-0.12815760535317447
],
[
-1.4495562880646438,
-0.101794241629428,
0.4157043209110411
],
[
-1.5609498775306814,
-0.11504508375269129,
0.9710406772895566
],
[
-1.5639179157792866,
-0.031254639009916416,
0.834603662484231
],
[
-0.8066077955042436,
-0.4396492181921575,
1.0655378226629373
],
[
-1.0101269923829477,
-0.4411598798221804,
0.8567007633261258
],
[
-1.1296594310775334,
-0.5064825002176689,
0.6222345975264586
],
[
-1.1340528790398852,
-0.43033604495816535,
0.8624697093959733
],
[
-0.5549104322327968,
-0.3048594628444907,
0.4910890283921502
],
[
-0.46602031730546467,
-0.4150140968314559,
0.409392964360386
],
[
-0.5053076772881493,
-0.4028239916087745,
0.5575312850988112
],
[
-0.5612662047375565,
-0.04273222533495406,
0.17026932147681284
],
[
-1.0803488887869983,
0.02790335613369161,
0.2488431951616001
],
[
-0.9363618048047573,
0.27043420578077165,
0.44708089105560195
],
[
-0.4182634501746297,
-0.04570812132683366,
0.4656528788054252
],
[
-0.6119104499338996,
0.0601409514260054,
0.466133132811731
],
[
-0.43959235676530856,
0.2143902794115606,
0.6757353651296929
],
[
-0.9957230417204773,
-0.15915382193201022,
1.2867541395923845
],
[
-0.6902521553116343,
0.08775347165170849,
0.8618500810282801
],
[
-0.8782221723192064,
0.007456163929371299,
0.9118265246745986
],
[
-1.458543767993956,
0.13263649042888992,
1.0347424172185113
],
[
-1.4585395023850478,
0.0775615636208532,
1.0247285496772036
],
[
-1.451300556486544,
0.13372651732300864,
1.1422440159896394
],
[
-1.0015770462051252,
-0.03921278992585136,
0.35021165475515587
],
[
-0.5750013837007119,
0.25619869807437284,
-0.27141323187352984
],
[
-0.21200705842609296,
0.5592143910306134,
-0.7352532761801142
],
[
0.3901252006192871,
0.7500641556892641,
-1.2110724483706274
],
[
0.8426184045649807,
0.917900838002627,
-1.680575323087984
],
[
0.8854049183404117,
0.308910470057055,
-1.3770275633518905
],
[
1.1348787370595141,
0.8415400463752728,
-1.7871019901446945
],
[
0.3082097182025612,
-1.043217558817165,
0.21967989886656764
],
[
0.47306871345034385,
-0.32474149298929894,
-0.2367007080865139
],
[
0.4563361818989244,
-0.1023355210131715,
-0.7849125970172306
],
[
0.09671766982210572,
0.44395956028311717,
-0.46884943248548483
],
[
0.5682584479629273,
0.17214391014502903,
-0.7078460039179794
],
[
0.5873087984935993,
0.7173263256445184,
-0.00878106373386284
],
[
0.9306707930020874,
0.9757318660680243,
-0.9056203333968691
],
[
1.0460417068607282,
1.245667940036001,
-1.5985626445113275
],
[
0.4056501127441617,
0.0032254704204003216,
0.1832862293263228
],
[
-0.07438447804362572,
0.33382887977567716,
0.2501431650491132
],
[
-0.6133447540264514,
-0.04414828590409864,
0.5322811964330836
],
[
0.03414315700625181,
0.33671892500626555,
0.1446889734935072
],
[
0.22641380692866986,
0.4820043652580484,
-0.6297626316368642
],
[
0.4898547521251903,
-0.1736697853934402,
-0.09942936466644924
],
[
0.07364921614813093,
-0.49509960022966776,
0.41704911462231536
],
[
0.018208700163212205,
0.34460463191548,
0.022496225314748805
],
[
0.47588077886346886,
-0.03837104268818713,
0.008444445383840055
],
[
1.2309632762222689,
1.331587015898384,
-1.6908931628833723
],
[
0.821405147769799,
1.1671466762823617,
-2.1435940804296205
],
[
0.7383235235181337,
0.7085246113378674,
-0.7772789113983819
],
[
0.972516396671471,
0.8308425486754146,
-0.730854934502504
],
[
0.6927290306554318,
0.9264707926002224,
-1.8189870418879912
],
[
1.1863798242734083,
1.1174713392306437,
-1.3675808924989372
],
[
0.4375423346878889,
0.6746759012081123,
-1.1242916857389607
],
[
0.8683958050603326,
0.883458239723593,
-1.6280847143078991
],
[
0.8620496561002972,
0.7937303519372603,
-0.9438773417952135
],
[
0.4671166303205773,
-0.027679764265297988,
-0.47194601126774116
],
[
0.723902993398596,
0.4239282159251255,
-0.20622610836188526
],
[
-0.06082809317441861,
0.7329966112304189,
-0.6492617091785564
],
[
0.11809349177292505,
-0.8553329051765004,
0.8085505049797455
],
[
-0.7462905328982687,
-0.007643763785180777,
1.0288398478708691
],
[
0.10847541912266309,
0.05974880299467434,
-0.00042625852491936914
],
[
0.13228375670419582,
-0.5473275457263014,
0.10233823250592074
],
[
-0.23848445699148052,
-0.0799086159500419,
0.18209237127422956
],
[
0.02667572400039685,
0.42633508385431124,
-0.4221905690385016
],
[
-0.20320193889118263,
0.07228627082551321,
-0.013250075192556944
],
[
-0.003824843139409416,
0.3928352714238262,
-0.05678920427095248
],
[
0.07738996457337594,
-0.41670021106646704,
0.13706066099749492
],
[
-0.4827245421705173,
-0.1944535509323771,
0.10202170542112861
]
],