{
"contact_id_pairs": [
[
2,
4
],
[
2,
34
],
[
1,
14
],
[
1,
28
],
[
2,
14
],
[
14,
28
],
[
3,
6
],
[
6,
37
],
[
1,
3
],
[
1,
11
],
[
3,
11
],
[
11,
26
],
[
4,
5
],
[
4,
35
],
[
5,
16
],
[
5,
36
],
[
15,
18
],
[
15,
50
],
[
16,
36
],
[
18,
50
],
[
36,
50
],
[
6,
38
],
[
7,
38
],
[
7,
36
],
[
8,
12
],
[
10,
12
],
[
10,
36
],
[
12,
36
],
[
36,
48
],
[
8,
39
],
[
9,
39
],
[
9,
47
],
[
39,
47
],
[
9,
37
],
[
26,
27
],
[
26,
37
],
[
26,
38
],
[
37,
38
],
[
10,
40
],
[
11,
40
],
[
12,
41
],
[
13,
41
],
[
13,
42
],
[
0,
13
],
[
13,
32
],
[
13,
43
],
[
32,
43
],
[
14,
40
],
[
15,
40
],
[
16,
17
],
[
16,
44
],
[
17,
44
],
[
44,
49
],
[
17,
28
],
[
17,
29
],
[
17,
34
],
[
28,
29
],
[
28,
35
],
[
18,
41
],
[
18,
45
],
[
19,
45
],
[
0,
19
],
[
19,
33
],
[
19,
46
],
[
33,
46
],
[
20,
27
],
[
20,
30
],
[
30,
47
],
[
20,
21
],
[
20,
39
],
[
20,
48
],
[
21,
48
],
[
39,
48
],
[
21,
22
],
[
21,
42
],
[
22,
42
],
[
22,
25
],
[
25,
43
],
[
31,
43
],
[
31,
46
],
[
23,
30
],
[
23,
49
],
[
29,
30
],
[
23,
44
],
[
23,
50
],
[
24,
50
],
[
44,
50
],
[
24,
25
],
[
25,
45
],
[
31,
32
],
[
31,
33
]
],
"nstatus": 0,
"opt_line_pos": [
[
0.8185149526490512,
-0.7085183778507534,
-1.3987256952125162
],
[
-0.5032995021920664,
0.7546822761913682,
0.9249762513505557
],
[
-1.3722322642528297,
0.24248792886809,
0.5775671373032659
],
[
-0.3405567069588528,
1.0551679621680459,
0.7755629027391888
],
[
-1.0250741561685213,
0.2648168166875462,
0.5380623430071044
],
[
-0.6705055856922234,
-0.09909099155539693,
0.08782006760426245
],
[
-0.23300166002292225,
0.9364216479485951,
0.5033681116447528
],
[
-0.1673854231248194,
0.45209234480812555,
-0.1391909473075188
],
[
0.15066492168995158,
0.29922223976198375,
-0.26891695241501173
],
[
0.10185394539107488,
0.1754806864748411,
0.2570454569993403
],
[
0.2463696778468612,
-0.014018641216999413,
-0.5444675856074158
],
[
0.06700907855932282,
0.5575792846033282,
0.26672578067295294
],
[
0.18410881539631238,
0.11955164975152857,
-0.3647805562428358
],
[
0.6781476295215407,
-0.3277127967852239,
-0.8541299336842677
],
[
-0.862896910735672,
0.3129652129129137,
0.8063166610813934
],
[
-0.28210255884400703,
-0.015965780472933212,
0.15479805426019064
],
[
-0.29181483394318414,
-0.23309566840263213,
-0.569282834715765
],
[
-0.44007438305469043,
-0.1283433621786049,
0.0027181657236479938
],
[
-0.07674413576829828,
-0.3775444839147044,
-0.487443906311105
],
[
0.0057334398591412745,
-0.4993560843787997,
-1.0031428814328862
],
[
-0.09292384744313399,
0.056022559393082795,
0.6529755181126751
],
[
0.3654767186250613,
-0.24173803467468716,
-0.03222721328823309
],
[
0.48184525007893386,
-0.5989021754361278,
-0.39812240304407626
],
[
-0.32856161767996656,
-0.07412403483842726,
0.5795045361928784
],
[
0.15920500802532775,
-0.4511523110902428,
0.0755722378213556
],
[
0.2430643334087935,
-0.7543469462341543,
-0.35814418002309684
],
[
-0.20430626590543044,
0.6022841282944285,
0.7690108575750632
],
[
-0.3283845346891386,
0.46978757603786603,
0.6960424590224904
],
[
-0.8053664112951014,
0.30632733881664426,
0.7612422077593906
],
[
-0.7806018727229644,
-0.0030207391754594956,
0.7295621812967574
],
[
-0.29439768144448386,
0.13913445369341185,
0.8630394276208948
],
[
0.8783853456475167,
-0.8618895182615581,
-0.9983812171990912
],
[
0.7399128156961963,
-0.46706607427116786,
-1.1813763469381335
],
[
0.37616434515961256,
-0.6687576488725094,
-1.2036615773503767
],
[
-1.3708157268929428,
0.10539062791347438,
0.3914851518928596
],
[
-0.6951090300574388,
0.01256672011247979,
-0.06843645048459854
],
[
-0.3272015853243711,
-0.24574679360894405,
-0.4288485203785673
],
[
-0.261946709708135,
0.9035644168691206,
0.4692129324408876
],
[
-0.1347861603458636,
0.4873783975541202,
-0.11400503384176638
],
[
-0.002374536731314076,
0.36695338185797555,
0.14931369715101186
],
[
-0.05006093691044451,
0.2899037615724087,
0.18252560184490305
],
[
0.5974768273938684,
-0.41448034780204246,
-0.8439921301997089
],
[
0.5970525143803784,
-0.3100154474492965,
-0.6836517643968009
],
[
0.6651351784924527,
-0.4348412222475397,
-1.124645624705317
],
[
-0.3764095014324257,
-0.19342803788332605,
0.05883547641906391
],
[
-0.009666524776784343,
-0.5857002747823395,
-0.6944053595184396
],
[
0.274531914082566,
-0.6078539523528989,
-1.391449929546248
],
[
-0.10856243687274998,
0.28793468961050167,
0.9305658729301948
],
[
0.28631012510496123,
-0.1922247205568524,
0.12552209191360794
],
[
-0.1829911300732008,
-0.06920836563145913,
0.5201095026996079
],
[
-0.007641411359340528,
-0.2946628688466512,
0.05902831700388583
]
],
"opt_line_orient": [
[
-0.7060774191044014,
-0.6415992544687256,
-0.2996749487295246
],
[
-0.6322687958923782,
-0.7299821950621284,
-0.2595422212917947
],
[
0.689438782449366,
0.3897970921852939,
0.610518134193101
],
[
-0.4753203013312293,
-0.7229458922910721,
0.501417837698117
],
[
0.5492062235058011,
-0.43707745557071437,
-0.7122751026775584
],
[
0.4769491897413704,
-0.21833251402893925,
-0.8513814560600046
],
[
0.2281570819291206,
-0.766002268457923,
-0.6009865811171701
],
[
0.08388017555653925,
-0.8537124211219058,
-0.5139447617894142
],
[
-0.24245080788982526,
0.11543732504513202,
0.9632714205975362
],
[
-0.215713094826854,
0.12533566537626098,
0.9683794874453457
],
[
-0.5321768161598497,
0.21841990891310875,
0.817973459063529
],
[
-0.6509887519921033,
0.2541388259907816,
0.7152811348720104
],
[
0.33550415478637396,
-0.7085267178953503,
-0.6208275542769698
],
[
0.19228050873649027,
-0.6126675072483813,
-0.7665942417746765
],
[
0.36584412734138844,
-0.5959872459658528,
-0.7148127566963646
],
[
0.31497329527496987,
-0.46318943724203654,
-0.8284004879833377
],
[
-0.30689309952616417,
0.16821400837271416,
0.9367607340460042
],
[
-0.3327032089128901,
0.0333281349472284,
0.9424424704988656
],
[
0.2846759960122206,
-0.5823256955950096,
-0.76148300148082
],
[
0.7498936853723956,
-0.3643239056766972,
-0.55220245598067
],
[
0.494697272923984,
-0.3228509012533949,
-0.8068716773573379
],
[
0.2111070376927297,
-0.730182929930494,
-0.6498205194318812
],
[
0.3166007697865033,
-0.7100300126054565,
-0.628984366872571
],
[
0.43528027387255697,
-0.36177437467607576,
-0.8244091126407849
],
[
0.32430339739404135,
-0.5494060337481896,
-0.7700521518181517
],
[
0.6855931924522835,
-0.29155958356714123,
-0.6670494612045208
],
[
-0.8936350328572737,
0.4487938511832866,
-0.0007121729098263785
],
[
0.431520901934478,
-0.8933931008089743,
-0.12505390286024984
],
[
0.12890374602718677,
-0.9907766531709403,
0.04177855659963354
],
[
0.7673945603395619,
-0.5690391089278205,
0.29546587158567506
],
[
-0.6682206183655887,
-0.7106005616115267,
-0.22029082375008993
],
[
0.3057192535663958,
-0.4502029420068581,
-0.8389595037945368
],
[
0.4458723948617179,
-0.8950957630279239,
-0.0011758017413301572
],
[
0.7824470152252256,
-0.5580494130677873,
-0.2763286466145583
],
[
0.9689558564083935,
-0.22788492766343804,
0.09588017561365912
],
[
-0.15794817818214596,
0.25780372621596337,
0.953199670456356
],
[
0.8587265635503764,
0.51100747476409,
-0.038210597851767586
],
[
0.30411094040806,
-0.7690368355610424,
0.5622267171474364
],
[
-0.02404079072937255,
0.05691588401427767,
0.9980894862325622
],
[
0.33745274131304254,
-0.8952941158256349,
0.29081625392729976
],
[
-0.6492043570745657,
-0.7473702748487157,
-0.1413201154399305
],
[
-0.8554261214985694,
-0.5145430170506755,
-0.05909005214334311
],
[
-0.18570389656300618,
-0.6975717873802215,
0.6920315485962177
],
[
0.36093201485707016,
-0.8912771550886668,
0.27450521573964376
],
[
0.9137535838332046,
-0.29129091758402353,
-0.2832030885513656
],
[
0.36202393199026,
-0.36899421876214006,
0.8560268332163599
],
[
0.5928817696310755,
-0.17839953972231073,
0.785280084725184
],
[
0.27354738129694195,
-0.11163638731404998,
-0.9553581251096642
],
[
0.15309354225068061,
0.5800503940171949,
-0.8000649396902955
],
[
-0.2407872968838624,
-0.3478548002144109,
-0.9061007204649796
],
[
-0.34390234961432414,
0.30805305622406026,
-0.8870369149481679
]
]
}