{
"contact_id_pairs": [
[
2,
5
],
[
2,
6
],
[
1,
7
],
[
5,
7
],
[
1,
2
],
[
7,
9
],
[
8,
9
],
[
8,
12
],
[
8,
13
],
[
9,
10
],
[
9,
13
],
[
3,
11
],
[
3,
12
],
[
11,
12
],
[
4,
11
],
[
4,
14
],
[
3,
4
],
[
3,
6
],
[
4,
6
],
[
14,
15
],
[
10,
15
]
],
"nstatus": 0,
"opt_line_pos": [
[
0.7898636075212494,
1.040140202078328,
-1.9920041344062784
],
[
-0.14305132116785094,
-1.4377873793964655,
0.8345003560911047
],
[
-0.14400007693682704,
-1.407541721117405,
0.8739692487266792
],
[
-0.3590077525451069,
-0.9381349446902993,
0.6336728520214373
],
[
-0.39214998100330495,
-0.8989526641046535,
0.5797391848828879
],
[
-0.2612441682740232,
-1.3064607337649679,
0.6312925219125725
],
[
-0.40135740431995826,
-0.9391534803767966,
0.6551129331150641
],
[
0.00854364697870412,
-0.8972033697908859,
0.23416432262930523
],
[
-0.033636908100847504,
-0.383144822806731,
0.18649808232178897
],
[
0.12301506846115365,
-0.5611398512875574,
0.47044971738320795
],
[
0.024211671307932493,
-0.7127629251544704,
0.823112212607483
],
[
-0.394058775045996,
-0.6286961638749297,
0.7431443004124522
],
[
-0.2895814204094721,
-0.5082316238050283,
0.42527925909375713
],
[
0.14829396863393834,
-0.4859744575981286,
0.6406769665120925
],
[
-0.24178185619746642,
-0.8133542288373146,
1.007374609991227
],
[
-0.05781186539925442,
-0.6969648033853524,
0.7879798948634827
]
],
"opt_line_orient": [
[
0.5479665688470867,
-0.8350912129641778,
0.04853148932362704
],
[
0.021250157219491802,
0.25401710550303686,
-0.966966256355415
],
[
-0.5791446543210044,
0.44307615596676314,
-0.6843062102488335
],
[
0.0895937053206003,
0.8725541228733421,
-0.4802314760859163
],
[
0.11611541268603467,
0.8713940829576997,
0.4766440633460795
],
[
0.49069142378722,
0.3203193548378398,
-0.8103193429370551
],
[
0.044003212359195895,
-0.9980255267841371,
-0.044819250209226204
],
[
-0.38309752945298275,
-0.8819426185780835,
0.27461518614718755
],
[
0.12056693655546179,
-0.9705350561962952,
-0.20862722378367918
],
[
-0.15504318470224976,
-0.7674629183651905,
-0.6220629227110139
],
[
0.14981074473265985,
0.35201760397210674,
-0.9239265919197169
],
[
0.11506032388307252,
0.2109241181824898,
-0.9707070300749149
],
[
0.6298996413312624,
0.2717944714570795,
-0.7275673213772825
],
[
-0.439522900903383,
0.33735012242508317,
-0.8324749332449934
],
[
-0.4367726687781432,
0.1885265440838431,
-0.8795950079350275
],
[
-0.7330321625548251,
-0.4728268934692343,
0.48897707254270134
]
]
}