{
"contact_id_pairs": [
[
1,
2
],
[
1,
10
],
[
1,
93
],
[
3,
4
],
[
4,
93
],
[
92,
93
],
[
2,
3
],
[
3,
16
],
[
4,
5
],
[
4,
6
],
[
4,
56
],
[
6,
56
],
[
56,
95
],
[
95,
96
],
[
5,
7
],
[
7,
8
],
[
8,
22
],
[
6,
14
],
[
6,
21
],
[
7,
21
],
[
7,
76
],
[
8,
11
],
[
8,
33
],
[
8,
97
],
[
9,
33
],
[
9,
95
],
[
33,
97
],
[
9,
12
],
[
9,
29
],
[
12,
13
],
[
12,
29
],
[
10,
94
],
[
11,
12
],
[
11,
30
],
[
11,
93
],
[
12,
93
],
[
93,
94
],
[
13,
15
],
[
15,
17
],
[
14,
15
],
[
14,
97
],
[
18,
96
],
[
18,
97
],
[
16,
18
],
[
16,
94
],
[
17,
92
],
[
17,
94
],
[
0,
55
],
[
0,
81
],
[
19,
81
],
[
19,
20
],
[
19,
65
],
[
0,
20
],
[
20,
53
],
[
20,
82
],
[
21,
70
],
[
23,
66
],
[
23,
80
],
[
66,
70
],
[
75,
80
],
[
22,
23
],
[
22,
24
],
[
23,
78
],
[
61,
78
],
[
24,
59
],
[
25,
77
],
[
36,
77
],
[
59,
77
],
[
25,
40
],
[
25,
67
],
[
25,
68
],
[
40,
68
],
[
40,
79
],
[
67,
73
],
[
26,
102
],
[
27,
38
],
[
38,
99
],
[
99,
102
],
[
26,
28
],
[
28,
31
],
[
27,
48
],
[
28,
48
],
[
29,
43
],
[
32,
43
],
[
35,
43
],
[
30,
31
],
[
31,
32
],
[
31,
99
],
[
32,
34
],
[
34,
103
],
[
33,
34
],
[
34,
98
],
[
35,
37
],
[
35,
100
],
[
98,
100
],
[
36,
39
],
[
36,
41
],
[
37,
41
],
[
38,
39
],
[
38,
101
],
[
42,
49
],
[
49,
100
],
[
100,
101
],
[
40,
42
],
[
40,
44
],
[
41,
42
],
[
41,
72
],
[
42,
44
],
[
43,
45
],
[
45,
47
],
[
44,
45
],
[
45,
46
],
[
45,
98
],
[
46,
101
],
[
46,
47
],
[
46,
48
],
[
47,
103
],
[
102,
103
],
[
49,
72
],
[
49,
77
],
[
49,
79
],
[
50,
72
],
[
50,
73
],
[
51,
73
],
[
51,
84
],
[
52,
69
],
[
60,
84
],
[
69,
84
],
[
52,
85
],
[
52,
89
],
[
52,
90
],
[
53,
89
],
[
53,
90
],
[
89,
90
],
[
54,
84
],
[
58,
62
],
[
58,
71
],
[
71,
84
],
[
54,
88
],
[
54,
91
],
[
55,
85
],
[
55,
91
],
[
85,
88
],
[
56,
57
],
[
57,
76
],
[
57,
78
],
[
76,
80
],
[
57,
75
],
[
58,
75
],
[
59,
74
],
[
60,
74
],
[
61,
62
],
[
61,
74
],
[
62,
74
],
[
63,
86
],
[
66,
67
],
[
66,
87
],
[
86,
87
],
[
63,
88
],
[
63,
105
],
[
64,
104
],
[
64,
105
],
[
88,
104
],
[
89,
104
],
[
64,
90
],
[
65,
90
],
[
81,
90
],
[
82,
91
],
[
90,
91
],
[
68,
86
],
[
69,
83
],
[
69,
86
],
[
69,
104
],
[
83,
104
],
[
70,
71
],
[
71,
83
],
[
71,
105
],
[
87,
105
]
],
"nstatus": 0,
"opt_line_pos": [
[
1.0457631356379962,
1.3068024245592815,
-1.8325880920769426
],
[
-0.3873766460968855,
-1.1016653726155479,
0.8568029789648863
],
[
-0.25835949644679557,
-1.2244103990082558,
1.10611884945054
],
[
-0.17313898728101354,
-1.2006294050024702,
0.88139765243249
],
[
0.15238223193354408,
-0.7200634685900458,
0.268665806593613
],
[
0.14344804641155248,
-0.37762141380027797,
0.3637106968807843
],
[
0.038899356581020735,
-0.4219059878445825,
0.5786939470689338
],
[
0.2036067582072541,
-0.44815151026013467,
0.43062997155940586
],
[
-0.3810578351178011,
-0.42412483347649615,
0.3828183565053682
],
[
-0.3343117997973569,
-0.7664182312370905,
0.7741505399270344
],
[
-0.3572137144165133,
-0.9402227596527528,
0.7635709994247315
],
[
-0.41898039611108606,
-1.0391970004218083,
0.4968101911934297
],
[
-0.3790352445252889,
-0.9104443252254426,
0.47167452686856737
],
[
-0.015899491105208743,
-0.7726541365751692,
1.1254883024643505
],
[
-0.007172772506936147,
-0.646407572471082,
0.8954806990384596
],
[
0.07938956820000019,
-0.5109858993378551,
0.7544566097893669
],
[
-0.16705614011609665,
-1.160971741488065,
1.0906901144672896
],
[
-0.24693490342627902,
-1.0694094738664677,
0.9795514395774688
],
[
-0.09014848282020435,
-1.1933729697951925,
1.0501975850597771
],
[
1.1447156238918832,
0.8502139098154089,
-1.7178419865380814
],
[
0.8898636075212494,
1.140140202078328,
-1.8920041344062783
],
[
0.5344161761572215,
-0.05290649054387528,
0.023877139259835978
],
[
0.043731566151483554,
-0.20979862494168103,
-0.12286538372274498
],
[
-0.07490367849006845,
-0.1955165955432423,
-0.09257576738621562
],
[
-0.08698996636843692,
0.09572351331830835,
-0.11719492903063136
],
[
-0.20631168794592614,
0.015085576521571284,
0.1499370533040043
],
[
-1.2788292407038757,
-0.07354235645674545,
0.5284766601966944
],
[
-1.5411071614134146,
-0.21449175529156594,
0.9669914335171557
],
[
-1.4735720503343945,
0.03660055830992474,
1.084858838333562
],
[
-0.6424975879646546,
-0.37927830784457917,
0.7857278319926655
],
[
-0.9817267989046046,
-0.49381888740687147,
0.5504210555039039
],
[
-0.823673931289849,
-0.45378574965453605,
0.5393418979804465
],
[
-0.963561205691757,
-0.3720468658926277,
0.5138200187607885
],
[
-0.5294537531551626,
-0.23936511838807248,
0.30547065134411705
],
[
-0.5019507744919347,
-0.3592066675317872,
0.4339686967686237
],
[
-0.32315146768337033,
-0.2610881830161239,
0.6114819087418993
],
[
-0.15060297811503975,
0.046716902465246936,
0.2794999247566872
],
[
-0.29689910971145694,
0.17117811395847618,
0.47958481944536535
],
[
-0.8907540558805844,
-0.042635843766513956,
0.11417034325356168
],
[
-0.7401636689863613,
0.05232732695809212,
0.09311727896260964
],
[
-0.6624008267481547,
0.14826306005718476,
0.5057692565757804
],
[
-0.35626571294418724,
0.15289736623312464,
0.5081175227601757
],
[
-0.5532233558482067,
0.20316241636527835,
0.6035267532040198
],
[
-0.883953539481353,
-0.3685215686964568,
1.1231272789787863
],
[
-0.632558725693527,
0.187658575388576,
0.7949547747354206
],
[
-0.6158680319424907,
-0.028083365711315294,
0.7288863655865326
],
[
-1.1204912724037652,
-0.05125455396263807,
1.0850530882217113
],
[
-1.1067448130761603,
-0.041324945831852505,
0.9595774886241873
],
[
-1.3348558500145689,
-0.14040673635612338,
0.9435407943524629
],
[
-0.9865856275465086,
0.008583449221417598,
0.41485763211607396
],
[
-0.41701261036420406,
0.513536232627753,
0.030621759616601286
],
[
0.15732797575406599,
0.6188080690290594,
-0.6333221692902108
],
[
0.2898932639302807,
0.7136589137808349,
-1.0822765609429994
],
[
0.5592659380601345,
0.9231133347746093,
-1.6634291539814412
],
[
0.7416366810674567,
0.2962667082834029,
-1.2241642019745949
],
[
0.8097289869029665,
0.7053976294590003,
-1.474235497884192
],
[
0.07030662245104931,
-0.9499383771584053,
0.3464680103479364
],
[
0.2441599105636705,
-0.5460035631147673,
-0.11484283347759841
],
[
0.7144991003751499,
-0.20648061179861207,
-0.48717939567196733
],
[
-0.20637486466873597,
0.19337564504917984,
0.0741878615071678
],
[
0.17061254093765177,
0.21678944854145418,
-0.5190985226711825
],
[
0.11949684631423169,
-0.03732282093628015,
-0.10941952067012299
],
[
0.3644589325372784,
0.25613170254787043,
-0.6653293341716908
],
[
0.4766433885272884,
0.5875996986917713,
-0.174131043626587
],
[
0.9538251096460209,
0.6212354402471388,
-0.7573118158095902
],
[
1.2453999988327167,
0.9922032271078699,
-1.2769387813340676
],
[
0.44716769923601724,
-0.1979853631186586,
-0.08088476127901381
],
[
0.054427468027340185,
0.3981936519070581,
0.06273156808783324
],
[
-0.10719326686245696,
0.2951968485608188,
0.16802067027633352
],
[
0.22000094615893717,
0.4942420912023219,
-0.5114740573111173
],
[
0.5150765414789926,
-0.019617276400972154,
0.09892353230572848
],
[
0.6507377227240272,
0.09707202458598649,
-0.45417541009384765
],
[
-0.37718906592032475,
0.1588101386861937,
0.6993032537132152
],
[
0.17881359277590023,
0.4101309564417329,
0.1573905336534431
],
[
0.0015504177601888642,
0.41852551793023374,
-0.5140438392742593
],
[
0.31465850656589534,
-0.015982219078178116,
0.01030638659253225
],
[
0.19044816708500648,
-0.4887787454278165,
0.36619501571819496
],
[
-0.2598349937810393,
0.2332989320906023,
0.1251760562780976
],
[
0.10665419142158507,
-0.02793067404050222,
-0.006641457186817264
],
[
-0.20515156796927841,
0.18150321747392947,
0.25939177225910415
],
[
0.3215234342976494,
-0.034847897319518706,
-0.08987700436530303
],
[
1.151499520634843,
1.0661860035053567,
-1.427922527395208
],
[
0.9662249570550024,
1.215020937956871,
-1.9295026085273717
],
[
0.11002394764872296,
0.6372709171482583,
-0.6757234746353004
],
[
0.36200208497173914,
0.6925850985408245,
-0.981657286412509
],
[
0.44007587391796504,
0.8331680516113529,
-1.3933587483400214
],
[
0.4365289431973371,
0.5359513450927736,
-0.26764458382717937
],
[
0.6696612674071446,
