{
"contact_id_pairs": [
[
1,
91
],
[
1,
96
],
[
2,
3
],
[
3,
91
],
[
1,
4
],
[
4,
6
],
[
4,
95
],
[
2,
94
],
[
4,
92
],
[
5,
92
],
[
92,
94
],
[
3,
21
],
[
21,
22
],
[
5,
7
],
[
7,
8
],
[
7,
9
],
[
9,
106
],
[
6,
17
],
[
6,
20
],
[
15,
17
],
[
7,
89
],
[
10,
11
],
[
10,
89
],
[
11,
93
],
[
89,
92
],
[
8,
10
],
[
8,
13
],
[
10,
12
],
[
9,
24
],
[
9,
53
],
[
11,
23
],
[
11,
90
],
[
11,
91
],
[
22,
23
],
[
12,
16
],
[
12,
94
],
[
14,
16
],
[
15,
16
],
[
15,
94
],
[
16,
93
],
[
13,
24
],
[
24,
28
],
[
28,
106
],
[
14,
89
],
[
14,
95
],
[
17,
90
],
[
18,
90
],
[
19,
90
],
[
90,
95
],
[
16,
39
],
[
34,
38
],
[
34,
39
],
[
18,
21
],
[
18,
23
],
[
18,
96
],
[
19,
35
],
[
19,
36
],
[
34,
35
],
[
35,
36
],
[
20,
33
],
[
20,
35
],
[
20,
38
],
[
25,
26
],
[
25,
27
],
[
25,
29
],
[
25,
30
],
[
26,
29
],
[
26,
33
],
[
27,
44
],
[
27,
45
],
[
28,
31
],
[
31,
32
],
[
31,
85
],
[
31,
105
],
[
30,
41
],
[
30,
47
],
[
37,
40
],
[
37,
105
],
[
41,
105
],
[
31,
109
],
[
37,
48
],
[
37,
53
],
[
48,
60
],
[
48,
76
],
[
49,
53
],
[
49,
109
],
[
60,
109
],
[
32,
42
],
[
39,
42
],
[
40,
42
],
[
36,
45
],
[
36,
46
],
[
41,
42
],
[
41,
43
],
[
42,
50
],
[
43,
44
],
[
43,
46
],
[
47,
48
],
[
47,
51
],
[
48,
50
],
[
49,
51
],
[
49,
52
],
[
52,
83
],
[
63,
66
],
[
63,
77
],
[
63,
83
],
[
77,
86
],
[
54,
57
],
[
55,
57
],
[
55,
58
],
[
55,
56
],
[
56,
58
],
[
56,
59
],
[
59,
68
],
[
60,
84
],
[
60,
86
],
[
84,
85
],
[
0,
62
],
[
0,
61
],
[
0,
64
],
[
0,
73
],
[
61,
79
],
[
62,
79
],
[
63,
64
],
[
63,
72
],
[
63,
75
],
[
64,
75
],
[
65,
76
],
[
65,
77
],
[
76,
82
],
[
77,
82
],
[
65,
107
],
[
67,
78
],
[
67,
107
],
[
66,
72
],
[
68,
72
],
[
68,
74
],
[
68,
79
],
[
71,
73
],
[
71,
78
],
[
72,
78
],
[
67,
82
],
[
69,
83
],
[
69,
88
],
[
81,
83
],
[
69,
75
],
[
70,
71
],
[
70,
75
],
[
70,
74
],
[
80,
108
],
[
80,
81
],
[
87,
88
],
[
97,
98
],
[
97,
103
],
[
97,
100
],
[
97,
101
],
[
98,
99
],
[
99,
104
],
[
100,
102
],
[
101,
102
],
[
107,
108
],
[
107,
109
]
],
"nstatus": 0,
"opt_line_pos": [
[
1.555134667672407,
-1.1325637363914582,
-2.3603021793448025
],
[
0.012136223842346144,
1.4425153050290271,
1.3563069177260088
],
[
-0.07215835957346418,
1.3925275930948744,
1.2644464137664786
],
[
-0.016121291091375296,
1.2988428985782552,
1.2987682153693378
],
[
0.07864480091355353,
0.7342041501638528,
1.0639619085171057
],
[
0.18287234756193596,
0.6473985233266313,
1.0633476831170814
],
[
-0.05637294394390131,
0.9165865142483103,
1.261787862978288
],
[
0.23326133987273792,
0.5033455258992172,
0.5925264092485921
],
[
0.23485443349751384,
0.4700292699928932,
0.5326053396038027
],
[
0.27358502984693867,
0.5901312812469375,
0.5751733695164637
],
[
0.25313467764992514,
1.0419569055240003,
0.264143199879135
],
[
0.23520668548674928,
1.062924839617834,
0.23452858446250696
],
[
0.12113220540217462,
0.4485688849267351,
0.3426939734428741
],
[
-0.012352398898728804,
0.45438903425319116,
0.34907597452724465
],
[
-0.19746599892361383,
0.443238930167345,
0.5011038229535874
],
[
-0.24736147186300733,
0.4825368092232037,
0.4439679943425381
],
[
-0.23012125191467397,
0.5790646142600432,
0.6257990210544261
],
[
-0.31271309539173386,
0.9464155775944832,
0.6903550901804839
],
[
-0.39682023798682164,
1.0553540757922446,
0.7818278743589371
],
[
-0.3834444114533022,
1.0692208625392698,
0.7178896324282862
],
[
-0.3894939451302947,
0.6198944385646087,
0.9582154523232468
],
[
-0.10013738693471742,
1.7829985189999025,
0.9888257276507414
],
[
0.019085069277742672,
1.744507516744459,
1.0414087917363508
],
[
0.1963915935642653,
1.474164625499489,
0.38136128448772766
],
[
0.5635135443174356,
0.01758982431534437,
-0.04093425747407032
],
[
-1.2806199897907067,
-0.022187441219552188,
1.281896215812591
],
[
-1.3113954312374208,
-0.003259571374213293,
1.254084377824807
],
[
-1.43667647611453,
0.04937899391284283,
1.2687033410049517
],
[
0.2185255395372554,
0.1123701303874936,
0.03335261848504129
],
[
-0.7441372481456704,
-0.09779673294337585,
0.9891770898789798
],
[
-0.7893812184121081,
-0.14616346641254646,
0.9353094312154756
],
[
-0.1523498610848142,
-0.21948219576830752,
0.11190473462649034
],
[
-0.1597187256480293,
-0.13740167512523208,
-0.04665550765644225
],
[
-0.9206082604444616,
0.09153246269047485,
1.2093734656692852
],
[
-0.9684635807760764,
0.3815509681940285,
0.6608503917562978
],
[
-0.9835358440187889,
0.34659431039928995,
0.6608488752838412
],
[
-0.9604315729827871,
0.3616865616070492,
0.7255817425287334
],
[
0.11861632884707014,
-0.39382888452086323,
-0.035899538562193765
],
[
-0.514826215625335,
0.16357073233129407,
0.5539254552610423
],
[
-0.5304814945674504,
0.23747586962533587,
0.5090942501875722
],
[
-0.4128234045587079,
-0.17822922171137762,
0.6899026093684049
],
[
-0.45118655262897644,
-0.22917197007900086,
0.5792017377872802
],
[
-0.3396395489572041,
-0.05101310751452585,
0.24989625982732516
],
[
-1.049858739978084,
-0.2628245129266179,
0.20029003394795317
],
[
-1.7247366933541404,
0.036092881799436705,
0.9892629964011254
],
[
-1.6753389883535545,
0.024191130963786882,
1.1518520545095414
],
[
-1.5163236740081847,
0.2786788636413534,
0.7799878142713003
],
[
-0.5111025633550879,
-0.1228879453848228,
0.5453884419884725
],
[
0.12639040058676607,
-0.42389358830316853,
-0.0057826253167316145
],
[
0.07121983240085683,
-0.5312267745195001,
0.06032339950980524
],
[
-0.9369645573883463,
-0.2628262569042533,
0.3391833239031673
],
[
-0.5756178717668867,
-0.5055198410560463,
-0.30613280053091935
],
[
0.02515449240727765,
-0.7760514733007748,
-0.8661099247874781
],
[
0.14966706759140386,
-0.5166809647121612,
-0.0796757440471666
],
[
0.14628084434359218,
0.5384570731785182,
0.6712551522745748
],
[
0.4734549613406562,
-0.1196967398860318,
-0.07972322309780502
],
[
0.46188601823611236,
-0.12224343138937004,
0.0577452788254577
],
[
0.11353544806512239,
1.025244150849379,
0.18824213273479548
],
[
0.49099191538325343,
0.5980866097997302,
-0.37035121753872857
],
[
0.7524248437774942,
-0.09489875853004151,
-0.8785064038632773
],
[
0.23523327701610697,
-0.5336359355561626,
-0.6791673285385922
],
[
1.1327596025182973,
-1.3694944838480052,
-2.344384306096795
],
[
1.472632897230158,
-1.0452639666822925,
-2.3983017812375764
],
[
0.624742517530869,
-0.9974228798356928,
-1.4482272402671248
],
[
0.9015733859732805,
-1.2837782430391043,
-1.9391377135253918
],
[
0.39760285150131097,
-0.7278482516363795,
-0.7340538692680868
],
[
0.6576917391334077,
-1.0260337727624005,
-1.344812210892924
],
[
0.7924219393968152,
-0.3358298581862435,
-0.6022993193301516
],
[
0.9213023341361072,
-0.5405046943267237,
-1.3176884691978068
],
[
0.9205414161486155,
-0.5779258679709433,
-1.3657103852430492
],
[
1.263861809434832,
-0.7782804920768295,
-1.8518206118592415
],
[
1.2549731804778217,
-0.8995929196344301,
-1.8535409738536972
],
[
0.8557413965806259,
-1.15320536144369,
-1.8201496383867122
],
[
1.3591160293948807,
-1.2501376324476932,
-1.6963728171732664
],
[
1.2708871623141476,
-1.2858904798439443,
-1.7042687366232634
],
[
1.1600626014017574,
-0.8569342511076988,
-1.8457628472490137
],
[
0.17212705701090802,
-0.43751433607471557,
0.09691445007270318
],
[
0.411824302328439,
-0.7531752321975635,
-0.660407721866187
],
[
1.0132012870047873,
-1.0034337457184639,
-0.8084533459736548
],
[
1.2709805551744897,
-1.4198122874799768,
-1.6294504843542226
],
[
0.5687920952497076,
-0.12166799252609807,
-0.050954979429834436
],
[
0.689305716390841,
-0.3003400000887089,
-0.6702870230782297
],
[
0.8421069614518059,
-0.3136503278104012,
-0.6562185121301488
],
[
1.037785127384476,
-0.5654371420681719,
-1.3991489052944432
],
[
0.26622883176549805,
-0.5356306713807094,
-0.6014656074870366
],
[
-0.12394120739388201,
-0.15175982421951004,
0.011843744489356026
],
[
0.1983229875662817,
-0.5332167178550188,
-0.778165306508928
],
[
0.08135811586876203,
0.21290711199238943,
-0.06335883344176246
],
[
0.5084625263962489,
-0.1297473662297149,
-0.7269125435467856
],
[
-0.22578359434620834,
0.9622713479464373,
0.7127409130520651
],
[
-0.34320939632726694,
1.0224820140123516,
