{
"contact_id_pairs": [
[
1,
13
],
[
1,
15
],
[
1,
39
],
[
15,
37
],
[
37,
42
],
[
1,
9
],
[
1,
14
],
[
1,
38
],
[
1,
40
],
[
9,
38
],
[
40,
41
],
[
2,
31
],
[
2,
33
],
[
2,
50
],
[
31,
33
],
[
31,
51
],
[
2,
3
],
[
2,
43
],
[
3,
35
],
[
3,
36
],
[
35,
36
],
[
35,
44
],
[
36,
44
],
[
3,
34
],
[
31,
34
],
[
31,
48
],
[
31,
49
],
[
4,
59
],
[
4,
66
],
[
4,
67
],
[
59,
67
],
[
66,
67
],
[
4,
10
],
[
4,
11
],
[
4,
13
],
[
11,
12
],
[
5,
7
],
[
5,
9
],
[
6,
8
],
[
6,
9
],
[
5,
57
],
[
5,
59
],
[
57,
59
],
[
58,
59
],
[
6,
53
],
[
6,
56
],
[
6,
69
],
[
56,
69
],
[
7,
54
],
[
28,
30
],
[
28,
54
],
[
30,
54
],
[
8,
55
],
[
54,
55
],
[
10,
18
],
[
10,
47
],
[
10,
68
],
[
18,
47
],
[
47,
68
],
[
11,
64
],
[
64,
65
],
[
12,
17
],
[
12,
64
],
[
17,
64
],
[
29,
64
],
[
14,
69
],
[
14,
70
],
[
57,
69
],
[
69,
70
],
[
15,
68
],
[
15,
71
],
[
67,
68
],
[
68,
71
],
[
16,
20
],
[
16,
29
],
[
16,
17
],
[
16,
18
],
[
19,
55
],
[
19,
58
],
[
55,
60
],
[
19,
28
],
[
19,
61
],
[
20,
60
],
[
20,
66
],
[
60,
66
],
[
65,
66
],
[
21,
41
],
[
21,
45
],
[
22,
42
],
[
22,
45
],
[
21,
25
],
[
24,
39
],
[
24,
46
],
[
25,
27
],
[
25,
46
],
[
27,
39
],
[
27,
46
],
[
39,
46
],
[
22,
23
],
[
22,
25
],
[
25,
26
],
[
25,
40
],
[
25,
52
],
[
40,
52
],
[
23,
24
],
[
23,
34
],
[
24,
33
],
[
24,
44
],
[
24,
45
],
[
33,
45
],
[
26,
38
],
[
26,
70
],
[
53,
70
],
[
27,
37
],
[
27,
71
],
[
37,
47
],
[
37,
71
],
[
47,
71
],
[
30,
61
],
[
56,
61
],
[
32,
51
],
[
32,
52
],
[
32,
46
],
[
32,
49
],
[
46,
49
],
[
0,
35
],
[
0,
50
],
[
50,
62
],
[
0,
48
],
[
36,
63
],
[
48,
63
],
[
43,
62
],
[
43,
63
]
],
"nstatus": 0,
"opt_line_pos": [
[
1.0113703413157782,
1.3435214711339853,
-2.0285327159577284
],
[
0.3431786219682463,
-0.032895229315810445,
0.20721799000381574
],
[
0.6172150608528821,
1.2250867947455446,
-1.4176702642646033
],
[
1.336041195435229,
1.1798461480824014,
-1.1642654084435364
],
[
-0.3967550390301546,
-0.4459849394758598,
0.6553679966386666
],
[
-0.36386048744659366,
-0.06876850698979535,
0.8573717318813733
],
[
-0.5003601141141638,
0.045079268534960595,
0.6591678867908518
],
[
-1.342054188391599,
-0.27014784029222116,
1.2745149761619963
],
[
-0.7787774011129446,
-0.1874961087740764,
1.1326546971145086
],
[
0.16003241396407145,
0.2425991039053083,
0.0393412965776352
],
[
0.19547882809363187,
-0.4649754927777849,
0.8908613751283785
],
[
-0.4364441968156315,
-0.62730497329263,
1.1848169144942868
],
[
0.006532141726499314,
-0.5517705664023822,
0.8327896643417851
],
[
0.1208385204473136,
0.026545075835115204,
0.25287106018548144
],
[
-0.4648779570822848,
-0.10420523829544537,
0.42692809661831793
],
[
0.3395861201633888,
-0.17631041656276958,
0.22036551625811515
],
[
-0.30926670937829204,
-1.6517430362719698,
0.8502384047052055
],
[
-0.10830276319542242,
-1.3434956170894252,
1.143219520029287
],
[
0.2581814250092521,
-1.0747257509443318,
0.4759717141097156
],
[
-0.9463428381383271,
-0.36519619612873805,
1.0037006775585844
],
[
-0.45566674995512785,
-0.9721402123431717,
1.1891538745725112
],
[
0.34407773616578774,
0.5085576884110315,
-0.09825768508757511
],
[
-0.17881108356447156,
0.5132707573241642,
-0.6320883348398632
],
[
0.8504547775681655,
0.7715457462874556,
-0.824253071440852
],
[
0.7364345782797925,
0.8029975077571173,
-0.7775969590632817
],
[
-0.12014399514140445,
0.5621851521527301,
-0.5359752500436368
],
[
-0.4824396540978107,
0.2248017355141706,
-0.01142454607179993
],
[
0.6100848936124259,
-0.0740146413430172,
-0.45504577044626077
],
[
-1.5739060959903028,
-0.14386068453543965,
1.0762612420441968
],
[
-0.20178062913984554,
-1.635827957031384,
0.6727641818898685
],
[
-1.45017455698984,
-0.11863113268368466,
1.2411765844658875
],
[
0.6729879446875185,
1.01198303982051,
-1.5534386684911297
],
[
0.35001669869671725,
0.8224228692730534,
-1.1356998870299877
],
[
0.8487151630037081,
0.9449919876892477,
-0.707090930063288
],
[
1.057816945496002,
0.9281231230910786,
-0.7260090522082163
],
[
1.1263350201241669,
1.1443452522519277,
-2.1363642027407983
],
[
1.3471315584875838,
1.0573713774606157,
-1.438262622663099
],
[
0.2723056677239205,
-0.1541522181902778,
0.3643562389641915
],
[
-0.001957218754139819,
0.20347770362530765,
0.017493343150606442
],
[
0.5404942385057271,
-0.1888321249537007,
0.3338172472100027
],
[
-0.18954136249071607,
0.5277752106166648,
0.14268904906489116
],
[
-0.07974912041019273,
0.4827385586010375,
0.33532354787414687
],
[
0.31815158255073445,
-0.0024980175378597124,
0.4073506276388652
],
[
1.103238610940572,
1.3964302052062323,
-1.3444437758726728
],
[
0.7968575126891361,
0.6528711602259426,
-0.9810730274207167
],
[
0.4530394847044105,
0.5765742420255546,
-0.2564081828727419
],
[
0.5332848305935773,
-0.07296174226674475,
-0.5200354499300035
],
[
0.22877910167479518,
-1.1625557925595917,
0.3476098115667818
],
[
1.0991172074163216,
0.6971124027998999,
-1.6477144684210805
],
[
0.6058106360812979,
0.3703329955765478,
-0.9912395429312598
],
[
0.8582683131723461,
1.2438267781197176,
-1.3684122924018074
],
[
0.3055251013121183,
0.7617737156816956,
-0.9679824713279899
],
[
-0.16252469230768177,
0.6707973138997706,
-0.5488499890842709
],
[
-1.1570191833287329,
0.05952822113680591,
0.18388012942786075
],
[
-1.2699163687747588,
-0.24611360428025214,
1.151694314919875
],
[
-0.7896465762917381,
-0.3355030535482864,
1.2947241868257389
],
[
-0.9524842650850183,
0.029678403206744388,
0.34229600228876017
],
[
-0.22736047048791344,
-0.12286977708985317,
0.29721633749594206
],
[
-0.5668184802630241,
-0.09566581082263916,
0.4528866661409535
],
[
-0.5374754058070473,
-0.28505698176531374,
0.6581826455720878
],
[
-0.6621212600411167,
-0.6372360357713092,
1.1969318213955191
],
[
-1.3253896223304196,
0.010001376297338993,
0.5360473286235083
],
[
0.8408066376038312,
1.266191714068781,
-1.8006903975394035
],
[
1.3546701458441517,
0.9402355509446926,
-2.2263880013800916
],
[
-0.0956702572324229,
-1.2468212997546642,
1.2109154147691223
],
[
-0.29489366999488675,
-0.8330669772957903,
1.07718138557147
],
[
-0.48805211894001216,
-0.7566334587774789,
0.9861505759149655
],
[
-0.3477773090418986,
-0.493725615206162,
0.7182226950701595
],
[
0.08167153463118326,
-0.41356887386148095,
0.3542059309466529
],
[
-0.9178312089642671,
0.028752867145563306,
0.38946038299750146
],
[
-0.4518324467354258,
-0.15973845358182454,
0.5470607729267241
],
[
0.06597469230411929,
-0.45888279078046773,
0.4755228969194486
]
],