{
"contact_id_pairs": [
[
1,
7
],
[
1,
9
],
[
1,
16
],
[
9,
14
],
[
9,
16
],
[
14,
16
],
[
14,
19
],
[
16,
19
],
[
1,
5
],
[
1,
15
],
[
1,
17
],
[
1,
18
],
[
5,
17
],
[
5,
18
],
[
8,
15
],
[
17,
18
],
[
2,
24
],
[
24,
25
],
[
2,
6
],
[
2,
7
],
[
3,
4
],
[
4,
5
],
[
3,
23
],
[
3,
24
],
[
23,
24
],
[
4,
22
],
[
4,
27
],
[
22,
27
],
[
6,
21
],
[
6,
26
],
[
8,
27
],
[
8,
28
],
[
23,
27
],
[
23,
28
],
[
9,
26
],
[
9,
29
],
[
25,
29
],
[
10,
11
],
[
10,
19
],
[
10,
20
],
[
11,
18
],
[
19,
20
],
[
0,
10
],
[
0,
13
],
[
13,
16
],
[
11,
30
],
[
12,
17
],
[
17,
30
],
[
12,
15
],
[
12,
28
],
[
15,
22
],
[
15,
28
],
[
22,
28
],
[
13,
21
],
[
13,
29
],
[
14,
29
],
[
21,
29
],
[
0,
30
],
[
20,
30
]
],
"nstatus": 0,
"opt_line_pos": [
[
0.624186392864016,
-0.11907677794580548,
-0.7180476701522832
],
[
0.34010083182957257,
-0.09162146200076939,
-0.14760387325887792
],
[
-0.2861507430615499,
-0.2800744904247855,
0.3827393289130946
],
[
-0.7275705015208286,
0.14254979805501578,
0.6271295600654333
],
[
-0.6104639456834055,
0.13403258367718376,
0.7420705510807357
],
[
-0.2445417219472242,
0.4119323382002321,
-0.09850417898677637
],
[
0.3042423644298069,
-0.5476825282681193,
0.5939515951695248
],
[
0.18638506155069895,
0.11071605028474199,
-0.2517742616324599
],
[
-0.1586201563753535,
-0.018596187772245174,
0.2664141468461948
],
[
0.4280144794622768,
-0.06526554978803106,
-0.22888867706055294
],
[
0.5788682878847116,
0.5656680217661225,
-0.23639594348986537
],
[
-0.015933179291856153,
0.6120067921435339,
-0.7161012013321172
],
[
-0.7161574561959818,
0.36099327248926727,
-0.4106710377114811
],
[
0.5700473733785227,
-0.11472725232360154,
-0.9332336553554548
],
[
0.29060821178417345,
-0.044566050801421495,
0.06501061086737657
],
[
-0.005599005487841096,
0.20680279814873334,
-0.04807084436307335
],
[
0.33914153741773284,
-0.06971826841047846,
-0.008877158404562062
],
[
-0.16319213618794445,
0.4095439520210166,
-0.0417545956231533
],
[
-0.11690378499346568,
0.456572618577149,
-0.1572898668703323
],
[
0.3435139926009345,
0.16957482176737948,
0.17051854999160126
],
[
0.46776762181625736,
0.5608617964407667,
-0.006958749768398079
],
[
0.2521388679176053,
-1.1065182901838166,
0.2021177825078323
],
[
-0.9116466453684425,
0.02507364663729081,
0.29386933745780824
],
[
-0.5275758182696246,
0.06835318624970366,
0.16481030432613208
],
[
-0.4886574642041253,
-0.23596202466249525,
0.3513854698317319
],
[
-0.01770449567886196,
-0.41469460575378836,
0.30644181989908387
],
[
-0.0872920485238994,
-0.5311154210391829,
0.061129068355059886
],
[
-1.2074484151577443,
0.05596055693810904,
0.29012029016254925
],
[
-0.29816971644555335,
0.05476246900693578,
0.17230891242436006
],
[
-0.01582353259831848,
-0.3684441488786092,
0.2318133495901158
],
[
0.06117505526804525,
0.49394554302746874,
-0.5663311128546696
]
],
"opt_line_orient": [
[
0.23330101419445234,
0.9717996147126934,
-0.03429497951742467
],
[
-0.7364115579822988,
0.665615350686988,
0.12105462485969413
],
[
0.8333911051387485,
-0.07974722857580534,
0.5469000323734619
],
[
-0.02088304416977361,
-0.7318594919866112,
-0.6811355096126636
],
[
-0.7469033693594218,
-0.2066534527360006,
-0.6320045152622192
],
[
-0.361612802757988,
-0.24462697702573497,
0.899663171966466
],
[
-0.12818455482581761,
-0.8067946870036382,
-0.5767590943598623
],
[
-0.3728385876349076,
-0.41525353932215775,
0.8297926763058521
],
[
0.766507695268051,
0.48986922732165916,
-0.4153240821552987
],
[
-0.58238245590036,
-0.702123677863329,
0.40969868933539155
],
[
0.13780267792861936,
-0.769462532305352,
-0.623648806087157
],
[
0.7797798334945919,
-0.1693624612930782,
0.6027103516448817
],
[
0.6295040367202335,
0.18997051313162308,
-0.753416134611835
],
[
-0.07942840889506712,
-0.6009672412230762,
0.7953172340878342
],
[
0.01680237298713594,
-0.8138738168536458,
-0.5807986660643081
],
[
-0.8684569849227813,
0.15077842930711707,
-0.4722799282147302
],
[
0.19629770952564726,
0.020258770337718283,
-0.9803350404118932
],
[
0.04511618211216262,
0.08798051982635714,
-0.995099973993923
],
[
0.9021925515495206,
0.05227943544946761,
-0.42815354787465076
],
[
0.34992221990304934,
0.8656165542335466,
-0.3581374331942468
],
[
0.6090063663044935,
0.36411805978622774,
-0.7046483409035391
],
[
0.31948488394469243,
0.6365821728536406,
-0.7019206124169485
],
[
0.6680601160355234,
0.2654168341996712,
-0.6951615535154596
],
[
-0.49586284904419453,
-0.5156425589325531,
0.6987365643468666
],
[
0.8604905882844472,
-0.5089693751505479,
-0.022497169438549403
],
[
0.4142777989576823,
0.5826036591245156,
-0.6992473680075624
],
[
0.31814751626865884,
-0.9465926691451768,
0.052387752506606315
],
[
0.9554993591440843,
-0.2829708654412926,
0.08335744709772586
],
[
-0.42236353595748277,
0.4388939727156248,
-0.7930833021867177
],
[
0.5988994278341064,
-0.18747042969058325,
-0.7785719705535308
],
[
0.9160019027285461,
0.36226682561582246,
-0.1723463409995071
]
]
}