{
"contact_id_pairs": [
[
1,
2
],
[
1,
56
],
[
0,
16
],
[
0,
36
],
[
1,
36
],
[
0,
2
],
[
0,
22
],
[
0,
42
],
[
2,
22
],
[
3,
48
],
[
3,
18
],
[
3,
38
],
[
3,
49
],
[
17,
49
],
[
18,
38
],
[
4,
39
],
[
18,
19
],
[
19,
39
],
[
5,
31
],
[
5,
62
],
[
31,
62
],
[
31,
63
],
[
39,
63
],
[
5,
66
],
[
19,
40
],
[
19,
66
],
[
20,
40
],
[
6,
7
],
[
6,
52
],
[
7,
40
],
[
52,
63
],
[
63,
64
],
[
6,
8
],
[
6,
21
],
[
8,
20
],
[
8,
21
],
[
8,
41
],
[
20,
41
],
[
7,
8
],
[
8,
33
],
[
8,
54
],
[
32,
54
],
[
33,
54
],
[
9,
10
],
[
9,
64
],
[
10,
41
],
[
41,
54
],
[
9,
11
],
[
9,
21
],
[
10,
11
],
[
10,
32
],
[
11,
32
],
[
12,
28
],
[
12,
46
],
[
12,
61
],
[
28,
46
],
[
46,
53
],
[
53,
60
],
[
12,
13
],
[
12,
35
],
[
12,
55
],
[
13,
34
],
[
13,
35
],
[
35,
55
],
[
13,
26
],
[
13,
27
],
[
13,
47
],
[
26,
28
],
[
14,
29
],
[
14,
47
],
[
29,
47
],
[
14,
15
],
[
14,
35
],
[
15,
29
],
[
27,
29
],
[
16,
37
],
[
16,
67
],
[
17,
67
],
[
37,
67
],
[
51,
67
],
[
22,
43
],
[
23,
43
],
[
23,
24
],
[
23,
44
],
[
24,
44
],
[
24,
25
],
[
24,
45
],
[
25,
65
],
[
26,
30
],
[
26,
46
],
[
30,
46
],
[
46,
65
],
[
30,
45
],
[
30,
60
],
[
31,
45
],
[
31,
60
],
[
45,
59
],
[
45,
60
],
[
33,
52
],
[
33,
53
],
[
33,
65
],
[
33,
66
],
[
34,
52
],
[
53,
65
],
[
53,
66
],
[
65,
66
],
[
36,
51
],
[
36,
57
],
[
50,
57
],
[
51,
57
],
[
37,
48
],
[
37,
49
],
[
38,
62
],
[
59,
62
],
[
42,
56
],
[
43,
57
],
[
43,
58
],
[
44,
58
],
[
50,
67
],
[
55,
61
]
],
"nstatus": 0,
"opt_line_pos": [
[
0.6705973464307535,
1.0545705021697007,
-1.9710608685929407
],
[
1.2119121529226788,
1.1475384644615885,
-2.045546849401877
],
[
1.4619121529226788,
1.3930817735956964,
-2.0145248629182335
],
[
0.029518308945828835,
0.5285284276848657,
-0.9058231547741107
],
[
-0.35104447423150825,
0.14446129522380274,
-0.28234698683883824
],
[
0.0506001770374365,
-0.13798050861945066,
0.26946674170312995
],
[
-0.0642313984705184,
-1.0664512096727516,
0.9727905923297033
],
[
0.07134445383497695,
-1.069814326173514,
0.9391731238848743
],
[
-0.48269251221487114,
-1.0868706717981829,
0.9935999937432407
],
[
-0.2102899226335654,
-1.5644666577641075,
1.4280724656412713
],
[
-0.34547575315642237,
-1.438611203796516,
1.4544273632973652
],
[
-0.7699517776564978,
-1.6711137365608568,
1.3115622925282988
],
[
-0.916118232211406,
-0.02516069213354731,
0.7054842708719139
],
[
-0.9935814896652322,
-0.6770610307588675,
0.8866984080809125
],
[
-1.4220338527797285,
-0.3792983207815195,
1.3577306802955893
],
[
-1.7032612757613745,
-0.7043782545986358,
1.300372232600728
],
[
1.1420433296671986,
0.6418098214159103,
-2.148144673009671
],
[
0.7511525011346136,
0.23385397090081028,
-1.5939800726406832
],
[
0.8039752114927018,
0.02423431599415065,
-0.963204499695739
],
[
0.3608004145849804,
-0.15171150594877958,
-0.26317350204070766
],
[
0.19009617611566873,
-0.7710461039916786,
0.28990199780776493
],
[
-0.0801047215616223,
-1.5926937344519925,
0.8566347240706611
],
[
0.6323586215709724,
1.0711811822968182,
-1.9134731362527773
],
[
0.4545651877691158,
0.844526938881847,
-1.36652272464472
],
[
0.12650613454522516,
0.3479750161749208,
-0.9121673388069513
],
[
0.09403610376054222,
0.03675021902381777,
-0.08007440002226605
],
[
-0.7083439429862508,
0.14740170864491764,
0.34379515611150874
],
[
-1.580511110550475,
-0.03580919030609204,
0.8594232057414174
],
[
-0.8534940822255672,
0.15084908872161018,
0.6913613223497083
],
[
-1.6128946535188504,
-0.34953691047205965,
1.3663087103325815
],
[
-0.33987650379101875,
0.15236648460807742,
0.22429064986911199
],
[
-0.14402466922090693,
0.008127713910355432,
0.31286998762288454
],
[
-0.8220288579851038,
-1.63584746522667,
1.2718456280679784
],
[
-0.43091675674814683,
-0.9920265474327432,
0.8306418802705687
],
[
-0.4913770092863341,
-0.447752495363263,
0.26287893936770335
],
[
-1.705778518208008,
-1.0211643724061796,
1.3436988795738114
],
[
0.9731492211675645,
0.936457233529565,
-1.5557435081985567
],
[
0.6051671989189762,
0.5086432399139299,
-0.9640013464654278
],
[
0.5445905946580926,
0.38572406015703725,
-0.3137361076771533
],
[
0.2868446095648529,
-0.27171438663903713,
0.16504325439644904
],
[
0.2794670105059449,
-0.7975182054990888,
0.6681089573611712
],
[
-0.3326140326498474,
-1.375996452495047,
1.2750539457546244
],
[
1.0837619394664428,
0.8404755868929826,
-1.6142631046918308
],
[
0.5959472269511845,
0.5844992591386041,
-0.8193950510296516
],
[
0.2984869283382273,
0.20807100174912505,
-0.31373958823902504
],
[
-0.14971378550698944,
0.12698715449651474,
0.15773485031219747
],
[
-0.7897713280985404,
0.1417129257138352,
0.796423370093055
],
[
-1.404170419928673,
-0.33039341591089955,
1.2212240997619412
],
[
0.6070276400845495,
0.5609717410792584,
-0.9238905859060669
],
[
0.5525933987732117,
0.5026228946917729,
-0.7664665742502161
],
[
0.9021879876050045,
0.8134104088299807,
-1.3524986715041305
],
[
0.9256926164881923,
0.8134104088299807,
-1.5029599685109718
],
[
0.0013229080877851132,
-0.8911337043846821,
0.9679433675380966
],
[
-0.6907751970781392,
-0.005712942725584427,
0.8464955871269834
],
[
-0.6093312178356691,
-0.9539796737310312,
0.9132443894302968
],
[
-1.1562434455551909,
-0.7234406292018135,
0.8220370465682446
],
[
1.230223971361488,
1.1780875413286942,
-2.262500728457894
],
[
0.7843581881931354,
0.5940571720143172,
-0.8363073315495587
],
[
0.5525817639350805,
0.6762319206934543,
-0.9639967897100763
],
[
0.3621111823353273,
0.20253302560228412,
-0.1766607413876045
],
[
-0.713791245661232,
-0.1405655953322924,
0.7710614665039399
],
[
-0.8446907793888185,
-0.0695241906967776,
0.6882311234554713
],
[
0.3543950124052674,
0.21728121183394336,
-0.14171055833802326
],
[
0.20456393752090563,
-0.43408147349355797,
0.20559010100053762
],
[
-0.19682573756625746,
-1.0332041844853725,
1.0704602165934425
],
[
-0.2000522648891698,
-0.36574134339247344,
0.3184080396265945
],
[
-0.33983989728540676,
-0.23869860069597265,
0.39820685147609286
],
[
0.30273123205862484,
0.6581152208576156,
-1.4013405876017808
]
],