{
"contact_id_pairs": [
[
1,
2
],
[
1,
81
],
[
2,
3
],
[
2,
86
],
[
3,
86
],
[
1,
6
],
[
1,
85
],
[
4,
6
],
[
2,
4
],
[
4,
82
],
[
5,
82
],
[
5,
84
],
[
82,
84
],
[
3,
21
],
[
3,
22
],
[
5,
96
],
[
7,
8
],
[
7,
9
],
[
7,
96
],
[
6,
15
],
[
15,
20
],
[
17,
20
],
[
7,
82
],
[
10,
79
],
[
11,
79
],
[
11,
82
],
[
82,
83
],
[
8,
10
],
[
8,
12
],
[
8,
13
],
[
10,
12
],
[
9,
53
],
[
24,
53
],
[
11,
23
],
[
11,
81
],
[
22,
23
],
[
22,
80
],
[
12,
15
],
[
12,
84
],
[
14,
16
],
[
15,
16
],
[
83,
84
],
[
13,
24
],
[
13,
28
],
[
13,
96
],
[
24,
28
],
[
28,
96
],
[
14,
79
],
[
14,
85
],
[
17,
19
],
[
17,
85
],
[
18,
79
],
[
19,
85
],
[
79,
80
],
[
79,
85
],
[
16,
34
],
[
16,
38
],
[
16,
39
],
[
34,
39
],
[
18,
21
],
[
18,
23
],
[
23,
86
],
[
19,
36
],
[
34,
35
],
[
35,
36
],
[
20,
33
],
[
20,
35
],
[
33,
35
],
[
33,
38
],
[
25,
26
],
[
25,
27
],
[
26,
27
],
[
25,
29
],
[
29,
30
],
[
26,
29
],
[
26,
33
],
[
27,
44
],
[
27,
45
],
[
28,
32
],
[
28,
75
],
[
28,
95
],
[
31,
32
],
[
32,
95
],
[
30,
41
],
[
30,
47
],
[
37,
41
],
[
40,
41
],
[
40,
95
],
[
31,
37
],
[
31,
53
],
[
31,
60
],
[
31,
103
],
[
37,
68
],
[
48,
53
],
[
48,
103
],
[
49,
103
],
[
32,
39
],
[
32,
40
],
[
39,
40
],
[
39,
42
],
[
36,
45
],
[
36,
46
],
[
41,
42
],
[
41,
43
],
[
42,
43
],
[
42,
50
],
[
43,
50
],
[
43,
44
],
[
44,
46
],
[
47,
51
],
[
47,
106
],
[
48,
50
],
[
50,
51
],
[
49,
51
],
[
49,
52
],
[
52,
73
],
[
52,
76
],
[
63,
114
],
[
63,
115
],
[
69,
73
],
[
69,
107
],
[
107,
114
],
[
54,
105
],
[
55,
57
],
[
55,
58
],
[
55,
105
],
[
55,
104
],
[
56,
104
],
[
56,
59
],
[
58,
59
],
[
60,
74
],
[
74,
75
],
[
74,
76
],
[
75,
106
],
[
0,
62
],
[
0,
61
],
[
0,
101
],
[
64,
101
],
[
97,
101
],
[
61,
62
],
[
61,
100
],
[
63,
67
],
[
64,
67
],
[
65,
78
],
[
65,
108
],
[
65,
113
],
[
71,
108
],
[
73,
108
],
[
65,
67
],
[
65,
115
],
[
66,
67
],
[
66,
97
],
[
66,
102
],
[
68,
72
],
[
69,
72
],
[
69,
110
],
[
72,
112
],
[
70,
109
],
[
71,
109
],
[
71,
111
],
[
109,
111
],
[
77,
78
],
[
78,
105
],
[
87,
88
],
[
87,
93
],
[
87,
90
],
[
90,
91
],
[
88,
89
],
[
89,
94
],
[
90,
92
],
[
91,
92
],
[
98,
103
],
[
98,
109
],
[
98,
110
],
[
104,
110
],
[
109,
110
],
[
98,
108
],
[
99,
108
],
[
107,
111
],
[
107,
112
],
[
108,
112
],
[
99,
102
],
[
99,
113
],
[
100,
101
],
[
100,
102
],
[
101,
113
],
[
101,
114
]
],
"nstatus": 0,
"opt_line_pos": [
[
1.4021063410481205,
-1.0631688116177251,
-2.3754040647344596
],
[
-0.0412564993448384,
1.4232022886468527,
1.3699708566584636
],
[
0.002934686344357023,
1.4523081022466289,
1.3740232075703376
],
[
0.041963725466758556,
1.3732584419442093,
1.3520389461971871
],
[
0.10803341700029886,
0.7481731956304919,
0.9449628957827289
],
[
0.1153113254663826,
0.6501836050902052,
0.963304193574575
],
[
-0.20596263668095266,
0.8684113165070663,
1.3468464405877385
],
[
0.2962378953769477,
0.6030168605916681,
0.5919929741521502
],
[
0.26747855367444373,
0.6561261315622087,
0.5670941997156362
],
[
0.2706390176168329,
0.46415932637415486,
0.5922185751316975
],
[
0.23253541206227085,
1.1471994313555436,
0.28987512419367123
],
[
0.2326010195191662,
0.9511443623045275,
0.3022620431093632
],
[
0.087357486794349,
0.4506796856639821,
0.21096306409059065
],
[
0.11661938934476784,
0.33036323938967777,
0.21428700838115522
],
[
-0.14649767037410302,
0.44296405839540043,
0.5357178135098323
],
[
-0.19496632988927798,
0.5430753779154173,
0.450533098735771
],
[
-0.293161217674383,
0.4655513135668877,
0.6025487224860321
],
[
-0.23282468627520886,
1.0398751928588106,
0.8308288823506329
],
[
-0.3994485328342687,
1.0755748341919582,
0.8010598160123041
],
[
-0.2057617140807371,
1.0414711624041135,
0.8027497167851778
],
[
-0.2562254425649932,
0.7706290023176794,
0.9653191953165798
],
[
0.0026937347867648565,
1.706139557024064,
1.0081890958183246
],
[
0.02642474328825333,
1.6201301346295915,
1.0009584950189316
],
[
0.19395181340488507,
1.3036151626257004,
0.471355927021111
],
[
0.41654748482821286,
-0.034784894329212876,
-0.051882482756336355
],
[
-1.3047768017745085,
-0.007434550958382529,
1.2232451040733876
],
[
-1.3630784098068296,
0.034308524045145485,
1.2248463102248013
],
[
-1.3197386752174867,
0.043864925488447996,
1.327670799055849
],
[
0.14898959462218717,
0.13116149649281036,
-0.054006595989871946
],
[
-0.7895639693763775,
-0.11132417491517183,
0.9441125950802403
],
[
-0.7409482057237388,
-0.11972482819517426,
0.9481299805901167
],
[
-0.02738871261717007,
-0.2123833123196052,
-0.006359323517110808
],
[
-0.029633222385329967,
-0.07862059103353408,
-0.013455726650821042
],
[
-0.8209856134050606,
0.16770109057599258,
1.2239754821984874
],
[
-1.0014915189400402,
0.28077345032041734,
0.8389591757179241
],
[
-0.9735022040084224,
0.2818715855189609,
0.6882085491510761
],
[
-0.9594918712385171,
0.32178530385589854,
0.6985489959241472
],
[
0.13913634781360473,
-0.4062401718941029,
-0.028716908652569907
],
[
-0.39185921346807034,
0.31270265922870116,
0.45301190316266315
],
[
-0.48139601025897005,
0.18748418243557635,
0.5313753591573472
],
[
-0.4701819578756657,
-0.1350459577867582,
0.5653098305427559
],
[
-0.4860895011216504,
-0.18333567813093898,
0.5586027499395085
],
[
-0.33520984810487775,
-0.07804984891395235,
0.25179881549741423
],
[
-0.9037046854018884,
-0.2567785209499763,
0.20887980029132122
],
[
-1.6697061852578443,
0.08687780661141915,
0.9957114252412961
],
[
-1.634712695038122,
0.041665647769811194,
1.0601874794226984
],
[
-1.5952005976249641,
0.24939596040078912,
0.7084910951244939
],
[
-0.6093266134466887,
-0.2402921376607711,
0.5473676517965859
],
[
-0.02705214157044265,
-0.5474462618855896,
0.01837940966452704
],
[
0.14315865859824342,
-0.5526598528058929,
0.03610010779699994
],
[
-1.0221520670447826,
-0.25042591453459584,
0.3375374602531824
],
[
-0.5687169382863174,
-0.49558629504293905,
-0.3575304722712351
],
[
0.08580633511021685,
-0.7828642059167293,
-0.7574773322995997
],
[
-0.030250350156626384,
-0.5001523475840665,
-0.06829505724598159
],
[
0.308354027900852,
0.5404515988213257,
0.6675364059546124
],
[
0.5669699040991089,
-0.1189734520279501,
-0.05198983079447873
],
[
0.5004824962366108,
-0.11885225815450516,
-0.06714742648630435
],
[
0.20103554138550808,
1.0613578545498419,
0.31614550328855495
],
[
0.3801850711451617,
0.5543292973695492,
-0.27885885442628816
],
[
0.7380650846157523,
-0.09162877916862158,
-0.8663615923683922
],
[
0.2319631887413891,
-0.5303659561947427,
-0.6727173738195151
],
[
1.08331387926233,
-1.517169800233355,
-2.315840931826638
],
[
1.4330592697628934,
-1.0506687831990429,
-2.412769999473621
],
[
0.5518482845846442,
-0.9880775160047814,
-1.4127768184419782
],
[
0.9084451803360516,
-1.1913541397669616,
-1.8653984537219772
],
[
0.9782402888274156,
-0.5282303506647938,
-1.278552702278889
],
[
1.1756618875168434,
-0.8702629202634128,
-1.9524467814290465
],
[
1.284502700925646,
-0.8026330223958937,
-1.9218834950851744
],
[
0.16315861213382296,
-0.4328358729476678,
0.05241939532137791
],
[
0.3468073515410254,
-0.6845257484901217,
-0.6121787257490632
],
[
0.5613906355071331,
0.04617020052721076,
-0.07314695497396297
],
[
0.7523377082099678,
-0.36481059137072475,
-0.6989101303679474
],
[
0.6871766262754347,
-0.19396408056169462,
-0.6300002936259235
],
[
0.8956786951928223,
-0.5629934491266617,
-1.346176009986638
],
[
0.16811595120775372,
-0.6143062485570975,
-0.6608855045398458
],
[
-0.19652887833890498,
-0.1366145593680861,
-0.031190591301728625
],
[
0.30102936857810225,
-0.593646326189005,
-0.6816203360091865
],
[
0.06741359253339282,
0.1459656156750976,
0.059409664941270875
],
[
0.5241605519850459,
-0.2435289317277041,
-0.6173951829332374
],
[
-0.30085045770213864,
0.9825629069981333,
0.725151830617706
],
[
-0.20328221797645296,
0.9451810746450088,
0.7289765275698209
],
[
-0.08022586028600925,
1.3758586053274624,
1.3460771480606633
],
[
0.15157088744951425,
0.6517152871347053,
0.9664356212452543
],
[
-0.16525220101239443,
0.42731546848224544,
0.6405929103470888
],
[
-0.13014460705734762,
0.47223001248667607,
0.4590260751784108
],
[
-0.1027288375784468,
