{
"contact_id_pairs": [
[
1,
2
],
[
2,
10
],
[
1,
3
],
[
1,
4
],
[
2,
3
],
[
2,
16
],
[
4,
6
],
[
5,
51
],
[
6,
51
],
[
5,
8
],
[
5,
81
],
[
5,
86
],
[
7,
86
],
[
8,
81
],
[
81,
86
],
[
6,
7
],
[
6,
14
],
[
6,
21
],
[
7,
65
],
[
14,
21
],
[
21,
65
],
[
8,
9
],
[
9,
29
],
[
11,
29
],
[
9,
12
],
[
9,
13
],
[
13,
25
],
[
10,
12
],
[
11,
12
],
[
11,
26
],
[
13,
17
],
[
15,
17
],
[
14,
15
],
[
14,
18
],
[
16,
17
],
[
16,
18
],
[
17,
18
],
[
0,
19
],
[
0,
68
],
[
19,
50
],
[
19,
20
],
[
19,
58
],
[
20,
58
],
[
0,
20
],
[
0,
48
],
[
20,
69
],
[
21,
67
],
[
59,
64
],
[
59,
67
],
[
64,
67
],
[
64,
84
],
[
22,
23
],
[
23,
33
],
[
22,
24
],
[
24,
27
],
[
23,
43
],
[
24,
43
],
[
25,
28
],
[
25,
31
],
[
25,
38
],
[
28,
38
],
[
26,
30
],
[
27,
28
],
[
28,
30
],
[
29,
30
],
[
30,
31
],
[
31,
32
],
[
32,
34
],
[
32,
36
],
[
34,
82
],
[
36,
87
],
[
82,
87
],
[
33,
34
],
[
33,
44
],
[
34,
37
],
[
35,
37
],
[
36,
61
],
[
37,
39
],
[
37,
61
],
[
35,
85
],
[
60,
85
],
[
62,
66
],
[
62,
85
],
[
38,
42
],
[
40,
42
],
[
39,
40
],
[
39,
41
],
[
41,
43
],
[
42,
43
],
[
44,
66
],
[
45,
61
],
[
45,
66
],
[
45,
87
],
[
61,
66
],
[
45,
46
],
[
45,
62
],
[
46,
62
],
[
46,
79
],
[
46,
47
],
[
46,
54
],
[
47,
54
],
[
47,
74
],
[
54,
74
],
[
47,
75
],
[
48,
72
],
[
48,
75
],
[
71,
72
],
[
71,
75
],
[
49,
74
],
[
53,
74
],
[
55,
74
],
[
49,
70
],
[
50,
70
],
[
50,
75
],
[
73,
75
],
[
51,
65
],
[
51,
67
],
[
52,
86
],
[
65,
86
],
[
52,
53
],
[
52,
64
],
[
53,
64
],
[
54,
76
],
[
54,
83
],
[
63,
76
],
[
76,
83
],
[
55,
63
],
[
55,
77
],
[
63,
77
],
[
63,
80
],
[
56,
59
],
[
56,
78
],
[
59,
60
],
[
59,
78
],
[
59,
79
],
[
60,
79
],
[
56,
77
],
[
57,
70
],
[
57,
71
],
[
57,
77
],
[
70,
71
],
[
70,
76
],
[
70,
77
],
[
71,
77
],
[
57,
68
],
[
57,
72
],
[
57,
73
],
[
58,
72
],
[
68,
69
],
[
68,
73
],
[
52,
78
],
[
80,
84
],
[
81,
82
],
[
82,
85
],
[
83,
84
],
[
84,
85
]
],
"nstatus": 0,
"opt_line_pos": [
[
0.9357220158945709,
1.3788566148045582,
-2.203872248427087
],
[
-0.1008997259185609,
-1.5771382384595036,
0.6473022914506822
],
[
-0.02226389244399659,
-1.6295796683093358,
0.9117498298949448
],
[
0.12368816012628374,
-1.6441573313964148,
0.9264739514696562
],
[
-0.009460937238090572,
-1.0864823897204523,
0.31866672543281116
],
[
-0.020399411586557174,
-0.42628004853579243,
0.23426477692577916
],
[
0.2170053279406369,
-0.5501173687466927,
0.7515246177303416
],
[
0.11278086212603416,
-0.4125303879710361,
0.7263709681405351
],
[
-0.2763262687206108,
-0.36036474778309824,
0.34681136637539095
],
[
-0.12813148478825806,
-0.5715379886991134,
0.9079056347183294
],
[
-0.21894432169647265,
-1.0923059410191511,
0.5320330484986349
],
[
-0.13177372156989647,
-0.9189701763470318,
0.6922783012076587
],
[
-0.19398892882114374,
-1.0700433677769638,
0.6199492695338951
],
[
-0.04057168737326079,
-0.7509115482460726,
1.2537497231244652
],
[
0.017104687804712783,
-0.7854477706711651,
0.788904752794596
],
[
0.058173721199272194,
-0.7710659305923895,
0.8431858102935494
],
[
-0.18790575193946796,
-1.2603722023559558,
1.0285171953058203
],
[
-0.13529462488388114,
-1.3799278034550881,
1.0250894006555422
],
[
-0.17327283101399943,
-1.4443933973536212,
1.0250943972024837
],
[
1.452696965716558,
0.8474869613520808,
-2.021377866651896
],
[
1.0192782244548084,
1.3067214754531449,
-2.148424929267717
],
[
0.26196959391463387,
-0.018916643233968383,
0.05058316185611646
],
[
-1.426790645746625,
0.02034791162791192,
0.5643767583669501
],
[
-1.5639093913177662,
-0.16737604698661865,
1.0780361063620232
],
[
-1.700432342984878,
-0.24947631327646008,
0.9782518721856046
],
[
-0.732613748566823,
-0.3782005924675849,
0.9903985567842796
],
[
-1.0324598460183156,
-0.39078261171195794,
0.5745105896375022
],
[
-0.8861611710537982,
-0.4678324125772262,
0.7922270869878514
],
[
-1.0953923425025063,
-0.5064804168526889,
0.6897337873664271
],
[
-0.40183707208938324,
-0.1263969690024718,
0.5693428655949682
],
[
-0.5508217780457995,
-0.2839762188720579,
0.5206775864283998
],
[
-0.6174263346843507,
-0.26739459096533935,
0.5376876359797506
],
[
-0.5406194558308153,
0.04934623398470354,
0.4086685808634078
],
[
-1.1464322863317706,
0.17999464112568034,
0.22424496529827972
],
[
-1.102328693874907,
-0.0200504258210321,
0.3394895353441457
],
[
-0.42897285929009255,
0.018881952070110657,
0.5176146340299053
],
[
-0.42148165917288943,
0.3203224576718151,
0.41666718743459114
],
[
-0.582795354882047,
0.017819621154778975,
0.5594969664943867
],
[
-0.7827166182588498,
-0.322160574869896,
1.1855184244708679
],
[
-0.850671859284679,
0.0357350438983695,
0.8069083737278459
],
[
-0.8793266158942685,
0.08233186803764359,
0.8632962371394589
],
[
-1.4585422421150498,
-0.2064580998372445,
1.049729754424279
],
[
-1.3474625869682428,
-0.1449776806321182,
1.194466921270192
],
[
-1.4585422421150498,
-0.17059475692114856,
1.0806733799641415
],
[
-1.0238604451268327,
0.19568330194230527,
0.3112491536225112
],
[
-0.34612449336078366,
0.5018800791835725,
-0.07453790799389941
],
[
0.019421502680729622,
0.5740039577459001,
-0.6567157926052567
],
[
0.39917045431817616,
1.0354837562396293,
-1.1298100643177005
],
[
0.6102688124878052,
1.0983706602261076,
-1.71175402886383
],
[
0.9706539294455102,
0.4197897816543699,
-1.1973484598668853
],
[
1.2423355689605238,
0.7212011597338264,
-1.595156765687693
],
[
0.11331710354679471,
-0.7489897257740324,
0.3521731797422618
],
[
0.17441932337867455,
-0.2873044721979676,
-0.20236221622872883
],
[
0.42838018142544576,
-0.09412993223720015,
-0.6364568933172612
],
[
0.25077173909592954,
0.455251935626788,
-0.49705381980128494
],
[
0.6226833507316603,
0.03149987825451888,
-0.625686991338912
],
[
0.4250202813621691,
0.4914193099981489,
-0.31470194058274414
],
[
0.9517661980019637,
0.8562353954090687,
-0.9027081853399905
],
[
1.3237736066861185,
1.128788919618825,
-1.3908713022796098
],
[
0.33530909358400757,
-0.17334987011394415,
-0.027500194549073445
],
[
-0.17156817764571933,
0.2503266752497436,
0.06297222603506575
],
[
-0.3467128434058341,
0.16660550917912423,
0.5517688160284284
],
[
-0.13032524996237796,
0.5506122620962756,
-0.024587429682582623
],
[
0.10758421727805241,
0.28700331777294535,
-0.451805316026684
],
[
0.42993246096160354,
0.019398670627585435,
0.003556952870598552
],
[
0.10337947592296627,
-0.4162443597432993,
0.5333177213814988
],
[
-0.18761384797202824,
0.5546611854577708,
0.25792724953914214
],
[
0.34076498818061507,
0.20133174048546607,
-0.1126452103108938
],
[
1.1285757900876057,
1.287914468862268,
-1.618528932795328
],
[
0.9276169718745539,
1.2224297653427634,
-2.1321525606053733
],
[
0.9677144357042864,
1.0133554862554248,
-0.8249465415668418
],
[
0.9648120477627917,
0.9394310650801558,
-1.0325792736402295
],
[
0.7536876776229969,
1.0534567419358973,
-1.610985800265019
],
[
1.276514828423044,
1.4220854464843755,
-1.6168000334155341
],
[
0.5529413911953228,
0.8750257303898981,
-1.2008427210376806
],
[
0.7344709582730623,
1.2376580928237408,
-1.8695269431958406
],
[
0.879377988188226,
1.0368041215829478,
-0.7567117350975313
],
[
0.5088031946079123,
-0.0018317291142340522,
-0.5471951114476532
],
[
0.5925469857912373,
0.6183046467050384,
-0.3490339828372115
],
[
-0.21200705842609296,
0.526538752637463,
-0.5975015389024919
],
[
0.012613373874266101,
0.057321994149669174,
0.23567547460872246
],
[
0.04267047427700499,
-0.4057689144184481,
0.10233833448551972
],
[
-0.29536663925400375,
-0.1797999645712827,
0.37919263489302285
],
[
0.2033000586546564,
0.5306904981312649,
-0.6573272240554644
],
[
0.04007117538702919,
0.10415412868114195,
0.11283473042787875
],
[
-0.10903178482245077,
0.26628322747480476,
0.07217680827797301
],
[
-0.08259012974659187,
-0.17232601984739518,
0.17626909832120366
],
[
-0.34094077614641566,
-0.05362082126069805,
0.28317448025812264
]
],