{
"contact_id_pairs": [
[
0,
1
],
[
0,
7
],
[
0,
11
],
[
1,
2
],
[
1,
10
],
[
0,
2
],
[
0,
5
],
[
5,
12
],
[
3,
19
],
[
17,
19
],
[
3,
15
],
[
4,
15
],
[
4,
21
],
[
5,
14
],
[
5,
16
],
[
16,
21
],
[
6,
15
],
[
8,
15
],
[
6,
20
],
[
7,
13
],
[
7,
16
],
[
16,
20
],
[
8,
17
],
[
17,
18
],
[
9,
14
],
[
9,
18
],
[
13,
14
],
[
14,
18
],
[
18,
19
],
[
9,
10
],
[
9,
12
],
[
10,
12
],
[
11,
12
],
[
11,
20
],
[
12,
20
],
[
20,
21
]
],
"nstatus": 0,
"opt_line_pos": [
[
0.2762466865579082,
0.4813104732535088,
-0.7398530088287619
],
[
0.30322685410936734,
0.1575210643943851,
-0.6978036897209726
],
[
0.13712356648807145,
0.4104085147596379,
-0.7034986995105402
],
[
-0.7782303635371786,
-0.11268007266227605,
0.6631083928475477
],
[
-0.347396914535281,
-0.12832840860610295,
0.23758722284535894
],
[
-0.19370901502336896,
0.3227232502055205,
-0.13732407104104688
],
[
-0.08135287608089677,
-0.399724080036493,
0.10947016513482918
],
[
0.2567565471350376,
-0.14926706125418954,
-0.1968896091618562
],
[
-0.2461271341116374,
-0.9943068944581075,
0.6991774619251173
],
[
-0.15107666789973065,
-0.017652386145824865,
0.5751114209607746
],
[
0.17917030309267248,
0.3876536982801174,
-0.18722263659370142
],
[
0.3909300277614719,
0.33896582013707766,
0.055708627598135024
],
[
-0.008241177011018183,
0.5352773530192069,
-0.6904357674347384
],
[
0.11400433521790664,
-0.032997186792945624,
0.600124887242422
],
[
-0.026461192106153646,
-0.013369764806722112,
0.7683978295952831
],
[
-0.4390566527014468,
-0.1035653342422103,
0.30282006537082784
],
[
-0.10389487375054891,
0.34694477205697793,
-0.20179038843726085
],
[
-1.0936223841801969,
-0.45955342680730205,
0.7702860212211236
],
[
-0.02576041606949051,
0.16003956748469358,
0.6754058224868787
],
[
-0.18728535577569763,
0.1506664032082622,
0.6552155624206101
],
[
0.3222124052923493,
0.29613622301230014,
0.028819707293439443
],
[
-0.13095778118226795,
0.056200306728972395,
-0.20914201749821112
]
],
"opt_line_orient": [
[
0.6726545888906262,
-0.7258082399383815,
-0.14400764869246221
],
[
0.2734288140166909,
0.9562715030722124,
-0.10383398324940327
],
[
0.8957279534908175,
0.4446008074893681,
-0.0012471226699642694
],
[
0.5210950691254586,
0.24889862679945168,
-0.8164002710132334
],
[
0.27809728362369623,
0.26202476929002744,
-0.9241238667622591
],
[
0.4040311159498014,
0.42049076936393986,
-0.8123708329476632
],
[
0.3400787267458058,
0.4146522792504656,
-0.8440438062845705
],
[
0.46480601380303843,
0.2921014329250813,
-0.8358421635785336
],
[
0.3743319542433964,
0.552432705554915,
-0.7447776136979389
],
[
0.31117883622562853,
0.43406281177889955,
-0.8454331477508195
],
[
0.352145321762122,
0.512936023852812,
-0.7828731109158873
],
[
0.1155782236778564,
-0.16447017459276508,
-0.9795872783376154
],
[
0.41002754825210874,
-0.14543111314157417,
0.9004039099230786
],
[
0.2728722947269193,
-0.0669250238703203,
-0.9597196215303834
],
[
-0.3373861418932389,
0.2495383199426997,
-0.9076900451908517
],
[
0.5484377743739357,
-0.8321733517630004,
-0.08187502827662226
],
[
0.5149058503788382,
-0.8565785467190102,
0.03384019128778467
],
[
0.8095008336502514,
-0.5845314223374781,
-0.055058302004993336
],
[
-0.4693313792197205,
-0.882800506431367,
0.019781868572937514
],
[
-0.887410983220582,
-0.45477827348437044,
0.07535561575659237
],
[
-0.45841040773971387,
-0.7878359195298945,
-0.4113082323202332
],
[
0.94297021778927,
0.17040418628231488,
0.2859538103609023
]
]
}