{
"contact_id_pairs": [
[
1,
4
],
[
1,
5
],
[
1,
27
],
[
4,
26
],
[
4,
27
],
[
1,
6
],
[
1,
24
],
[
1,
25
],
[
3,
6
],
[
6,
25
],
[
2,
20
],
[
2,
27
],
[
2,
28
],
[
20,
27
],
[
20,
28
],
[
2,
19
],
[
2,
21
],
[
2,
25
],
[
3,
4
],
[
3,
7
],
[
4,
7
],
[
4,
16
],
[
7,
8
],
[
7,
16
],
[
8,
16
],
[
8,
17
],
[
5,
6
],
[
5,
18
],
[
5,
76
],
[
6,
75
],
[
17,
75
],
[
18,
76
],
[
0,
7
],
[
0,
26
],
[
0,
53
],
[
7,
53
],
[
0,
8
],
[
0,
24
],
[
0,
54
],
[
24,
54
],
[
9,
15
],
[
9,
82
],
[
11,
52
],
[
52,
82
],
[
9,
22
],
[
9,
23
],
[
22,
23
],
[
22,
85
],
[
23,
85
],
[
10,
14
],
[
10,
83
],
[
13,
39
],
[
13,
83
],
[
14,
83
],
[
39,
83
],
[
10,
29
],
[
10,
30
],
[
10,
84
],
[
30,
84
],
[
11,
21
],
[
11,
22
],
[
21,
22
],
[
12,
20
],
[
12,
81
],
[
20,
75
],
[
12,
19
],
[
12,
76
],
[
76,
78
],
[
13,
28
],
[
28,
29
],
[
29,
74
],
[
14,
15
],
[
14,
73
],
[
14,
74
],
[
18,
74
],
[
16,
53
],
[
16,
54
],
[
53,
54
],
[
23,
67
],
[
67,
68
],
[
67,
69
],
[
30,
37
],
[
30,
77
],
[
37,
40
],
[
31,
32
],
[
31,
33
],
[
31,
49
],
[
49,
50
],
[
32,
34
],
[
32,
36
],
[
34,
36
],
[
33,
34
],
[
33,
35
],
[
35,
38
],
[
37,
39
],
[
38,
39
],
[
36,
45
],
[
36,
48
],
[
42,
45
],
[
42,
48
],
[
38,
84
],
[
41,
77
],
[
41,
84
],
[
77,
80
],
[
40,
50
],
[
40,
51
],
[
41,
43
],
[
42,
43
],
[
42,
44
],
[
43,
45
],
[
43,
46
],
[
45,
46
],
[
45,
47
],
[
44,
62
],
[
62,
64
],
[
62,
65
],
[
64,
65
],
[
46,
49
],
[
49,
51
],
[
47,
61
],
[
47,
62
],
[
61,
63
],
[
48,
60
],
[
48,
64
],
[
60,
61
],
[
60,
64
],
[
52,
66
],
[
52,
67
],
[
59,
66
],
[
59,
67
],
[
55,
56
],
[
55,
57
],
[
56,
57
],
[
55,
58
],
[
55,
59
],
[
56,
58
],
[
56,
60
],
[
58,
60
],
[
57,
70
],
[
57,
71
],
[
63,
71
],
[
63,
72
],
[
65,
66
],
[
65,
85
],
[
66,
68
],
[
79,
85
],
[
69,
70
],
[
69,
72
],
[
22,
73
],
[
78,
79
],
[
78,
80
],
[
79,
80
],
[
79,
82
],
[
81,
82
],
[
81,
83
]
],
"nstatus": 0,
"opt_line_pos": [
[
0.8881388932976548,
1.312471791108423,
-2.3079932098525244
],
[
0.7040802771020073,
1.0786236427275508,
-1.6739327436701892
],
[
0.4945339603145148,
0.9271773751928605,
-1.2512715328448216
],
[
1.2528177022255438,
1.1044790713978594,
-1.545992353792535
],
[
0.626320918870611,
1.0934203766731097,
-1.6538866683797502
],
[
0.9019237735741702,
0.7588285354365419,
-1.0326059396183787
],
[
0.8057981700211235,
0.8137978080695489,
-0.8840076827336857
],
[
1.0798072193172439,
1.140982546919474,
-2.2677268238254302
],
[
1.2217212732314557,
1.2829889664958698,
-1.650908859210245
],
[
0.2421558956643379,
-0.013759766455664095,
-0.13410908452979292
],
[
-0.06344799261772752,
0.34990532984667994,
-0.007279430706959565
],
[
0.3201532936248959,
-0.092221892845047,
0.14054776273395794
],
[
0.24214418225586723,
0.33331950789427583,
-0.626763103258487
],
[
0.12661597274109068,
0.6125525480032734,
0.010780825770917228
],
[
-0.06257869611941191,
0.3202847024608797,
0.11447007331927757
],
[
0.2028111255726685,
0.07268277417853525,
0.10175029410615433
],
[
1.064735438116315,
1.152489128812068,
-1.6908931628833723
],
[
1.0055767380010288,
1.0458241215450408,
-0.671600755746444
],
[
0.4313278351630369,
0.40889849803571854,
-0.3361531060246512
],
[
0.606064617473171,
0.02667027621223259,
-0.49719183373831005
],
[
0.09025168731244174,
0.304132051580722,
-0.468438894078029
],
[
0.5327244961611475,
0.019938013000868324,
-0.749432024117661
],
[
0.17546321710778096,
-0.43656352628348905,
-0.15533328444958228
],
[
0.0636635464518265,
-0.8899930244639375,
0.2730801883479538
],
[
1.1135405960123923,
0.5522797836123516,
-1.7122178204191425
],
[
0.8272411190885103,
0.4556059839205045,
-1.0939843967679046
],
[
0.5382670241511278,
1.0566407195821501,
-1.7138182782183238
],
[
0.4760013012699948,
0.9617826794669385,
-1.1880134627175911
],
[
-0.027822621970565575,
0.7159942630124944,
-0.5919661297610384
],
[
-0.3212090980824465,
0.21476201522498414,
-0.0701056541047579
],
[
-0.874241058157783,
0.10607205024933053,
0.289493883993809
],
[
-1.3307763701081767,
-0.06503840628127126,
1.0613134378791569
],
[
-1.4514946273895994,
-0.003155259953962221,
1.2459347015958167
],
[
-1.4373590973836785,
-0.10001742038167838,
1.072005196655867
],
[
-0.842934004508508,
-0.06103113149364731,
0.8843085081359476
],
[
-0.6284905570279544,
-0.1058492969014635,
0.7916049936939842
],
[
-0.982752041116963,
-0.1431600370792819,
1.06451952857504
],
[
-0.4331574017038597,
0.2742517157476272,
0.54401430739915
],
[
-0.5958667735648061,
0.06373956583045767,
0.6279283162277846
],
[
-0.4723904272086519,
0.28323415088075726,
0.6715823420212792
],
[
-0.9242125039075052,
0.21766705092348781,
0.4665214059516381
],
[
-0.18845566349126647,
-0.17084143660947332,
0.3000962818913701
],
[
-0.5575432706788476,
-0.24222263018969653,
0.4647018269773981
],
[
-0.5031964403854837,
-0.2454986886574101,
0.3536981904813493
],
[
-0.4693761158333563,
-0.3081935156917157,
0.5841431804134566
],
[
-0.8663016327916313,
-0.2753431270551579,
0.5316545112219604
],
[
-1.1340547421623173,
-0.2561075267654487,
0.5316541749517996
],
[
-0.8125753702523917,
-0.18945434711748843,
0.7127624965156104
],
[
-0.8554348725704756,
-0.29791131395841564,
0.9271104213814634
],
[
-1.6138699695438419,
-0.05297549417290046,
1.0492684751482622
],
[
-1.5989102345468027,
0.100992364563713,
1.0439769571385868
],
[
-1.3811494254267276,
0.1917192580639505,
0.5861769503214558
],
[
0.4028111255726685,
0.026330214606588243,
0.06552140758804059
],
[
0.8941185884721846,
1.1141549685838101,
-2.310480663648159
],
[
1.4314367207851433,
0.8335103318288362,
-2.206263251388438
],
[
-0.10090394958872527,
-1.3930087725148277,
1.1302854201493913
],
[
0.02073089127982921,
-1.2727363670674936,
1.1114272444897144
],
[
-0.08145740448855066,
-1.2687168585405428,
1.0250894006555422
],
[
0.06901403042204442,
-0.8217618917527945,
0.8730400219742084
],
[
0.034978499890301926,
-0.6771527817888672,
1.0601797667463682
],
[
-0.16553221702819335,
-0.8991955508801769,
1.1895952108805405
],
[
-0.24267461358678083,
-1.0307454396536244,
0.8517636079914033
],
[
-0.5208454138665501,
-0.933901183071678,
0.7623612389212402
],
[
-0.1962674982053819,
-0.9968041072382796,
0.8908101595141374
],
[
-0.45462162385717586,
-0.63174051651969,
0.8533438954180281
],
[
-0.3128783129902916,
-0.5479871183937349,
0.4390006026465514
],
[
0.2593178767705273,
-0.3119583254615922,
0.5988075501096506
],
[
0.14620964386441865,
-0.5962779868150521,
0.6069373077538007
],
[
0.09060798591754556,
-0.257197008533718,
0.23837195628907207
],
[
0.10499057209163938,
-1.0635785683369168,
0.1291704097529448
],
[
-0.03180670799203487,
-1.6022328191409185,
0.9471145691340803
],
[
-0.046743932160081145,
-1.4601382937054832,
1.1569702116224339
],
[
-0.10761328168994637,
-1.4936851374251359,
0.6874735438263607
],
[
0.7226689888084475,
0.37478357006877444,
-0.33610064280559027
],
[
-0.10808001741174386,
0.5207131540630566,
-0.6554693759638948
],
[
0.8951015745679036,
1.0092505519260395,
-0.6878485971122863
],
[
0.4353968008302223,
-0.004321256333694713,
-0.6298664417545397
],
[
-0.9723821192662033,
0.1184209402162906,
0.13059832448099942
],
[
-0.1557383017089895,
-0.08519729513516107,
0.06169707609689701
],
[
-0.07969246299623012,
-0.35500743241085,
0.406600502364347
],
[
-0.4105048344139935,
0.034996993559296447,
0.2405381060922687
],
[
0.2708053582168872,
0.3281597525881273,
-0.7644018073255299
],
[
-0.1420854716026593,
0.1127640452707717,
-0.03696068542219022
],
[
0.1331403220128461,
0.3097554250192899,
0.06524802468300582
],
[
-0.40834507615624804,
-0.19275492694249335,
0.22539537850271144
],
[
-0.12109957892391603,
-0.30453556646667296,
0.3073359537450823
]
],