{
"contact_id_pairs": [
[
1,
10
],
[
2,
10
],
[
1,
3
],
[
1,
4
],
[
3,
4
],
[
3,
89
],
[
2,
3
],
[
2,
16
],
[
4,
6
],
[
5,
6
],
[
5,
55
],
[
6,
90
],
[
5,
7
],
[
5,
8
],
[
7,
8
],
[
7,
22
],
[
6,
7
],
[
7,
14
],
[
7,
21
],
[
21,
75
],
[
8,
32
],
[
9,
32
],
[
9,
91
],
[
11,
91
],
[
32,
91
],
[
9,
13
],
[
12,
13
],
[
12,
28
],
[
10,
12
],
[
11,
29
],
[
11,
89
],
[
12,
29
],
[
13,
15
],
[
13,
17
],
[
14,
90
],
[
15,
91
],
[
18,
91
],
[
90,
91
],
[
16,
18
],
[
17,
18
],
[
0,
19
],
[
0,
54
],
[
0,
80
],
[
54,
80
],
[
19,
20
],
[
19,
64
],
[
20,
64
],
[
0,
20
],
[
0,
81
],
[
20,
52
],
[
21,
79
],
[
23,
65
],
[
23,
69
],
[
65,
74
],
[
65,
79
],
[
69,
97
],
[
74,
79
],
[
22,
23
],
[
22,
60
],
[
22,
77
],
[
60,
77
],
[
24,
35
],
[
24,
58
],
[
35,
76
],
[
24,
78
],
[
39,
97
],
[
66,
97
],
[
67,
97
],
[
72,
78
],
[
78,
97
],
[
25,
26
],
[
25,
37
],
[
25,
93
],
[
26,
37
],
[
37,
93
],
[
25,
27
],
[
27,
30
],
[
26,
27
],
[
26,
47
],
[
28,
31
],
[
28,
34
],
[
28,
42
],
[
31,
42
],
[
29,
31
],
[
29,
93
],
[
30,
31
],
[
33,
93
],
[
32,
34
],
[
32,
36
],
[
32,
92
],
[
33,
92
],
[
35,
40
],
[
36,
38
],
[
36,
40
],
[
38,
40
],
[
37,
94
],
[
38,
41
],
[
38,
48
],
[
48,
94
],
[
39,
71
],
[
40,
41
],
[
40,
43
],
[
40,
71
],
[
42,
46
],
[
44,
46
],
[
43,
94
],
[
44,
45
],
[
44,
92
],
[
92,
94
],
[
45,
46
],
[
46,
47
],
[
48,
71
],
[
48,
76
],
[
49,
78
],
[
76,
78
],
[
49,
50
],
[
49,
72
],
[
50,
51
],
[
50,
59
],
[
50,
68
],
[
51,
98
],
[
51,
52
],
[
51,
99
],
[
52,
99
],
[
86,
87
],
[
87,
99
],
[
53,
61
],
[
57,
61
],
[
61,
98
],
[
70,
98
],
[
53,
85
],
[
53,
88
],
[
54,
99
],
[
85,
88
],
[
88,
99
],
[
55,
77
],
[
55,
79
],
[
56,
75
],
[
75,
77
],
[
56,
57
],
[
56,
74
],
[
58,
73
],
[
59,
73
],
[
60,
73
],
[
61,
73
],
[
62,
84
],
[
65,
66
],
[
65,
83
],
[
66,
83
],
[
83,
84
],
[
62,
95
],
[
62,
96
],
[
63,
96
],
[
85,
95
],
[
86,
95
],
[
86,
96
],
[
63,
87
],
[
63,
88
],
[
64,
81
],
[
80,
87
],
[
81,
88
],
[
87,
88
],
[
67,
83
],
[
68,
83
],
[
82,
83
],
[
82,
95
],
[
69,
70
],
[
70,
82
],
[
70,
96
],
[
82,
84
],
[
82,
96
]
],
"nstatus": 0,
"opt_line_pos": [
[
0.8991313037979547,
1.1777033122960738,
-2.0879576913988718
],
[
-0.11808123364537311,
-1.5757794482842953,
0.5518422723711167
],
[
-0.13043842044716691,
-1.443582862207597,
0.8711693924664176
],
[
-0.04376522840733888,
-1.539294584077434,
1.010861043316698
],
[
0.18226742372147312,
-0.9774497651030728,
0.3711303849905399
],
[
0.014711763238455805,
-0.45319438172515064,
0.3218523950644345
],
[
0.31430493308088064,
-0.717921166956573,
0.6415925004434125
],
[
0.17721002722777948,
-0.6080533999518267,
0.4934705712880473
],
[
-0.24857235668663683,
-0.6790190374596892,
0.5935599045312252
],
[
-0.43933486514164755,
-0.6675919402712878,
0.9625900447097953
],
[
-0.5367971878827101,
-0.9761680901857869,
0.6359992727547489
],
[
-0.3046631937310317,
-1.0313542337474713,
0.62231637775817
],
[
-0.5390270798599033,
-0.9125282568785512,
0.6185745571862228
],
[
-0.2728891088189133,
-0.8122885591981188,
1.2041483139020885
],
[
0.08019665117784072,
-0.6909262757066659,
0.8746025167221931
],
[
-0.15980142860678492,
-0.6805743670608032,
0.9365932254570785
],
[
-0.11367940832252121,
-1.128301822682209,
1.0450096787161962
],
[
0.03605182502247559,
-1.46309987180869,
1.123685882391123
],
[
-0.05997073221157728,
-1.3327187796810145,
1.1147924068474682
],
[
1.4317508395478553,
0.8096190094516942,
-2.0719267617831023
],
[
1.0010965584614553,
1.2826577273380622,
-2.128504651207063
],
[
0.36753427325422183,
-0.06356469577268106,
0.2807414028358443
],
[
0.10237490985894113,
-0.0557864068097843,
-0.0032494893099864123
],
[
-0.11819210317473222,
-0.3179771792594928,
0.04569292227341258
],
[
-0.24085119827750298,
-0.03930436980066884,
0.16975414922864
],
[
-1.2776459980289492,
-0.03798632233972868,
0.5103986544257704
],
[
-1.4542474879878036,
-0.16377414936285195,
0.9209301878379361
],
[
-1.4728005470546994,
-0.27354511230570894,
0.879813727711442
],
[
-0.8594854611242482,
-0.36449078079904723,
0.7614869100459014
],
[
-0.9133094627771683,
-0.3988894647065555,
0.837281148948128
],
[
-1.080996888821353,
-0.5111959073081441,
0.593969650391034
],
[
-0.8839479531660439,
-0.5017171167228347,
0.5515744530124536
],
[
-0.606274671899014,
-0.27686252698994823,
0.4352665728528453
],
[
-0.47278961811454717,
-0.09351601199330978,
0.5371090298242379
],
[
-0.6898445749541569,
-0.15248317496585748,
0.3988316395177992
],
[
-0.47610571650832706,
0.016485304676321623,
0.3975319293909388
],
[
-0.4305754948068207,
-0.21580479275709413,
0.3659297602020416
],
[
-0.9601638361091628,
0.05696514426525145,
0.5177759495640099
],
[
-0.9599299707900527,
-0.05903140216490255,
0.21901575956492172
],
[
-0.6980211588561844,
0.058617865113927754,
0.4610264065761827
],
[
-0.5679946057830335,
0.0544316005398093,
0.5744712529398234
],
[
-0.5208676197133963,
-0.06431328280206661,
0.5046832193705909
],
[
-0.8365861808484693,
-0.38958848139732255,
1.0975878341068062
],
[
-0.8139145720599723,
-0.01981711681875389,
1.091037821220477
],
[
-0.8975082818876217,
0.05028635064160067,
0.8082722394330473
],
[
-1.4715247181231195,
-0.03888094284252411,
1.044649004207525
],
[
-1.4409372792152302,
-0.145835384433473,
1.052477994638464
],
[
-1.3544197278717984,
-0.1486177938943173,
1.0448710863332187
],
[
-1.0435722724609064,
-0.008292345442123608,
0.2064800888731883
],
[
-0.448136014390422,
0.4153253730253176,
-0.06235584070611235
],
[
-0.10954418191666686,
0.7407305410568678,
-0.6634591034294345
],
[
0.5358049849800923,
0.6875351689877367,
-1.2541382791681701
],
[
0.7526526692606837,
1.0572125726901813,
-1.5352410725610048
],
[
0.6527988749635931,
0.3734139006219956,
-1.2868761205184756
],
[
1.125520357570327,
0.7532161656354023,
-1.6052706660840579
],
[
0.06424611739745041,
-0.9101238085554184,
0.3065465527518861
],
[
0.3854555147713913,
-0.6057349723593007,
-0.1990519103570564
],
[
0.7040053281464402,
-0.005204876836957583,
-0.6148015508760765
],
[
-0.13807366382566985,
0.14374210837545087,
0.2571272916976532
],
[
0.1164350354273361,
0.5275585025845115,
-0.4001694271961233
],
[
0.12864546267891233,
-0.03434878420144642,
0.018180383390492057
],
[
0.5357987071971001,
0.24435955695472228,
-0.5003398578812067
],
[
0.35369224731260906,
0.5661668721847866,
-0.21341461253211724
],
[
0.7108958714314584,
0.9089244009611673,
-1.0126857628588868
],
[
1.0628923750085495,
1.08377682495397,
-1.341573782478823
],
[
0.3319684608069756,
-0.19730970598465564,
0.18401915229239682
],
[
-0.04128058578434032,
0.27912093671941796,
-0.055730680493279845
],
[
-0.1847989857333009,
0.4139295723960182,
-0.09041470628983458
],
[
0.3209429228682311,
0.5757566674844901,
-0.7450927178158315
],
[
0.18462945957931537,
-0.06670010774984896,
-0.09607263690937104
],
[
0.42271846463804086,
0.23733027156072206,
-0.5917993072148177
],
[
-0.6309611805100775,
0.08422667194126057,
0.48972215397632596
],
[
-0.12569212701024696,
0.5303372511313339,
-0.10422883634960378
],
[
0.2058878931828503,
0.4929074689575031,
-0.5259818048791989
],
[
0.3023287274987755,
-0.19194005285052518,
0.1626212743473725
],
[
0.20967085771562136,
-0.5076729686116586,
0.5208368181126732
],
[
-0.35869194797258286,
0.21033223301768644,
-0.05515004343011537
],
[
0.20373702719465553,
0.03780799418748759,
-0.08689443134337636
],
[
-0.20579398808647512,
0.4917951059038645,
0.13345640496674707
],
[
0.33269675514652924,
-0.08015512563548777,
0.14407220610097568
],
[
1.3683977019766054,
1.0423876344510157,
-1.669988464549418
],
[
0.8010963033326544,
1.3276396063355251,
-2.0169525257396073
],
[
0.1540264003584602,
0.5260654646416332,
-0.5435362131803733
],
[
0.3998288076271614,
0.4243012129808949,
-0.31904909604214315
],
[
0.38994378859798445,
0.5175947539827728,
-0.3281998274004217
],
[
0.8640239419151845,
0.8933632218102386,
-0.6771878432702093
],
[
0.6824627231935098,
0.7804513908198164,
-0.8726355342234994
],
[
0.7056795464422548,
0.9208260747786697,
-1.776187192719493
],
[
1.0244500998925417,
1.1022820375696312,
-1.57743120619736
],
[
-0.39944865857124684,
