{
"contact_id_pairs": [
[
1,
40
],
[
1,
47
],
[
1,
48
],
[
46,
48
],
[
47,
48
],
[
1,
2
],
[
1,
16
],
[
2,
13
],
[
15,
16
],
[
16,
17
],
[
2,
20
],
[
2,
55
],
[
2,
56
],
[
20,
56
],
[
40,
55
],
[
3,
25
],
[
4,
25
],
[
22,
25
],
[
22,
26
],
[
25,
26
],
[
3,
5
],
[
3,
31
],
[
3,
32
],
[
5,
32
],
[
14,
29
],
[
14,
32
],
[
4,
5
],
[
4,
10
],
[
5,
34
],
[
34,
36
],
[
35,
36
],
[
6,
8
],
[
6,
24
],
[
8,
23
],
[
22,
24
],
[
6,
7
],
[
7,
28
],
[
7,
29
],
[
17,
29
],
[
28,
29
],
[
28,
30
],
[
7,
8
],
[
7,
36
],
[
7,
37
],
[
8,
39
],
[
9,
26
],
[
9,
34
],
[
21,
33
],
[
26,
33
],
[
0,
10
],
[
9,
10
],
[
10,
60
],
[
11,
49
],
[
47,
49
],
[
11,
12
],
[
11,
15
],
[
11,
18
],
[
12,
14
],
[
12,
43
],
[
13,
57
],
[
14,
57
],
[
42,
57
],
[
16,
20
],
[
19,
20
],
[
18,
31
],
[
27,
31
],
[
28,
31
],
[
19,
46
],
[
46,
56
],
[
0,
21
],
[
0,
61
],
[
23,
25
],
[
25,
27
],
[
24,
38
],
[
37,
38
],
[
30,
38
],
[
30,
39
],
[
32,
33
],
[
33,
35
],
[
33,
59
],
[
41,
43
],
[
43,
48
],
[
43,
49
],
[
43,
50
],
[
41,
45
],
[
41,
51
],
[
41,
55
],
[
42,
55
],
[
45,
51
],
[
45,
54
],
[
54,
55
],
[
44,
51
],
[
50,
51
],
[
50,
52
],
[
52,
53
],
[
44,
45
],
[
44,
62
],
[
44,
64
],
[
52,
57
],
[
52,
58
],
[
54,
58
],
[
53,
63
],
[
63,
64
],
[
58,
62
],
[
62,
63
],
[
59,
60
],
[
59,
61
]
],
"nstatus": 0,
"opt_line_pos": [
[
0.8129841201535313,
0.3403200092735631,
-0.53827674783243
],
[
-0.9738882964082567,
0.3086340996024548,
0.7272090230966592
],
[
-0.5372398974645654,
-0.01805135785002563,
0.16896267724213992
],
[
0.38623804091374725,
-0.349583426594891,
0.5196018304165736
],
[
0.43249269644667937,
-0.3022951917857673,
0.496364331726815
],
[
0.17100325091110377,
-0.1820463632412501,
0.00575247825543398
],
[
0.3849187857097577,
-1.0051092865619067,
0.6224104333681121
],
[
0.005789797768053447,
-0.6246476191039461,
0.15111974545824747
],
[
0.2921379308171332,
-0.9856762654711018,
0.7001866663943921
],
[
0.5405875036158534,
-0.1662071441707619,
0.047844183131812316
],
[
0.5982771302990666,
-0.5624034602960419,
-0.27980701541051367
],
[
-0.4144208670360912,
0.2540079791223773,
0.6254981747571734
],
[
-0.0660746176752678,
0.09064443012327754,
-0.005715067734862308
],
[
-0.027857714742417394,
0.25313752981874804,
-0.0471644203292275
],
[
-0.19305301477196926,
0.15598639720510935,
-0.08294650529872329
],
[
-0.6124132879570028,
0.15927529508128072,
0.20519427600009182
],
[
-0.6742861462179283,
0.11521620548245902,
0.15217691506513553
],
[
-0.602309752908732,
0.16611825957933055,
0.1339874461580174
],
[
-0.2859146465042857,
0.1143424629001303,
0.4659567667511606
],
[
-1.2237652557499956,
0.32973807215301476,
0.5500439817860862
],
[
-0.9662874697750584,
0.44074985563875696,
-0.2822443272523708
],
[
0.8163849032947444,
0.43966842084206714,
-0.5682309544334674
],
[
0.39319068305951804,
-1.0099761577536783,
0.7636075654770342
],
[
0.27765259533339964,
-1.0638403593655188,
0.7740027558508801
],
[
0.34186283900349823,
-1.0675468007612356,
0.5961724344485827
],
[
0.527901702158977,
-0.3264409119133652,
0.4234305959976201
],
[
0.5097580794857213,
-0.3856429421254415,
0.4577485760163073
],
[
0.2353045282272522,
-0.47543136305473577,
0.7136834424381371
],
[
0.005874412348534832,
-0.5811032737746096,
0.1393853606410497
],
[
-0.02967617150117122,
-0.5481497351513704,
0.22791905600020312
],
[
0.06293243259230279,
-0.5554053740751321,
0.22659679717165596
],
[
-0.013883161400328217,
-0.24808612766752547,
0.3296578363103399
],
[
0.22368496654099942,
-0.1979471589163211,
0.0037468483069717797
],
[
0.4900385614415411,
-0.21347186651991454,
0.03988574607122867
],
[
0.5218738956376998,
-0.23795844314437015,
-0.07856824342814317
],
[
0.31694740320707526,
-0.07120335748215165,
-0.38543755085232023
],
[
0.48655976842866916,
-0.7258031244472235,
-0.32624236424714265
],
[
0.4403341039313253,
-1.2781798033424265,
0.5219163084237687
],
[
0.39285458775594745,
-1.2919556397343965,
0.5071838915041118
],
[
0.11705692063721167,
-1.1669878207932531,
0.21392936226645576
],
[
-1.0499165527042686,
0.3381932261198678,
0.7824358705387772
],
[
-0.39561801149917897,
0.5299865871206402,
0.3894627414366361
],
[
-0.009334269542848998,
0.19808586639528994,
-0.1685234537156138
],
[
-0.24821423874118756,
0.4432889105250938,
0.38777357778706906
],
[
-0.11987794129428131,
0.6179423763099055,
0.0936658218827664
],
[
-0.6735344128408023,
0.5583339498979696,
-0.2955846694318917
],
[
-0.8745872316883713,
0.31868376305917717,
0.5957711321039497
],
[
-0.9688703158865921,
0.26321131365179956,
0.7054904757596233
],
[
-0.9225323046616017,
0.2840363284168298,
0.7256967776756371
],
[
-0.284763368306226,
0.4227142467719603,
0.5118055207985093
],
[
-0.26962191265248947,
0.4252220363602075,
0.3515198490072386
],
[
-0.17289307081907626,
0.5998788939942445,
-0.005837305058107614
],
[
-0.11300770579666966,
0.5043495890564181,
0.01939202371396761
],
[
-0.18407340567546798,
0.48260849805190414,
0.0250771367326548
],
[
-0.7293027983911633,
0.5099324201585056,
-0.27755340783169663
],
[
-0.6723998544952632,
0.512497691842961,
-0.3805423161876942
],
[
-1.2373950963122458,
0.30538474662418413,
0.40144135468927855
],
[
0.011827006848765196,
0.44907134263012377,
-0.39228844450476663
],
[
-0.0441447930757438,
0.44469248562913943,
-0.2532186285976751
],
[
0.44126426664157004,
0.27113590909251606,
-0.5288831922466977
],
[
0.8428402032157578,
-0.10817032840409979,
-0.8827687304718914
],
[
0.4379182470379078,
0.28665793428970787,
-0.49345030043178867
],
[
0.3376528928913432,
0.5818872897803734,
-0.5409677538160387
],
[
0.37160986853486805,
0.9003197148092207,
-0.5590262842006364
],
[
-0.14758691439360322,
0.9249853273676129,
-0.8397925501242149
]
],