{
"contact_id_pairs": [
[
1,
2
],
[
2,
60
],
[
0,
1
],
[
0,
23
],
[
1,
44
],
[
0,
2
],
[
0,
50
],
[
29,
50
],
[
3,
4
],
[
3,
44
],
[
3,
61
],
[
4,
61
],
[
44,
61
],
[
3,
5
],
[
3,
23
],
[
3,
45
],
[
5,
24
],
[
23,
45
],
[
4,
5
],
[
6,
7
],
[
6,
45
],
[
7,
45
],
[
6,
8
],
[
6,
24
],
[
8,
46
],
[
25,
46
],
[
7,
8
],
[
9,
63
],
[
10,
66
],
[
46,
63
],
[
46,
66
],
[
63,
66
],
[
9,
11
],
[
9,
47
],
[
11,
25
],
[
11,
26
],
[
11,
47
],
[
10,
11
],
[
12,
66
],
[
12,
67
],
[
39,
47
],
[
39,
66
],
[
12,
26
],
[
26,
38
],
[
27,
38
],
[
27,
48
],
[
38,
48
],
[
13,
14
],
[
13,
48
],
[
14,
68
],
[
48,
56
],
[
56,
67
],
[
13,
15
],
[
15,
28
],
[
27,
49
],
[
28,
49
],
[
14,
40
],
[
14,
41
],
[
14,
58
],
[
15,
40
],
[
41,
58
],
[
16,
17
],
[
16,
49
],
[
16,
58
],
[
17,
49
],
[
58,
68
],
[
16,
18
],
[
18,
28
],
[
17,
18
],
[
17,
40
],
[
19,
35
],
[
19,
54
],
[
19,
64
],
[
35,
57
],
[
54,
64
],
[
57,
65
],
[
19,
20
],
[
19,
59
],
[
20,
42
],
[
20,
59
],
[
43,
59
],
[
20,
33
],
[
20,
35
],
[
20,
55
],
[
33,
35
],
[
34,
55
],
[
21,
36
],
[
21,
55
],
[
36,
55
],
[
21,
22
],
[
21,
43
],
[
22,
34
],
[
22,
36
],
[
29,
51
],
[
30,
51
],
[
30,
52
],
[
31,
52
],
[
31,
32
],
[
31,
53
],
[
32,
53
],
[
32,
37
],
[
32,
38
],
[
32,
54
],
[
33,
37
],
[
33,
38
],
[
37,
54
],
[
37,
63
],
[
39,
53
],
[
39,
63
],
[
53,
64
],
[
38,
41
],
[
41,
57
],
[
42,
56
],
[
42,
57
],
[
50,
60
],
[
51,
61
],
[
51,
62
],
[
61,
62
],
[
52,
62
],
[
59,
65
]
],
"nstatus": 0,
"opt_line_pos": [
[
0.7437063801664858,
1.037785059744482,
-1.9963333939419612
],
[
1.3128064859300863,
1.2532852536823977,
-2.054957524876056
],
[
1.4619121529226504,
1.3930817735957532,
-2.014524862918233
],
[
0.9387507316700334,
0.8634104088300376,
-1.3814859563062698
],
[
1.1155647069077816,
0.8634104088300376,
-1.4065404094882052
],
[
0.37259358074467996,
0.8397839399696599,
-1.5204802771705554
],
[
0.8295782517778802,
0.5337390440642651,
-0.8719225592317171
],
[
0.8949624807266658,
0.5826387337080213,
-0.8922999516245287
],
[
0.19834969964290228,
0.4324662371797384,
-0.9132044996957425
],
[
0.2990008285812355,
0.42612410472915463,
0.0008646312150617487
],
[
0.284900455913886,
0.40761891557311447,
-0.2320060038158141
],
[
-0.17129519986495179,
0.158478609552479,
-0.1235026347419855
],
[
0.2763810243100935,
-0.31649958725175725,
0.4001886971357361
],
[
0.0009726508143189867,
-0.9950462981692177,
1.0337468561643024
],
[
0.0056145701350423785,
-0.7829684500873653,
0.9925754518803056
],
[
-0.37642332832719405,
-1.0445521187066622,
1.0523463638617507
],
[
-0.19421144842897153,
-1.6058761017247212,
1.3369981887953155
],
[
-0.21001891514595497,
-1.5455092806449635,
1.3146576025177603
],
[
-0.8399334047463503,
-1.692465924698676,
1.398232351639219
],
[
-0.7392767565918383,
-0.21569753528616503,
0.8888501373101811
],
[
-0.9906424202446156,
-0.6724358267805226,
0.8138141310910469
],
[
-1.5344735168995178,
-0.344040347717862,
1.3207798951852208
],
[
-1.6938422628590981,
-0.6882781644665741,
1.3615695281470117
],
[
1.2614775442951993,
0.6322343471207815,
-2.149848903442879
],
[
1.0497167836939933,
0.46548221245670063,
-1.5634662579221499
],
[
0.498639946082005,
0.3308741674549224,
-0.7906563439551286
],
[
0.3181773215404537,
-0.37060844635430684,
-0.22138869578030487
],
[
0.18152499401825703,
-0.877210258692853,
0.4693808824044315
],
[
-0.03618907172932221,
-1.3994455531428591,
0.9346623593588447
],
[
0.6977578141172784,
1.060927950398315,
-2.198356339668856
],
[
0.3646382456829468,
0.7347486142637949,
-1.5219427934666745
],
[
0.26486211917777513,
0.42545391609450217,
-0.8764612718355478
],
[
-0.19054413434692272,
0.2759164983652307,
-0.2077854420100327
],
[
-0.8626096900106458,
-0.06853759847976972,
0.2519730589728155
],
[
-1.4899918041164166,
-0.13137865377720245,
0.9311281298332568
],
[
-0.6897852380045695,
-0.18117835050204834,
0.8647349771548657
],
[
-1.5628946535188788,
-0.20834180778962139,
1.3377737587333174
],
[
-0.061706198493518175,
0.0563126393853451,
0.37852839030597596
],
[
-0.048237727418186396,
-0.8657862807730269,
0.46115698284041545
],
[
-0.10046038354393534,
0.0636762054307652,
0.20687558926374922
],
[
-0.5490174709669535,
-1.7081142292510008,
1.50814094538457
],
[
-0.722674716212631,
-1.0290958459485189,
0.8543703112088853
],
[
-0.4815208810076412,
-0.4116557846478198,
0.5800936158232396
],
[
-1.7181805198752726,
-0.9529393228763416,
1.3617391582362974
],
[
1.075756105026868,
1.0234938953376593,
-1.5642615788129242
],
[
0.8044237512557683,
0.5999708918210935,
-0.8818122630086885
],
[
0.5259420874800386,
0.36272171309307444,
-0.2588119490110384
],
[
0.08154744213754747,
-0.20299219264658178,
0.22575326403421203
],
[
-0.015981065311815045,
-0.9622962147866367,
1.0186175273347853
],
[
-0.10187631577465318,
-1.5115793403165583,
1.1643160886583221
],
[
0.9440036202226701,
1.0104830666076468,
-1.5642631046918303
],
[
0.7308532700198758,
0.7147212602738726,
-0.9140013464654273
],
[
0.41954565125321414,
0.4576367911300453,
-0.24715267274554734
],
[
-0.27006883144100696,
0.22460380028628077,
0.32976089406770265
],
[
-0.6729339690979468,
-0.03265425751505113,
0.702932883707396
],
[
-1.4686551951718494,
-0.11548854608046949,
1.1609449349612768
],
[
-0.10348063048641981,
-0.8436631878308638,
0.7267487960787071
],
[
-0.9509575791988254,
-0.08761781789274649,
0.8396753838062306
],
[
-0.7263792689179922,
-1.1687089731941795,
0.9240978294318044
],
[
-1.0534565656043289,
-0.7200431680746404,
0.9705253423291652
],
[
1.5033065054841275,
1.3274644967607505,
-1.9389240357674988
],
[
0.7969148091307977,
0.7572956265836396,
-0.8398843553766396
],
[
0.6832926927284374,
0.7026667597380333,
-0.8096920877898898
],
[
0.3273433871017066,
0.24006779725625552,
-0.12523722411897914
],
[
-0.7079377201149403,
-0.049954300066927984,
0.9832565893354884
],
[
-0.9509528062748351,
0.1095262097123641,
0.9098006931497482
],
[
0.4586002890482368,
0.2675338023494648,
-0.16021735521334765
],
[
0.22990848269847375,
-0.3097867377615169,
0.4296836674898469
],
[
-0.14682573756628586,
-0.8282175491623093,
0.9133419723601693
]
],