{
"contact_id_pairs": [
[
1,
82
],
[
2,
3
],
[
2,
77
],
[
2,
82
],
[
3,
82
],
[
1,
81
],
[
4,
6
],
[
4,
81
],
[
2,
4
],
[
2,
5
],
[
2,
78
],
[
78,
80
],
[
3,
21
],
[
21,
22
],
[
5,
92
],
[
7,
8
],
[
7,
9
],
[
7,
92
],
[
6,
17
],
[
15,
17
],
[
15,
20
],
[
7,
10
],
[
7,
11
],
[
10,
11
],
[
10,
75
],
[
75,
78
],
[
75,
79
],
[
78,
79
],
[
8,
10
],
[
8,
12
],
[
8,
13
],
[
10,
13
],
[
9,
52
],
[
24,
52
],
[
11,
23
],
[
11,
76
],
[
22,
77
],
[
76,
77
],
[
12,
14
],
[
12,
80
],
[
14,
16
],
[
15,
79
],
[
16,
80
],
[
79,
80
],
[
13,
28
],
[
24,
28
],
[
24,
92
],
[
28,
92
],
[
14,
75
],
[
14,
81
],
[
17,
18
],
[
17,
76
],
[
18,
75
],
[
19,
75
],
[
76,
81
],
[
16,
34
],
[
16,
38
],
[
16,
39
],
[
34,
39
],
[
18,
23
],
[
18,
82
],
[
21,
23
],
[
21,
82
],
[
19,
35
],
[
19,
36
],
[
34,
35
],
[
20,
33
],
[
20,
38
],
[
33,
35
],
[
25,
26
],
[
25,
27
],
[
25,
29
],
[
25,
30
],
[
26,
33
],
[
29,
33
],
[
27,
44
],
[
27,
45
],
[
28,
31
],
[
28,
32
],
[
28,
114
],
[
31,
91
],
[
31,
115
],
[
71,
91
],
[
114,
115
],
[
30,
40
],
[
30,
91
],
[
37,
40
],
[
37,
41
],
[
31,
47
],
[
31,
64
],
[
37,
47
],
[
47,
48
],
[
52,
99
],
[
64,
99
],
[
32,
39
],
[
32,
40
],
[
39,
42
],
[
36,
46
],
[
45,
46
],
[
41,
43
],
[
41,
49
],
[
42,
49
],
[
43,
46
],
[
44,
46
],
[
47,
49
],
[
47,
102
],
[
50,
102
],
[
48,
50
],
[
48,
51
],
[
50,
51
],
[
51,
111
],
[
60,
65
],
[
60,
69
],
[
60,
103
],
[
60,
110
],
[
65,
69
],
[
65,
110
],
[
72,
103
],
[
103,
111
],
[
53,
100
],
[
54,
100
],
[
53,
55
],
[
53,
101
],
[
53,
112
],
[
56,
112
],
[
54,
56
],
[
54,
57
],
[
55,
113
],
[
0,
59
],
[
0,
61
],
[
0,
97
],
[
58,
61
],
[
58,
93
],
[
93,
97
],
[
58,
59
],
[
59,
96
],
[
60,
63
],
[
61,
63
],
[
62,
69
],
[
67,
104
],
[
69,
74
],
[
69,
104
],
[
69,
109
],
[
62,
93
],
[
62,
116
],
[
63,
93
],
[
63,
111
],
[
64,
108
],
[
65,
68
],
[
65,
106
],
[
68,
106
],
[
68,
108
],
[
66,
105
],
[
67,
105
],
[
105,
107
],
[
70,
71
],
[
70,
72
],
[
70,
102
],
[
73,
112
],
[
73,
113
],
[
73,
101
],
[
74,
101
],
[
83,
84
],
[
83,
89
],
[
83,
86
],
[
83,
87
],
[
84,
85
],
[
85,
90
],
[
86,
88
],
[
87,
88
],
[
94,
99
],
[
94,
106
],
[
99,
105
],
[
100,
106
],
[
94,
103
],
[
94,
107
],
[
94,
108
],
[
95,
103
],
[
103,
104
],
[
103,
107
],
[
95,
109
],
[
96,
97
],
[
96,
98
],
[
96,
109
],
[
96,
110
],
[
98,
116
]
],
"nstatus": 0,
"opt_line_pos": [
[
1.479038264276199,
-1.205815361392411,
-2.4789421909918117
],
[
0.07756515417267203,
1.496219567269211,
1.413634384383418
],
[
-0.060269671148266486,
1.4087195399332277,
1.3746854955196486
],
[
-0.08089730820997273,
1.4102958073484333,
1.2585621232204418
],
[
0.20031943200058744,
0.8413500478446101,
1.0003850451701848
],
[
0.10606335584270615,
0.8071519677884628,
1.131561543654511
],
[
-0.17508559723045106,
0.9815570297176224,
1.3888635305864347
],
[
0.20633216073427693,
0.6172110320990953,
0.5816466544700504
],
[
0.2516785998995047,
0.6701532689677696,
0.5503353216810388
],
[
0.24796607937551815,
0.6103790479666704,
0.577902912229373
],
[
0.27096062885937233,
0.9933577468357528,
0.30755094750696615
],
[
0.21456889249990058,
1.0804915619288618,
0.3926194901815977
],
[
0.09246532823471977,
0.506896886330232,
0.20884592840179206
],
[
0.16259481142630514,
0.4132732312720642,
0.24961056980928023
],
[
-0.20867356662159886,
0.45993210705177406,
0.5084156188218023
],
[
-0.18873691774540804,
0.5034429853149623,
0.6501718862248389
],
[
-0.12806757969729282,
0.5862801731070363,
0.5709662227602086
],
[
-0.23975825959970326,
1.0947892109768649,
0.7989527665756417
],
[
-0.2943320892205594,
0.9856600859609824,
0.7525231754772521
],
[
-0.3736938747692363,
1.1310058258770708,
0.8311392084788863
],
[
-0.24608216054488302,
0.740691345046628,
0.9104485876473821
],
[
-0.0770693263767858,
1.6702873467566184,
1.0283595940256767
],
[
-0.050531943075680416,
1.798919968905858,
1.1721306152276934
],
[
0.1501651560062349,
1.3353707064484692,
0.42321300999269784
],
[
0.46508240634137565,
-0.0012938768176315213,
-0.036832181539303795
],
[
-1.3432767227450892,
0.006375965134422269,
1.27556521361046
],
[
-1.3183316765502158,
0.01849532484700225,
1.327675471755098
],
[
-1.4160108438797523,
0.058170804147727004,
1.3724230127111157
],
[
0.2666176759983603,
0.19350175703082922,
-0.035212503396182954
],
[
-0.7431701675128686,
-0.024970263274967094,
1.0681639184241682
],
[
-0.64897944165953,
-0.081634318934937,
1.0043287277453434
],
[
-0.09339142699968125,
-0.19799344359574278,
-0.02297024313545413
],
[
-0.02567004772921708,
-0.023197080608520156,
0.06092013108803483
],
[
-0.7595708920948782,
0.2008537448725238,
1.2352013839614762
],
[
-0.893437398748417,
0.46041629376729937,
0.7028767404843947
],
[
-0.8616882668007328,
0.4195465391534802,
0.6768682765720994
],
[
-0.8827113269940621,
0.3098975575183626,
0.7641762435872261
],
[
0.18849732883345516,
-0.5161324977416994,
-0.0592971614637023
],
[
-0.4904632589580918,
0.1675406170978647,
0.5081145743094695
],
[
-0.39040212105987426,
0.31790685031495935,
0.5747504361778715
],
[
-0.5034775075442782,
-0.10267179330326734,
0.6780332589306238
],
[
-0.45868828801187045,
-0.1256058683577852,
0.5657081187467796
],
[
-0.3939384564449148,
-0.06054353937290609,
0.21607019874232403
],
[
-1.0108988262292835,
-0.11901672795633376,
0.35988398968030133
],
[
-1.6081031777129104,
0.026415266703289,
1.1050000264172775
],
[
-1.6342443817176875,
0.08453572167775703,
1.005280871810477
],
[
-1.4307776832562153,
0.1452027605350391,
0.7257528527372373
],
[
0.14513485002564147,
-0.4592129329055506,
-0.0474011745511329
],
[
0.1516567226515743,
-0.4026094260300142,
0.02624301290568083
],
[
-1.0306262744130823,
-0.07520174149027331,
0.24032116218937816
],
[
-0.38608439669571076,
-0.47991404045365277,
-0.3332965284311984
],
[
0.10841326514683876,
-0.6046744178199679,
-0.8997516714663963
],
[
0.16883635218294094,
-0.46712261432313534,
0.09538021941904293
],
[
0.5814689623349852,
0.021933416224209325,
0.10702961974466191
],
[
0.5895436469366223,
-0.07753893739343976,
-0.042255199382071465
],
[
0.22902526003897694,
1.0689840842304728,
0.20055846533639796
],
[
0.5809876370650814,
0.44747039657550547,
-0.28656093572692665
],
[
0.7599249484366624,
0.026172343454135216,
-0.8092220978373388
],
[
1.2259846490620732,
-1.4846085563353246,
-2.335690232750056
],
[
1.40912519706895,
-1.2079895958367275,
-2.456314515678264
],
[
0.6581436992771517,
-1.0179717035718172,
-1.3033410910697711
],
[
0.9804251916495129,
-1.2337191236872138,
-1.7964173727682544
],
[
1.1107083397004092,
-0.4653622608873904,
-1.2723958521669658
],
[
1.2194242512299867,
-0.9014609044105327,
-1.933660309034998
],
[
0.03722103798091178,
-0.5152229225449094,
-0.014462232142707086
],
[
0.4347049632111503,
-0.7683658707983453,
-0.5787291044643986
],
[
0.5120360837673521,
0.02412660432688866,
0.08641570520327427
],
[
0.7642211221986333,
-0.19491163965897446,
-0.6640888777903678
],
[
0.7274169394981571,
-0.3379692373731164,
-0.6655165443048737
],
[
1.0696366495903538,
-0.5173087088079638,
-1.3429117524723644
],
[
0.29950124985759335,
-0.5558618483484862,
-0.6866887492000413
],
[
-0.03978236999075236,
-0.11957816451903898,
0.08053890352562833
],
[
0.22551068716935144,
-0.4731507648559526,
-0.5770826689998361
],
[
0.25739693931507984,
0.10698695912734284,
-0.06218347507646086
],
[
0.6090010479704937,
-0.09824982803790154,
-0.6694871300848475
],
[
-0.3736938747692363,
0.9515838496228693,
0.7662606464552686
],
[
-0.18274499033875985,
1.0702264275072582,
0.7749337298399789
],
[
-0.02749118846210147,
1.4812776918669905,
1.3470750440470929
],
[
0.09116063400934196,
0.6722044030362043,
0.9517248190146329
],
[
-0.11749158404206277,
0.4494425040499431,
0.5575033427465929
],
[
-0.07766657883577473,
0.6247448725212542,
0.4599865624814009
],
[
-0.10773758142297891,
0.9577448690443275,
1.250887521990731
],
[
-0.023787778494884667,
1.3840297978873946,
1.3139347651095052
],
[
-1.0550716144479169,
0.2691435309450242,
0.7481617710493231
],
[
-1.0550716144479169,
0.2699320593796838,
0.8054314806337127
],
[
-1.415647878818453,
0.03401866737371012,
1.2242140549174927
],
