{
"contact_id_pairs": [
[
1,
2
],
[
1,
79
],
[
2,
3
],
[
2,
84
],
[
1,
4
],
[
1,
6
],
[
1,
83
],
[
2,
4
],
[
2,
5
],
[
4,
5
],
[
4,
82
],
[
80,
82
],
[
3,
21
],
[
3,
22
],
[
5,
7
],
[
7,
8
],
[
7,
9
],
[
7,
94
],
[
6,
15
],
[
15,
20
],
[
17,
20
],
[
7,
77
],
[
7,
81
],
[
10,
77
],
[
10,
80
],
[
11,
81
],
[
8,
12
],
[
8,
13
],
[
10,
13
],
[
9,
24
],
[
24,
52
],
[
11,
23
],
[
22,
23
],
[
22,
78
],
[
78,
79
],
[
12,
15
],
[
12,
16
],
[
12,
82
],
[
14,
81
],
[
14,
82
],
[
13,
24
],
[
13,
28
],
[
24,
28
],
[
24,
94
],
[
14,
18
],
[
14,
19
],
[
14,
78
],
[
17,
18
],
[
17,
77
],
[
18,
78
],
[
19,
83
],
[
16,
34
],
[
16,
38
],
[
16,
39
],
[
34,
39
],
[
18,
84
],
[
21,
23
],
[
21,
84
],
[
19,
34
],
[
34,
35
],
[
35,
36
],
[
20,
35
],
[
20,
38
],
[
33,
35
],
[
25,
27
],
[
26,
27
],
[
25,
30
],
[
29,
30
],
[
26,
29
],
[
26,
33
],
[
27,
44
],
[
27,
45
],
[
28,
32
],
[
28,
116
],
[
31,
73
],
[
31,
93
],
[
31,
116
],
[
31,
117
],
[
30,
37
],
[
30,
93
],
[
40,
41
],
[
41,
93
],
[
31,
37
],
[
31,
48
],
[
37,
58
],
[
37,
66
],
[
47,
48
],
[
47,
52
],
[
48,
101
],
[
52,
58
],
[
52,
66
],
[
52,
101
],
[
58,
66
],
[
32,
42
],
[
39,
40
],
[
39,
42
],
[
36,
45
],
[
36,
46
],
[
41,
42
],
[
41,
49
],
[
43,
49
],
[
43,
44
],
[
43,
46
],
[
47,
49
],
[
47,
50
],
[
50,
104
],
[
48,
50
],
[
48,
51
],
[
51,
61
],
[
51,
74
],
[
61,
105
],
[
67,
113
],
[
71,
74
],
[
105,
112
],
[
105,
113
],
[
53,
54
],
[
54,
102
],
[
53,
55
],
[
53,
56
],
[
53,
103
],
[
56,
114
],
[
54,
56
],
[
56,
57
],
[
55,
115
],
[
58,
72
],
[
72,
73
],
[
72,
74
],
[
72,
104
],
[
0,
60
],
[
0,
59
],
[
0,
95
],
[
0,
99
],
[
59,
99
],
[
62,
95
],
[
59,
60
],
[
59,
98
],
[
60,
98
],
[
61,
65
],
[
62,
65
],
[
63,
71
],
[
63,
106
],
[
69,
106
],
[
71,
111
],
[
76,
106
],
[
63,
65
],
[
63,
95
],
[
64,
113
],
[
95,
113
],
[
64,
100
],
[
66,
70
],
[
66,
110
],
[
67,
108
],
[
67,
110
],
[
70,
108
],
[
68,
69
],
[
69,
107
],
[
107,
109
],
[
75,
114
],
[
75,
115
],
[
75,
76
],
[
75,
103
],
[
76,
103
],
[
85,
86
],
[
86,
91
],
[
85,
88
],
[
88,
89
],
[
86,
87
],
[
87,
92
],
[
88,
90
],
[
89,
90
],
[
96,
101
],
[
96,
107
],
[
101,
108
],
[
102,
108
],
[
96,
109
],
[
96,
110
],
[
97,
105
],
[
97,
106
],
[
97,
109
],
[
105,
109
],
[
106,
110
],
[
97,
99
],
[
98,
99
],
[
98,
100
],
[
98,
111
],
[
99,
112
]
],
"nstatus": 0,
"opt_line_pos": [
[
1.4818911083632638,
-1.1091607111613966,
-2.4515513716109987
],
[
0.05344821566521909,
1.4695652280618017,
1.3038494849701818
],
[
0.0725956182815967,
1.3813551902215953,
1.2311032982906607
],
[
-0.0035055271067789885,
1.50395884509744,
1.3464536390303858
],
[
0.2056680205546255,
0.8150695253050394,
1.0803280642120576
],
[
0.19601710433567784,
0.8219866708298222,
0.9648668890844376
],
[
-0.21704300013170155,
0.8976520479350644,
1.3007784105331237
],
[
0.3103249928058158,
0.5056730221729737,
0.6221311608083473
],
[
0.3168447139435894,
0.47923804301814127,
0.5486247408920614
],
[
0.26983702311598046,
0.639862919982521,
0.5529444336580055
],
[
0.23926523138428063,
0.96895027496884,
0.37636087149457564
],
[
0.18567892280009185,
1.1121924417223574,
0.26608155137588885
],
[
0.07399434065193056,
0.38724975932346045,
0.21224942285305462
],
[
0.1461915289467113,
0.3159761552510766,
0.2459608887149013
],
[
-0.18165641609003277,
0.4389345522217049,
0.5233892194037315
],
[
-0.27207063665773035,
0.5835330993790172,
0.45998656248140135
],
[
-0.2667874792380681,
0.43723053842588744,
0.45998865244838555
],
[
-0.22950954098134577,
1.0816686374768665,
0.7279538516258754
],
[
-0.2668949028238071,
1.0590023614563986,
0.7046546953712847
],
[
-0.3736938747692363,
0.9924497077839929,
0.7557389596699577
],
[
-0.35246125817353974,
0.6629289231227066,
0.9112038231251983
],
[
0.006705777358865112,
1.7646814895990797,
1.004845128939
],
[
-0.0012171205252000973,
1.6246496155226529,
1.0146320740169
],
[
0.12643883764734906,
1.4484848304218827,
0.3481786001484497
],
[
0.4921510902126271,
-0.013482350022892525,
-0.04250129677183145
],
[
-1.4160108438797525,
0.03140001755580277,
1.2246263847517465
],
[
-1.3899927317675462,
0.1073246312534716,
1.3922759090893284
],
[
-1.4158789494452133,
0.07762989643987732,
1.2810659680350407
],
[
0.12471639697018237,
0.06862916330345001,
-0.02181561283795227
],
[
-0.7022515755645445,
-0.06677537074164454,
1.0070669224431545
],
[
-0.663720643572726,
-0.05172912729727498,
0.9655808393455422
],
[
-0.08592224944411941,
-0.16689519846900155,
-0.0055518953806966646
],
[
-0.05650173455523113,
-0.005264071158641207,
-0.05225912240414394
],
[
-0.7581141093663657,
0.25841618271915484,
1.3994974576385497
],
[
-0.9822273577972005,
0.3987012231130823,
0.6964489495714209
],
[
-1.026591153031488,
0.40029277568356897,
0.7791107368611401
],
[
-1.055439394612398,
0.3449087460463857,
0.7766688204764443
],
[
0.09137517967606976,
-0.39883691234587737,
-0.06266844230689521
],
[
-0.38730545153581664,
0.31500573536211013,
0.4606097987140017
],
[
-0.48997683930263175,
0.23680706712261576,
0.4762548097737431
],
[
-0.498443095382737,
-0.20719234970782707,
0.6238709059708504
],
[
-0.5071157076144466,
-0.23003074471869345,
0.5585404671341868
],
[
-0.400023479638518,
0.044944330049102324,
0.3031877428121
],
[
-0.9349163324901253,
-0.09797456050076685,
0.36963123929109326
],
[
-1.564119069217961,
0.007716635631407312,
1.0403649557563264
],
[
-1.7234582464328736,
0.0744165387132587,
1.0052808718104775
],
[
-1.4061127730695444,
0.13925014769741892,
0.7426190982828254
],
[
-0.0024588144848044042,
-0.5348733222897123,
0.10174512175174077
],
[
0.10200419879385578,
-0.53394203063339,
0.0654786929086523
],
[
-1.009077234119912,
-0.1109822958554894,
0.31298685754790145
],
[
-0.41042901915288443,
-0.4606623045504576,
-0.27022171515011667
],
[
-0.007219271008391383,
-0.7389650077213731,
-0.9022154308330044
],
[
0.1644262671865666,
-0.3954552208053242,
0.10829490574120429
],
[
0.5571348757123243,
-0.06435439727628706,
-0.0637038218095464
],
[
0.5216808193047083,
-0.07307784676541283,
-0.06370229593064015
],
[
0.2178578099901366,
0.999016514872306,
0.20353077956075322
],
[
0.4806889871300196,
0.5731320597304371,
-0.35433181625046994
],
[
0.6599331300249044,
-0.048774287808472844,
-0.9092220978373383
],
[
0.2583596402336923,
-0.5125648335719859,
-0.6631479272503336
],
[
1.2458949172474179,
-1.359845023530429,
-2.3630316672518603
],
[
1.4552834898402534,
-1.1338150963250087,
-2.4820139299517625
],
[
0.5220327831144886,
-0.9167208755187141,
-1.3789279611864578
],
[
0.8251369212873535,
-1.260282710669958,
-1.8560269175191202
],
[
1.0801871637974714,
-0.5776191167285145,
-1.4641040035603499
],
[
1.308927002968321,
-0.8294892605339576,
-1.8363328070465423
],
[
1.189158858869463,
-0.8194235537027217,
-1.957330754432285
],
[
0.13570447283086823,
-0.4259269839273231,
0.015994148085309398
],
[
0.3942213011336441,
-0.7321957774391377,
-0.751536585413729
],
[
0.5833013189711155,
0.07310539620950303,
-0.04528241838069058
],
[
0.795368201668708,
-0.1861556553507137,
-0.7397193616850719
],
[
0.6757265673924705,
-0.3285771784147086,
-0.7605081906512058
],
[
1.1089535297056043,
-0.5089689212575286,
-1.457134154990732
],
[
0.15835964023369228,
-0.609771072995883,
-0.7568513093968089
],
[
-0.058677715381828206,
-0.14710056053254905,
-0.06218194919755415
],
[
0.22454147568434352,
-0.5735706638885631,
-0.7429231707758527
],
[
0.181033006018039,
0.17165269543834336,
-0.01659476686866306
],
[
0.5414582877164077,
-0.09851161711525762,
-0.744546342920134
],
[
-0.1807663324044431,
1.0095299319970201,
0.7710165399129076
],
[
-0.37369319578580085,
1.1164641551358743,
0.8061094506695794
],
[
-0.022825698896424468,
1.3462103631853946,
1.2733550062908194
],
[
0.08148951509438575,
0.7535518191151822,
1.0038065437942367
],
[
-0.17872566005685434,
0.4489070998276475,
0.5698117432768407
],
[
-0.21086611326864269,
0.5455745570319761,
0.48936082658745894
],
[
-0.1739464921496616,
0.8607233443257085,
1.2530856445548386
],
[
0.09854846256895976,
1.4140966756505817,
1.2242140549174931
],
[
-0.9719488715417958,
0.2745649786989305,
0.6982952064945646
],
[
