{
"contact_id_pairs": [
[
1,
7
],
[
1,
75
],
[
1,
76
],
[
7,
75
],
[
1,
17
],
[
1,
81
],
[
1,
83
],
[
17,
81
],
[
17,
84
],
[
17,
95
],
[
2,
25
],
[
2,
26
],
[
25,
26
],
[
25,
76
],
[
2,
82
],
[
2,
83
],
[
7,
83
],
[
3,
79
],
[
12,
78
],
[
12,
79
],
[
78,
79
],
[
3,
17
],
[
3,
89
],
[
17,
89
],
[
17,
91
],
[
17,
92
],
[
87,
91
],
[
91,
92
],
[
4,
25
],
[
25,
29
],
[
25,
79
],
[
4,
12
],
[
4,
90
],
[
12,
91
],
[
0,
5
],
[
0,
22
],
[
0,
80
],
[
5,
74
],
[
5,
77
],
[
8,
24
],
[
8,
74
],
[
8,
77
],
[
6,
81
],
[
10,
80
],
[
10,
81
],
[
6,
74
],
[
6,
75
],
[
74,
75
],
[
0,
23
],
[
0,
86
],
[
8,
23
],
[
23,
86
],
[
9,
10
],
[
9,
86
],
[
9,
87
],
[
10,
87
],
[
9,
78
],
[
77,
78
],
[
11,
88
],
[
11,
89
],
[
88,
89
],
[
11,
84
],
[
11,
85
],
[
13,
92
],
[
13,
93
],
[
92,
93
],
[
13,
29
],
[
13,
90
],
[
14,
29
],
[
29,
90
],
[
30,
42
],
[
30,
90
],
[
14,
93
],
[
15,
93
],
[
15,
94
],
[
15,
30
],
[
15,
88
],
[
28,
38
],
[
28,
88
],
[
16,
41
],
[
16,
94
],
[
40,
41
],
[
40,
44
],
[
41,
94
],
[
16,
37
],
[
16,
64
],
[
34,
35
],
[
35,
37
],
[
18,
95
],
[
18,
96
],
[
18,
26
],
[
18,
27
],
[
19,
27
],
[
19,
57
],
[
19,
82
],
[
57,
82
],
[
19,
96
],
[
19,
97
],
[
20,
97
],
[
20,
85
],
[
27,
28
],
[
27,
85
],
[
28,
55
],
[
21,
54
],
[
21,
58
],
[
54,
58
],
[
56,
58
],
[
58,
97
],
[
21,
67
],
[
64,
65
],
[
64,
66
],
[
64,
67
],
[
65,
67
],
[
22,
23
],
[
23,
24
],
[
31,
40
],
[
32,
40
],
[
31,
33
],
[
33,
34
],
[
32,
33
],
[
32,
48
],
[
33,
48
],
[
35,
36
],
[
36,
45
],
[
36,
60
],
[
45,
60
],
[
36,
37
],
[
36,
61
],
[
37,
39
],
[
38,
39
],
[
38,
41
],
[
38,
43
],
[
39,
41
],
[
41,
43
],
[
42,
43
],
[
43,
44
],
[
44,
46
],
[
45,
47
],
[
47,
50
],
[
46,
47
],
[
47,
49
],
[
48,
49
],
[
49,
50
],
[
51,
52
],
[
51,
65
],
[
51,
53
],
[
51,
54
],
[
52,
71
],
[
53,
71
],
[
55,
62
],
[
56,
59
],
[
56,
62
],
[
59,
62
],
[
57,
59
],
[
58,
59
],
[
58,
69
],
[
60,
63
],
[
60,
68
],
[
66,
68
],
[
61,
62
],
[
61,
63
],
[
62,
63
],
[
63,
67
],
[
68,
70
],
[
70,
72
],
[
69,
73
],
[
70,
73
],
[
71,
72
],
[
71,
73
]
],
"nstatus": 0,
"opt_line_pos": [
[
1.3371277415012937,
-1.193550325010427,
-1.910518630000316
],
[
0.6623709523084959,
-0.7413882948457021,
-0.6448534463140286
],
[
0.1867265748408379,
-0.6112186555522324,
-0.14735813106613183
],
[
0.8075220036995691,
-0.7590065968931607,
-0.694819762211671
],
[
0.4076116634046118,
-0.48435797053952373,
0.1173057578008247
],
[
0.8255923910138763,
-1.4166747074324324,
-2.0228936074236388
],
[
0.6522978645059273,
-1.0343142959794838,
-1.3282193793795294
],
[
0.17363079986693047,
-0.39754095975061476,
-0.6952443614409551
],
[
1.10406368903528,
-0.9877899174272506,
-1.885196530976389
],
[
1.2710802861829997,
-0.7282746972477089,
-1.393224379117101
],
[
1.1595071031645918,
-0.9531007064448632,
-1.3954061799347777
],
[
0.43827166667567485,
-0.25826369643997277,
-0.5398551730763139
],
[
0.679666434601159,
-0.2585369215058862,
-0.5765101030606549
],
[
0.49715635737394853,
0.08429928241116313,
-0.7075581912575839
],
[
0.452211082338394,
0.6215355427018311,
-0.22081785111170832
],
[
0.257230556348845,
0.3564233890895925,
-0.31668246016906293
],
[
-0.08699073880862417,
0.8144283329935667,
0.3627381700814041
],
[
0.40396041918029457,
-0.8361349158653613,
-1.1140299483009473
],
[
-0.2620657242602499,
-0.6433033574543545,
-0.5707829932141799
],
[
-0.6170458196272463,
-0.4184864939944848,
-0.08126690098076969
],
[
-0.7945331194489477,
-0.5645817831287102,
0.04827565649602649
],
[
-1.3142101754511313,
-0.18750760678703593,
0.16472793841910144
],
[
1.0169932757977573,
-1.289978028018771,
-1.8487562720434347
],
[
1.219403816714647,
-1.0143245901130122,
-1.9738703889483205
],
[
1.2951664982593654,
-1.2521361861714344,
-1.8036544511608321
],
[
0.5365946609527416,
-0.27594549804320867,
-0.021374297243659246
],
[
-0.08029785895190165,
-0.38392347538165644,
0.011475095780699114
],
[
-0.1506004280738058,
-0.07768837094340361,
0.20618754303038017
],
[
-0.17651791535521047,
0.2557194885949302,
0.19943632850870424
],
[
0.3904648509005348,
-0.03373929679096141,
0.008791604194928677
],
[
0.1671686462594987,
-0.019860884747397594,
-0.14845677619067654
],
[
-0.0014773302497498304,
1.2777747170177745,
0.4163243969988304
],
[
-0.25793906050944465,
1.614549233734122,
0.833509340470984
],
[
-0.40158076574413176,
1.5266852740521384,
0.797275684928371
],
[
-0.6751079255097201,
1.1562334609936025,
0.4723806540027821
],
[
-0.5509200851406082,
1.2298990286213582,
0.5469490296346949
],
[
-0.40848635875957917,
0.616595253195458,
0.3554991584437676
],
[
-0.30132594947755953,
0.4304118339137732,
0.35999714213416467
],
[
-0.24606467854257116,
0.29776062898613853,
0.2651168039365642
],
[
-0.20903571592215303,
0.19945516572662747,
0.2102949134790404
],
[
0.14444753143027955,
1.1113471639912607,
0.40304863841910415
],
[
-0.009939028544410087,
0.9145209030251102,
0.4040896781426173
],
[
-0.1543155854626993,
0.3709866420134279,
0.3463201833280169
],
[
-0.043872816195455,
0.5321115684611517,
0.5793414121758242
],
[
0.17301584789081975,
0.7200998027950193,
0.6304017373391275
],
[
-0.4594197983566761,
0.900326910405268,
1.0519502267491516
],
[
0.19902523618737158,
0.8456769901787111,
0.7356973097176663
],
[
0.004978480632393133,
0.7904940810494913,
0.6855496882893695
],
[
-0.2681690713241807,
1.543392897213858,
1.102052864114646
],
[
-0.2226113355202917,
1.265078085066538,
1.0275962257493574
],
[
-0.18854252084177509,
1.1485207450912727,
1.0228299536640661
],
[
-1.7018323379071107,
0.20894461827469232,
0.4539399030094575
],
[
-1.886250075719353,
-0.03759301444285661,
0.7237902666363476
],
[
-1.7378769409556956,
-0.09800104848462483,
0.771911178437503
],
[
-1.2362550628567657,
-0.3158992380518182,
0.06599344672976937
],
[
-0.5672646301923114,
0.11649028957744179,
0.23393794380172125
],
[
-0.3533136302083768,
-0.06247085931896271,
0.08789585590448673
],
[
-0.7138195181791478,
-0.13605597920545848,
0.36990893221594434
],
[
-0.6656044137911078,
-0.3189636144092134,
0.44308055626968984
],
[
-0.5954144908171266,
-0.21640986965482537,
0.33822368728028884
],
[
-0.9485820546819625,
0.2474018775786073,
0.881898284159283
],
[
-0.780341782659684,
0.12443394940877765,
0.41700829759351005
],
[
-0.6345154867088465,
0.28289111247508425,
0.28071777130800246
],
[
-0.6851075296071497,
0.33350714453348945,
0.5162576712077335
],
[
-1.1405986796631074,
0.19885753488637603,
0.6144993371905367
],
[
-1.171553427779405,
0.41164461492870547,
0.6518413967998992
],
[
-1.2430753230724179,
0.25681875777533586,
0.5235271327720135
],
[
-1.2755361083471068,
0.41380133385595996,
0.7422633588594085
],
[
-1.1394554761425766,
0.022051310932667448,
1.0188415137757245
],
[
-1.0486544555314519,
-0.22012495157736317,
0.6859298396336504
],
[
-0.881476753907967,
-0.16029163464965895,
0.7021809444680162
],
[
-1.580279570705161,
-0.05702213281982101,
0.9599214633108789
],
[
-1.6488042651381143,
-0.09451134498503966,
0.9011005753683893
],
[
-1.5092950357505956,
-0.08510548150233783,
1.0758625636300325
],
[
1.0407764461745617,
-1.0763200255093235,
-1.0586401182477652
],
[
0.6384984861935002,
-0.7578561731804309,
-0.6051266342267914
],
[
0.4485950709580316,
-0.36470461337631527,
0.03353820642287304
],
[
1.133872594304439,
-0.9389605835422772,
-1.1369309184433094
],
[
0.8386606412686367,
-0.44458320187135486,
-0.5721557938666463
],
[
0.6984469686631347,
-0.049883319162384844,
-0.03229420878270862
],
[
0.5712261515761817,
-1.2720997425650549,
-1.4333645231984622
],
[
0.3762509138535116,
-0.7649476080781998,
-1.0254677243787682
],
[
0.08306247266593374,
-0.6076137969187454,
-0.49325258446500225
],
[
0.17124597496533378,
-0.7554020548190442,
-1.2424647583538162
],
[
0.25425282555035345,
-0.38332995059198094,
-0.5098890418797665
],
[
-0.10955273581519354,
-0.28658445292236934,
0.16923010438694394
],
[
1.2256292721336548,
-0.6915336459480905,
-1.4182713964937885
],
[
0.8641513133710301,
-0.4529035540507788,
-0.820045527032336
],
[
0.26309453842323005,
-0.3522142695962298,
-0.44204175877241664
],
[
0.8084882846618037,
-0.6227595950096338,
