{
"contact_id_pairs": [
[
1,
16
],
[
0,
3
],
[
0,
4
],
[
1,
4
],
[
2,
3
],
[
2,
27
],
[
2,
39
],
[
27,
37
],
[
33,
37
],
[
3,
38
],
[
29,
31
],
[
29,
39
],
[
38,
39
],
[
0,
5
],
[
0,
7
],
[
6,
7
],
[
7,
11
],
[
4,
8
],
[
4,
9
],
[
8,
10
],
[
9,
11
],
[
5,
9
],
[
5,
34
],
[
5,
35
],
[
14,
17
],
[
14,
35
],
[
6,
12
],
[
6,
36
],
[
12,
37
],
[
20,
36
],
[
20,
37
],
[
7,
15
],
[
7,
34
],
[
7,
36
],
[
21,
34
],
[
1,
13
],
[
1,
35
],
[
1,
38
],
[
8,
13
],
[
10,
14
],
[
13,
14
],
[
13,
19
],
[
14,
18
],
[
18,
19
],
[
12,
17
],
[
12,
18
],
[
15,
23
],
[
17,
24
],
[
18,
23
],
[
18,
24
],
[
22,
23
],
[
16,
19
],
[
16,
30
],
[
19,
22
],
[
19,
28
],
[
22,
28
],
[
27,
28
],
[
28,
29
],
[
29,
30
],
[
20,
24
],
[
24,
25
],
[
24,
26
],
[
21,
23
],
[
21,
25
],
[
26,
33
],
[
30,
32
],
[
30,
33
],
[
28,
31
],
[
31,
32
]
],
"nstatus": 0,
"opt_line_pos": [
[
0.22707998647781386,
0.549174658229324,
-0.7478804223631049
],
[
0.3188563725407757,
-0.1758555411459079,
-0.22124966799613507
],
[
0.18022941483051896,
-0.1657791660485766,
-0.14797466586446506
],
[
0.3026363296481236,
-0.3631904720926684,
-0.2667859019378902
],
[
0.5187113341955524,
0.5684219402265508,
-0.4319423123686193
],
[
-0.030225657939905514,
0.34930663537042683,
-0.21935386389642728
],
[
-0.20141263134849816,
0.08017779013666469,
-0.0639668966848872
],
[
-0.3839754240936136,
0.3342562553873214,
-0.36251743870702885
],
[
0.39708074173763364,
-0.15832979331717692,
-0.2034598451756855
],
[
0.5343144650883175,
0.5652442212549388,
-0.5191213393385853
],
[
0.14800125985206827,
0.19396227668690197,
0.21305916869089433
],
[
0.6110948799713356,
0.6278163908921596,
-0.5189338893328196
],
[
-0.4316955937676994,
0.009792897099634199,
0.5945610135518664
],
[
0.25416103688615926,
0.22044983070587648,
0.2423198714089779
],
[
0.31314169402431646,
0.20272886651048183,
0.21230084790932038
],
[
-0.43785201583410344,
0.11251307379268856,
0.6331807051387112
],
[
0.16696222118149381,
-0.31906716742897767,
0.47871557949747345
],
[
-0.3785207262395791,
-0.0012215499080763513,
0.5337016418712822
],
[
-0.3542952757307074,
0.0671038481195845,
0.6080761375364907
],
[
0.10420608160701769,
-0.4359359599304903,
0.48544788959858964
],
[
-0.509598996394659,
-0.32500711071818206,
0.6547826068073307
],
[
-0.8438647782421325,
0.07181558701546717,
0.19440230520753177
],
[
-0.3867341620193018,
0.1815020237241913,
0.5394119514926912
],
[
-0.3385182910938465,
0.1285868209928015,
0.4930930759465394
],
[
-0.5100908857678378,
-0.23343568803696046,
0.5465681567362302
],
[
-0.488775410852569,
-0.3144669298472887,
0.5226220501692168
],
[
-0.484639399253514,
-0.1490322676740581,
0.6017155612657213
],
[
0.06514467107186492,
-0.26311451425647553,
0.6387548489744581
],
[
0.10064314598452555,
-0.25389081304436956,
0.5141510703934252
],
[
0.052693015251735614,
-0.31670407037017434,
0.49129090880019577
],
[
-0.249396585376082,
-0.41966522225576336,
0.6375481834779356
],
[
0.049707910718959324,
-0.9039626598386933,
0.1881848216420181
],
[
-0.33083653274886,
-0.5693789819948307,
0.5875198381632455
],
[
-0.3341753704920035,
-0.4103963577876266,
0.662966478542298
],
[
-0.026125993341693743,
0.3821513408831859,
-0.1587502563371358
],
[
-0.02133817061193603,
0.2445284477529793,
-0.04118364304866641
],
[
-0.19343143957967415,
0.10892787191862006,
-0.1606795762347776
],
[
-0.29710022922004126,
0.14162496513613043,
-0.14938662096839964
],
[
0.2756970119687747,
-0.06138424172816424,
-0.14029585897626262
],
[
0.1636225666155858,
-0.19062871577977245,
-0.1879224546500371
]
],
"opt_line_orient": [
[
0.5305687086048131,
-0.8441467290773866,
-0.07689697807697198
],
[
0.1669397419238732,
0.35551457509865875,
-0.9196415113830012
],
[
0.4992585139885514,
0.3779779787653188,
-0.7796624806789331
],
[
0.32494821562485343,
0.6475039179677309,
-0.6893093161844412
],
[
-0.058271506087810225,
-0.7131798020761745,
-0.6985549380605988
],
[
0.4246725189579533,
0.20465928210010537,
-0.8819114637491546
],
[
0.33106650288489403,
0.5210618156839819,
-0.7866953380462341
],
[
0.7576296265600363,
0.3451553670540389,
-0.553954078920168
],
[
0.20438932282812436,
0.9280186950548591,
-0.3114583541061905
],
[
-0.7893924751085374,
-0.3585103954263152,
0.4983270177436545
],
[
0.5296371176037119,
0.35409479918901493,
-0.7707797330260593
],
[
-0.6398102987585587,
-0.028780632275952584,
-0.7679937869594261
],
[
0.26036645997447794,
0.011757585278037535,
-0.9654382764883461
],
[
0.15754297916134938,
-0.6869896864721146,
-0.7093838033095431
],
[
-0.6857618742578275,
-0.004494006553249588,
-0.72781210193256
],
[
0.06675824119057985,
0.2559560956328481,
-0.9643805339913953
],
[
0.16056520960505105,
0.21759831970510077,
-0.9627407671465891
],
[
0.26352878417844755,
0.19036405710965118,
-0.945681820524315
],
[
0.9092395708898162,
0.20786275533722234,
-0.3606611674019271
],
[
0.22912934404755886,
0.944688358254199,
-0.2346564498907318
],
[
0.21948048451354263,
0.5315553715013732,
-0.8180936400839074
],
[
0.6007722127770923,
0.25294328613864925,
-0.7583484966374613
],
[
0.5896302151427393,
-0.8011596223361942,
-0.10236927727034947
],
[
-0.8807575173004935,
-0.04421776225099375,
-0.47149865876817293
],
[
0.5743028946389214,
0.7942090768354467,
0.19851480418735448
],
[
-0.6880540069475565,
0.6323884693991926,
-0.35590238450220923
],
[
0.7314908957072651,
-0.6776326702365003,
-0.07573000545050543
],
[
-0.005122415255306506,
0.08334580927478408,
-0.9965075197600285
],
[
-0.11883949506210682,
-0.8854221183856987,
-0.4493382319442283
],
[
0.18785396185613293,
-0.04278173668166982,
-0.9812648021922802
],
[
0.967189285022272,
0.2540541117340604,
0.0011812066389943312
],
[
0.16161121280090004,
0.7158991385235786,
-0.6792424010308986
],
[
0.5297722922402821,
-0.6284763506364799,
-0.5695250609631938
],
[
0.3713371404282004,
0.33389213118287187,
-0.8663860414807981
],
[
-0.7731459100937721,
-0.15782219670260844,
-0.6142780770410385
],
[
0.6074912842379573,
-0.7907750326679601,
-0.07502791003289218
],
[
-0.695575586020243,
0.6195968987311536,
-0.36369532195964843
],
[
0.6632037976999219,
-0.7366466530343361,
0.13233454307062748
],
[
0.0509574255010931,
-0.8023252945080209,
-0.5947078800376856
],
[
0.3738890514913726,
-0.7406744393462866,
-0.5582189105305785
]
]
}