{
"contact_id_pairs": [
[
1,
2
],
[
1,
10
],
[
1,
4
],
[
3,
4
],
[
2,
3
],
[
3,
16
],
[
4,
5
],
[
4,
6
],
[
5,
55
],
[
5,
7
],
[
5,
22
],
[
7,
8
],
[
6,
7
],
[
6,
14
],
[
7,
21
],
[
7,
71
],
[
8,
9
],
[
8,
11
],
[
8,
32
],
[
9,
28
],
[
12,
13
],
[
13,
28
],
[
10,
11
],
[
10,
12
],
[
11,
29
],
[
13,
17
],
[
15,
17
],
[
14,
15
],
[
14,
18
],
[
16,
17
],
[
17,
18
],
[
0,
19
],
[
0,
54
],
[
19,
76
],
[
19,
20
],
[
20,
64
],
[
0,
20
],
[
0,
52
],
[
20,
77
],
[
21,
70
],
[
21,
75
],
[
23,
70
],
[
23,
75
],
[
65,
70
],
[
75,
82
],
[
22,
89
],
[
23,
60
],
[
23,
89
],
[
73,
89
],
[
24,
35
],
[
24,
89
],
[
35,
72
],
[
58,
89
],
[
24,
68
],
[
24,
74
],
[
39,
82
],
[
66,
82
],
[
74,
82
],
[
25,
37
],
[
26,
37
],
[
25,
27
],
[
27,
30
],
[
26,
27
],
[
26,
47
],
[
28,
31
],
[
28,
34
],
[
28,
42
],
[
31,
42
],
[
34,
42
],
[
29,
30
],
[
29,
31
],
[
30,
33
],
[
32,
33
],
[
32,
36
],
[
33,
36
],
[
34,
36
],
[
35,
36
],
[
36,
40
],
[
38,
40
],
[
37,
48
],
[
38,
41
],
[
38,
48
],
[
39,
67
],
[
40,
41
],
[
40,
67
],
[
41,
43
],
[
42,
44
],
[
44,
46
],
[
43,
45
],
[
44,
45
],
[
45,
46
],
[
45,
47
],
[
46,
47
],
[
48,
67
],
[
48,
74
],
[
49,
72
],
[
49,
74
],
[
49,
88
],
[
50,
88
],
[
68,
88
],
[
50,
83
],
[
51,
59
],
[
51,
83
],
[
59,
83
],
[
51,
80
],
[
52,
84
],
[
79,
84
],
[
80,
84
],
[
53,
83
],
[
57,
83
],
[
61,
83
],
[
53,
84
],
[
54,
84
],
[
78,
81
],
[
78,
84
],
[
55,
73
],
[
55,
75
],
[
56,
71
],
[
56,
73
],
[
56,
70
],
[
57,
70
],
[
58,
69
],
[
59,
69
],
[
59,
85
],
[
60,
69
],
[
60,
86
],
[
61,
69
],
[
62,
65
],
[
62,
87
],
[
65,
87
],
[
65,
88
],
[
66,
87
],
[
87,
88
],
[
62,
63
],
[
62,
86
],
[
63,
78
],
[
63,
86
],
[
78,
79
],
[
79,
85
],
[
63,
81
],
[
64,
76
],
[
76,
80
],
[
77,
80
],
[
77,
81
],
[
56,
87
]
],
"nstatus": 0,
"opt_line_pos": [
[
0.8903837340918465,
1.1987092493120806,
-2.19677068250491
],
[
-0.07595000951360627,
-1.4785224434469892,
0.6272137668010181
],
[
-0.019212979889717537,
-1.4927417267992271,
0.8681258145863768
],
[
-0.07788790598653832,
-1.4503981717660077,
0.8273018992401716
],
[
0.16894948746626667,
-0.9635348406783456,
0.30091310462844834
],
[
0.010892830569961046,
-0.46772923029865976,
0.3877811415242103
],
[
0.17350104241468708,
-0.6946449445217808,
0.49088223189631175
],
[
0.1070367368738188,
-0.5225332515292183,
0.4718712295306594
],
[
-0.309217922999698,
-0.5638653852273499,
0.6088054480624073
],
[
-0.4620302692823891,
-0.6743292703054606,
0.9799740415090925
],
[
-0.2582126650543303,
-0.9006141649995385,
0.7047362240733771
],
[
-0.42709292087032813,
-0.9943028826719401,
0.7509425192569144
],
[
-0.22566389486405544,
-1.0394192382906684,
0.7109790070787549
],
[
-0.20566111885852012,
-0.8033964162792989,
1.0690050275418237
],
[
0.0752241115562787,
-0.7713504651448334,
0.9604630287536315
],
[
-0.001913527561871996,
-0.7692853119899958,
0.7950109806569294
],
[
-0.19619943626326727,
-1.3890296203087178,
1.0902380498965945
],
[
-0.15872447850368598,
-1.393803701797529,
1.042559113614901
],
[
-0.0710251720370482,
-1.4444741981078375,
1.0801553137917141
],
[
1.1687808345598623,
0.8469859954237653,
-2.2683803756350778
],
[
1.01972857523603,
1.306856291940619,
-2.1499047836062175
],
[
0.3293835953782562,
-0.06050168521108957,
-0.020250164336502854
],
[
0.15779654282265754,
-0.20613200115262406,
0.22206788158986604
],
[
-0.0429240965320386,
-0.16435934620233605,
0.16520271602153436
],
[
-0.21089689170432524,
-0.0855899034634831,
0.12266844292727695
],
[
-1.4100021117120833,
-0.018453836523567857,
0.28485456698901485
],
[
-1.711409276762675,
-0.23211344602130435,
0.8904022873451315
],
[
-1.7012787700384293,
-0.07605067282600225,
0.8259912099768488
],
[
-0.7337308102670512,
-0.36918663575507404,
0.8284977080484814
],
[
-0.9410459514241617,
-0.3039766243037634,
0.7512204088611125
],
[
-1.0703515721128831,
-0.43775909649931244,
0.7544400676827411
],
[
-1.1326952634009606,
-0.18297009106464443,
0.6884352165802816
],
[
-0.4032745401317918,
-0.32224886550185045,
0.43816185276731634
],
[
-0.6465872235874598,
-0.12334849996064089,
0.4641046776218938
],
[
-0.5423133057299289,
-0.36723044915853204,
0.41308036943345805
],
[
-0.32087382992971464,
-0.14663079463714515,
0.26886276359279926
],
[
-0.4639571429282967,
-0.042414489843293095,
0.328019835193641
],
[
-1.0637901215341448,
0.0007081541451372284,
0.2569362478096376
],
[
-0.9689206879209037,
0.10821194672981294,
0.15594726253183439
],
[
-0.6576349439913938,
0.19799306393753358,
0.46461695287951854
],
[
-0.5001414061379391,
0.11597113478469387,
0.51757672018858
],
[
-0.4249766942480222,
0.04137280838677303,
0.4540176391084869
],
[
-0.9078632154476782,
-0.2592896465614156,
1.1295535916839063
],
[
-0.6702511231924309,
-0.04433126783833577,
0.8029674154832347
],
[
-0.8215297347845042,
-0.0420463536830212,
0.7771761655216292
],
[
-1.3162839130408261,
-0.12458014340779308,
1.1249534843132707
],
[
-1.424089205786953,
-0.13251352899327806,
1.0656266259916711
],
[
-1.3542251273439756,
-0.17421463714294685,
1.055130083521215
],
[
-0.9685537730586863,
0.07216475380606945,
0.21676511197383536
],
[
-0.6260786575186054,
0.34487495245132666,
-0.18664507568542837
],
[
-0.03194170081494245,
0.5699081417791207,
-0.6941777024913545
],
[
0.3145534090428171,
0.9744896572807444,
-1.294948522560047
],
[
0.7977450123349907,
0.8974617236716544,
-1.549977113321213
],
[
0.6869756384144953,
0.6016346497876953,
-1.2700105240404895
],
[
1.102330375751207,
0.5524146000997974,
-1.8545616040883537
],
[
0.07767840996977865,
-0.7594197435522034,
0.33760593292744007
],
[
0.3781495598006949,
-0.5536756767920459,
-0.16486431851580366
],
[
0.6011101938831516,
0.09626839920806281,
-0.7346378633550332
],
[
-0.19757368682279255,
0.17279282673925336,
-0.008539489293621989
],
[
-0.027859263665568988,
0.6208816183787859,
-0.5782154271054655
],
[
0.03688045950885157,
-0.18278844023558546,
-0.06261212597243948
],
[
0.2880625359811782,
0.32331620744446754,
-0.7472030363044266
],
[
0.5023599422829076,
0.5117110213605301,
-0.10614093901565969
],
[
0.8582926277052305,
0.7265128499778405,
-1.029947776354142
],
[
1.278072372166483,
1.0650839167344373,
-1.545166660109623
],
[
0.48598169708371314,
-0.044053894787717075,
0.10366961775694207
],
[
0.09264274381975329,
0.21733349562133525,
-0.13637420345510515
],
[
-0.6223758387800452,
0.18419012755007116,
0.5417185595457902
],
[
0.06612564008233694,
0.4523213945366425,
-0.08499907399752427
],
[
0.043757879994375574,
0.5239678673320722,
-0.6603205492142205
],
[
0.48318156948021007,
0.1383058900916685,
-0.035437015643380344
],
[
0.25740687349908176,
-0.6003313531674912,
0.6030980622947241
],
[
-0.31446895295306737,
0.06863467257102586,
-0.08956657342996496
],
[
0.08016521279044199,
-0.043843563413113705,
-0.02582054637190639
],
[
-0.1870479284744464,
0.29935535515153194,
0.029614941836247695
],
[
0.25884768575728934,
-0.08081849575090118,
0.019043121394847283
],
[
1.2597853469829485,
1.1686595718924808,
-1.6385891782794757
],
[
1.011944612459928,
1.399807787007248,
-2.349903257727312
],
[
0.8492910679836474,
0.8697099002461541,
-1.0325218693791351
],
[
0.7423640749654974,
1.0149636600313015,
-0.9603052011755236
],
[
0.6649156441433509,
1.054210663693773,
-1.6805661654478934
],
[
1.099107733309148,
1.0887484968429078,
-1.5759170756392498
],
[
-0.17206226236264235,
0.38782876739231514,
0.03884635591159962
],
[
0.36255597859510713,
0.8892031287388303,
-1.1996627857041602
],
[
0.7255925089420773,
1.0252217558491814,
-1.6269178374225095
],
[
0.7725414762768503,
0.9959506733215694,
-0.9948738859614179
],
[
0.39522659571740654,
0.1675202006530105,
-0.610776891499787
],
[
0.5192780581181503,
0.3879795914201039,
-0.16124399700442701
],
[
-0.17421317192949154,
0.5637023354047097,
-0.7666746556026331
],
[
0.042968101931343795,
-0.05919816008811997,
0.1142590238691112
]
],