{
"contact_id_pairs": [
[
1,
2
],
[
1,
5
],
[
1,
13
],
[
1,
25
],
[
22,
25
],
[
2,
19
],
[
3,
19
],
[
3,
11
],
[
3,
18
],
[
11,
16
],
[
4,
7
],
[
4,
10
],
[
4,
12
],
[
12,
14
],
[
5,
6
],
[
5,
8
],
[
5,
14
],
[
8,
14
],
[
6,
23
],
[
23,
25
],
[
7,
24
],
[
8,
20
],
[
9,
20
],
[
9,
10
],
[
9,
21
],
[
10,
21
],
[
12,
21
],
[
11,
13
],
[
11,
17
],
[
0,
15
],
[
15,
17
],
[
16,
17
],
[
0,
18
],
[
0,
19
],
[
18,
22
],
[
20,
21
],
[
21,
24
],
[
23,
24
]
],
"nstatus": 0,
"opt_line_pos": [
[
0.5347124854646428,
-0.220814056253443,
0.03310586266133058
],
[
0.1720942506069929,
-0.36112193577441054,
0.051917732536690804
],
[
0.3919519192628806,
-0.4593112029234815,
0.286000671438424
],
[
0.36527937287628376,
-0.9500393585541979,
0.491484681916054
],
[
-0.8071107832791249,
0.6478550681879903,
-0.5184950184614927
],
[
-0.27611030619142096,
0.0795127587233397,
0.20228098773939301
],
[
0.0744111917837469,
0.1088634304880259,
-0.43847184617047286
],
[
-0.6261063597083751,
0.6672272699778312,
-0.6108370851095382
],
[
-0.4154631199470815,
0.21045050232409612,
0.3566348234146298
],
[
-0.6918932159238219,
0.51447416584332,
0.3727535185225278
],
[
-0.7454150106323275,
0.4812297239150558,
0.3558771335816127
],
[
0.29788268575932614,
-1.0708522224244703,
0.007984016844231653
],
[
-0.9227483811506066,
0.3370227045607559,
0.44532692554333453
],
[
0.13668544923793632,
-0.22316719190104176,
0.06251002370817695
],
[
-0.24973239852275414,
0.11097727494430262,
0.24316242633372517
],
[
0.4947609010301261,
-0.6203232197761993,
-0.4709429658043981
],
[
0.5144338050304658,
-0.9246126248472487,
0.4974712225376694
],
[
0.3454564821297468,
-1.0328601588015378,
-0.19141748076512854
],
[
0.6203693099843067,
-0.08130282722052831,
0.038322458036708425
],
[
0.27535575282606334,
-0.47962332093384485,
0.3064730510020795
],
[
-0.41611723443264986,
0.39263548347776617,
0.44644130656224557
],
[
-0.7623973193477411,
0.432754284862483,
0.4576180512909236
],
[
0.5384381979608562,
-0.005500219373982961,
-0.027610982680090487
],
[
0.13124347552402366,
0.4861596891565601,
-0.023067882483113557
],
[
-0.051392571060392224,
0.6233267695911894,
-0.17041175386200189
],
[
0.16271039268074955,
0.024762257177577292,
-0.1740797257331972
]
],
"opt_line_orient": [
[
-0.1607798922938763,
-0.774571543537936,
-0.6117096943610008
],
[
0.2597361885663918,
0.5381055496464793,
-0.8018600437661575
],
[
-0.2757658539753196,
0.3950550269542961,
-0.8762903168809999
],
[
-0.20536297312038937,
0.9614583589319793,
-0.18282197163081754
],
[
-0.3670772565427558,
-0.803593267253149,
0.46849989173366224
],
[
0.5692019970600958,
-0.8119433938173014,
0.1294488770876023
],
[
-0.31326903128166306,
-0.34212874669472715,
0.8858952730006767
],
[
-0.9689872137388598,
-0.03684606397832384,
0.24434841349987713
],
[
0.2027466955875608,
-0.26094537545596364,
-0.9438226996933646
],
[
0.9982705638788559,
-0.04631286962219783,
-0.0362077256997517
],
[
-0.21124268703018098,
0.026406828375003816,
-0.9770768683125407
],
[
0.21130713339080504,
0.2135333221632387,
0.953809632842996
],
[
-0.1730342968504334,
-0.17831242558338864,
-0.9686401865481551
],
[
0.0648238577149555,
-0.938402996005081,
-0.3394078439866099
],
[
-0.9681407389891962,
0.16441451798065826,
-0.18886867338614244
],
[
-0.2254859577020744,
-0.9288893378293297,
0.29380381370255876
],
[
0.06816828634022393,
-0.0043879819128464165,
-0.9976641871652856
],
[
0.5226456319020659,
0.14162572206551866,
-0.8407042870731128
],
[
-0.35565633533040675,
-0.7632617379198435,
0.5393886266570009
],
[
0.4147524520049276,
0.23712467800647427,
-0.8784943315902647
],
[
0.42980189281233133,
0.5266180176581448,
-0.7334465191223852
],
[
0.8246067694922287,
0.22396051524249125,
-0.5194856719101195
],
[
-0.8815443862874704,
-0.030046948064150765,
-0.47114400762089437
],
[
-0.1299092293524705,
-0.833745091250367,
-0.5366495271077433
],
[
-0.7464197306251386,
0.014919226387281288,
-0.6653082010748861
],
[
-0.48594596584186983,
0.8739815937036712,
-0.0035626042726343726
]
]
}