{
"contact_id_pairs": [
[
1,
2
],
[
2,
56
],
[
0,
1
],
[
0,
36
],
[
16,
36
],
[
0,
2
],
[
0,
42
],
[
2,
22
],
[
3,
48
],
[
3,
18
],
[
3,
38
],
[
17,
38
],
[
18,
49
],
[
4,
18
],
[
4,
39
],
[
19,
39
],
[
5,
31
],
[
5,
62
],
[
31,
39
],
[
31,
63
],
[
39,
63
],
[
5,
66
],
[
19,
66
],
[
20,
40
],
[
20,
66
],
[
6,
52
],
[
6,
63
],
[
7,
40
],
[
7,
52
],
[
63,
64
],
[
6,
8
],
[
6,
21
],
[
8,
20
],
[
8,
21
],
[
8,
41
],
[
7,
33
],
[
8,
33
],
[
8,
54
],
[
32,
54
],
[
9,
54
],
[
9,
64
],
[
10,
41
],
[
41,
54
],
[
54,
64
],
[
9,
11
],
[
9,
21
],
[
10,
32
],
[
11,
32
],
[
12,
28
],
[
28,
46
],
[
46,
53
],
[
53,
60
],
[
53,
61
],
[
60,
61
],
[
12,
13
],
[
12,
34
],
[
13,
35
],
[
13,
55
],
[
35,
55
],
[
13,
26
],
[
13,
28
],
[
13,
47
],
[
27,
47
],
[
28,
47
],
[
14,
29
],
[
14,
47
],
[
14,
15
],
[
14,
35
],
[
15,
27
],
[
27,
29
],
[
16,
51
],
[
16,
67
],
[
17,
37
],
[
17,
67
],
[
37,
67
],
[
22,
43
],
[
23,
43
],
[
23,
44
],
[
24,
44
],
[
24,
25
],
[
24,
45
],
[
25,
45
],
[
25,
30
],
[
25,
65
],
[
26,
46
],
[
26,
65
],
[
30,
65
],
[
46,
65
],
[
30,
31
],
[
30,
60
],
[
31,
45
],
[
45,
59
],
[
33,
52
],
[
33,
53
],
[
33,
65
],
[
33,
66
],
[
34,
52
],
[
52,
65
],
[
53,
66
],
[
36,
50
],
[
50,
57
],
[
51,
57
],
[
37,
49
],
[
48,
49
],
[
38,
59
],
[
38,
62
],
[
42,
56
],
[
43,
57
],
[
43,
58
],
[
44,
58
],
[
50,
67
],
[
55,
61
]
],
"nstatus": 0,
"opt_line_pos": [
[
0.6921740751844864,
1.0378582549244757,
-2.0299710328472766
],
[
1.262011344829967,
1.4257368984327203,
-1.9528325896236656
],
[
1.4619121529226788,
1.3930817735956964,
-2.0145248629182335
],
[
0.023039867421505263,
0.4535034381184494,
-0.9113841788886459
],
[
0.04582370930697556,
0.08604759625225407,
-0.2572850771828385
],
[
0.06316118981955933,
-0.3080968753867938,
0.37386075828652393
],
[
0.007310230053137405,
-0.949064039193022,
0.979615932424409
],
[
-0.10605097658838934,
-0.8232501454224548,
0.748243916129687
],
[
-0.6580996200340336,
-1.0078265360032153,
0.886503417630667
],
[
-0.15030516329358223,
-1.6017546814151404,
1.3909991124400725
],
[
-0.35670561719866783,
-1.3866521852142593,
1.4526612769911231
],
[
-0.7103785274601048,
-1.760062636261488,
1.5108536295219956
],
[
-0.8488144184422975,
-0.07450205723819209,
0.7446348425890147
],
[
-0.9657053659077022,
-0.5961559503060527,
0.7587534244750831
],
[
-1.5597731012329956,
-0.37381742437023124,
1.4019035160044997
],
[
-1.7181805198752442,
-0.7770845601277191,
1.4232542904268095
],
[
1.329253691676092,
0.6572497480789212,
-2.158909357603047
],
[
0.776966909491523,
0.4793134030431068,
-1.5634662579221503
],
[
0.541051612254976,
0.013676260680676742,
-0.8982850702943523
],
[
0.365359318473895,
-0.2619962515492539,
-0.08480022189310815
],
[
-0.04010744794404138,
-0.8170130956139594,
0.3803614705555025
],
[
-0.02142509373953673,
-1.5992694299564474,
0.9990760822901189
],
[
0.8126836247450284,
1.2178667832003058,
-1.9489573322165157
],
[
0.7046434283074827,
0.8016148718955827,
-1.2347642192500106
],
[
0.03463690353376991,
0.4115149830658587,
-0.8154078632338955
],
[
-0.20340218488403367,
0.12189589642781305,
-0.11804438868590816
],
[
-0.795919484108408,
0.1174552331368412,
0.3152880965608071
],
[
-1.3988387528614414,
-0.07918215176320093,
0.9419155262315769
],
[
-0.9222041955354306,
0.04994994537333293,
0.7323671770983187
],
[
-1.5312697686735457,
-0.3693291293992817,
1.3721696571254405
],
[
-0.19979444735229215,
0.026661485728781943,
0.41183606993062377
],
[
-0.0011876511148470993,
0.23523694810404364,
0.46319144938474405
],
[
-0.6902837258329706,
-1.7239788613381035,
1.5247852589805193
],
[
-0.510180571179927,
-1.1361015611351517,
0.8559883447279988
],
[
-0.5054028802603738,
-0.37908274029746497,
0.2093040662509101
],
[
-1.6263730170573145,
-0.8210019127815358,
1.221228327849389
],
[
1.1731257559282124,
0.8634104088299808,
-1.525024737856662
],
[
0.6332079695469064,
0.5781183016502461,
-0.8965882539547925
],
[
0.41835029768385495,
0.42337630106554,
-0.26373958823902505
],
[
0.3645178928968077,
-0.3381626690587642,
0.21137883881575328
],
[
0.15372071616185454,
-0.7247041655685855,
0.6778708787682063
],
[
-0.35670561719866783,
-1.3533994510081986,
1.1711264728062445
],
[
0.9322490028463221,
0.8827415048306227,
-1.5394600281873716
],
[
0.8241436793013867,
0.5931187515899017,
-0.7853209770441762
],
[
0.5023159709303845,
0.24223873702818463,
-0.26373958823902505
],
[
-0.1288969548153534,
0.2669316467653135,
0.20687558926374877
],
[
-0.950957579198797,
0.04750445095782071,
0.8661245392520629
],
[
-1.4290175117242219,
-0.09956853707939246,
1.3412160859055016
],
[
0.602594924652118,
0.7714387067389279,
-0.7817583316218557
],
[
0.6568271851570974,
0.5685312469983065,
-0.7901785086454384
],
[
0.9323824154457,
0.8946374299722872,
-1.3337389336954983
],
[
0.9737311952023041,
0.8634104088299808,
-1.5000756146043839
],
[
-0.07222499640184972,
-0.9781549353305425,
0.9470379448613935
],
[
-0.8435817926196465,
-0.0993914845070395,
1.0002905943940201
],
[
-0.6669899331310857,
-1.023018013168585,
1.0123126954571926
],
[
-0.9784186805146567,
-0.6429123162731555,
0.9051197285852642
],
[
1.45100509130147,
1.3815154361951967,
-2.063070456172823
],
[
0.68580408363193,
0.6432980034876942,
-0.9138217022702437
],
[
0.7798448003269501,
0.5337506786845438,
-0.629924115117214
],
[
0.3140211623213841,
0.366387404922609,
-0.20268351578480234
],
[
-0.7510840406170669,
-0.17918930359058333,
0.8582054753204801
],
[
-0.833551614050327,
-0.16281394898182383,
0.9313168683933041
],
[
0.3576990538354373,
0.2590326913988893,
0.0412151941079816
],
[
0.27299075326574146,
-0.35560121184325844,
0.5416158351256062
],
[
-0.1283495972918927,
-0.874091045808895,
1.0556658994250663
],
[
-0.5054028802603738,
-0.459955821230922,
0.4575337234142606
],
[
-0.29580963729027543,
-0.4017170604763183,
0.34051950326711855
],
[
0.38789174076466787,
0.7130007035858772,
-1.383227011720501
]
],