{
"contact_id_pairs": [
[
1,
18
],
[
15,
18
],
[
1,
6
],
[
2,
5
],
[
2,
11
],
[
6,
11
],
[
2,
13
],
[
13,
18
],
[
3,
9
],
[
4,
9
],
[
4,
11
],
[
8,
10
],
[
9,
10
],
[
3,
7
],
[
6,
12
],
[
6,
13
],
[
7,
12
],
[
7,
13
],
[
12,
13
],
[
4,
5
],
[
4,
15
],
[
7,
14
],
[
14,
15
],
[
0,
8
],
[
0,
14
],
[
0,
16
],
[
0,
9
],
[
0,
17
],
[
9,
12
],
[
9,
17
],
[
12,
17
],
[
10,
16
],
[
10,
17
],
[
16,
17
]
],
"nstatus": 0,
"opt_line_pos": [
[
0.07872958259758549,
0.2889450317836925,
-0.6641318599357495
],
[
-0.5400722823809595,
-0.24071445247641024,
0.38914765748458235
],
[
-0.21289434868029955,
-0.11746591340996929,
0.7679788943692198
],
[
0.27005293520449947,
0.3087925715663404,
0.0680208268473005
],
[
-0.30149046054286055,
0.11355849398870026,
-0.10845358267603492
],
[
-0.18117771046744696,
-0.04216247064395631,
0.7899017096388665
],
[
-0.16161736171993527,
-0.1699708866045768,
0.8288878265423295
],
[
-0.22755878952330724,
0.00877268074881451,
0.02744400009103794
],
[
0.08062072145293753,
0.2534762193505186,
-0.5976238149180414
],
[
0.2657421404409689,
0.22519368419763774,
0.1662158816104266
],
[
0.30517292490917,
0.19969146678971259,
0.03417668323001113
],
[
-0.18341414479023443,
-0.1556379088183831,
0.7796900849901512
],
[
0.1124333613544179,
-0.24117999459977402,
0.0032512912336941967
],
[
-0.18544134602400403,
-0.6233055106060624,
0.380917757147023
],
[
-0.22788079779804232,
0.07171032193075874,
-0.1271040725143154
],
[
-0.6161147742581363,
-0.18465843896439083,
0.46256531876177176
],
[
0.01676697836474959,
0.3414893837311595,
-0.6888914649910066
],
[
0.21674761162840478,
0.06906929910638647,
-0.6644059655023958
],
[
-0.5645116914924366,
-0.19685406803257308,
0.3628924032775987
]
],
"opt_line_orient": [
[
0.5493552473343081,
-0.8232223643395268,
-0.14322622342818603
],
[
0.834461567351181,
0.15193526143610578,
0.5297070595585379
],
[
0.027923338225088284,
-0.8655459276413963,
-0.500050531772302
],
[
-0.3867562939682824,
-0.8948191930220364,
-0.22297574055334163
],
[
0.8232971446098235,
0.2440945399857489,
0.5124447943207708
],
[
-0.11786923055307702,
0.2178614587662285,
-0.9688360177414321
],
[
0.2649640505797848,
-0.1678223697389759,
-0.9495418390547874
],
[
0.7724155028664117,
-0.6181395768772492,
-0.14586896321577145
],
[
0.32985693596427723,
-0.01974023433624009,
0.9438245202073366
],
[
-0.04627990913392427,
-0.2430175358397976,
-0.9689172551280674
],
[
0.2960755540123434,
0.3804648572533609,
-0.8761197171114594
],
[
0.29337942059848776,
0.42205179329129067,
-0.8577883184964118
],
[
0.27809743189658387,
0.5270771054683725,
-0.8030264897645699
],
[
0.5259828980005737,
0.5769026524918153,
-0.6249202513591844
],
[
0.4918605204938395,
0.19122928469065514,
-0.8494142623338918
],
[
0.4709043692705989,
0.37452172774742765,
-0.7987380987826618
],
[
0.9634321638469737,
0.2613030618736239,
-0.059322639191181824
],
[
0.545295555418854,
0.8375077325886559,
-0.03512200299886532
],
[
0.7465111842341174,
-0.6477672494750671,
-0.15204815790032358
]
]
}