{
"contact_id_pairs": [
[
2,
5
],
[
2,
6
],
[
1,
7
],
[
5,
7
],
[
1,
2
],
[
7,
9
],
[
8,
9
],
[
3,
4
],
[
4,
6
]
],
"nstatus": 0,
"opt_line_pos": [
[
0.7898636075212494,
1.040140202078328,
-1.9920041344062784
],
[
-0.11242412451998135,
-1.4358799215762406,
0.8310752693071722
],
[
-0.13430434108640923,
-1.4748731048653885,
0.8576206882327505
],
[
-0.37530802127784896,
-0.9248790352995954,
0.7310433453327418
],
[
-0.4012960922762815,
-0.9365191743062351,
0.6711999411807124
],
[
-0.28748484777651717,
-1.3105950312951773,
0.6686640417779122
],
[
-0.39093518943043143,
-0.9390477220055673,
0.5772619949332696
],
[
0.007360685175251541,
-0.9537802435414078,
0.21822149467742624
],
[
-0.08747278747688784,
-0.4175593425798451,
0.18857264350539366
],
[
0.164904019310115,
-0.5611942303327225,
0.5039728481923509
]
],
"opt_line_orient": [
[
0.5731169612197482,
-0.8161666021789562,
0.07354608249185667
],
[
0.0581312217031423,
0.2607538284443236,
-0.9636535695025099
],
[
-0.5540814519493534,
0.4539045703797462,
-0.6978283353333213
],
[
0.16556780119777387,
0.9209684000650089,
-0.3527102341699661
],
[
-0.011976777117669712,
0.8675418665733559,
0.49721993780649165
],
[
0.5410549754469584,
0.27580352615058246,
-0.7944758828982766
],
[
0.15515970375498456,
-0.9834314254488092,
-0.09374485463420722
],
[
-0.3296158586403403,
-0.8933094096206943,
0.3055350788631613
],
[
0.14507387566852906,
-0.9696968910743408,
-0.1965744389265057
],
[
-0.19917327194666187,
-0.6927951679897026,
-0.6930835901622406
]
]
}