{
"contact_id_pairs": [
[
1,
6
],
[
1,
45
],
[
6,
40
],
[
6,
91
],
[
40,
91
],
[
43,
45
],
[
1,
3
],
[
1,
12
],
[
2,
3
],
[
12,
82
],
[
2,
68
],
[
2,
88
],
[
16,
68
],
[
16,
88
],
[
3,
11
],
[
3,
13
],
[
6,
13
],
[
6,
75
],
[
7,
11
],
[
7,
75
],
[
4,
24
],
[
4,
25
],
[
25,
27
],
[
27,
83
],
[
4,
5
],
[
4,
8
],
[
4,
22
],
[
5,
8
],
[
5,
9
],
[
5,
76
],
[
22,
76
],
[
5,
41
],
[
5,
44
],
[
5,
90
],
[
24,
44
],
[
41,
90
],
[
42,
90
],
[
7,
35
],
[
35,
45
],
[
45,
55
],
[
8,
29
],
[
8,
56
],
[
29,
44
],
[
9,
23
],
[
9,
25
],
[
9,
86
],
[
23,
29
],
[
10,
12
],
[
10,
87
],
[
11,
35
],
[
11,
87
],
[
10,
54
],
[
10,
69
],
[
69,
88
],
[
13,
20
],
[
14,
20
],
[
14,
64
],
[
14,
87
],
[
15,
65
],
[
15,
82
],
[
15,
87
],
[
62,
82
],
[
15,
66
],
[
16,
66
],
[
16,
67
],
[
16,
84
],
[
0,
34
],
[
0,
46
],
[
17,
34
],
[
17,
18
],
[
17,
39
],
[
0,
18
],
[
0,
32
],
[
0,
47
],
[
32,
47
],
[
19,
23
],
[
19,
74
],
[
74,
89
],
[
19,
63
],
[
19,
73
],
[
19,
85
],
[
63,
85
],
[
20,
21
],
[
21,
22
],
[
21,
64
],
[
22,
64
],
[
21,
83
],
[
21,
86
],
[
26,
63
],
[
26,
65
],
[
26,
83
],
[
26,
28
],
[
28,
85
],
[
66,
71
],
[
66,
85
],
[
71,
85
],
[
27,
72
],
[
27,
89
],
[
28,
72
],
[
28,
89
],
[
30,
60
],
[
42,
56
],
[
56,
60
],
[
57,
59
],
[
57,
60
],
[
57,
78
],
[
60,
78
],
[
30,
81
],
[
31,
52
],
[
31,
81
],
[
31,
49
],
[
31,
53
],
[
32,
50
],
[
49,
53
],
[
50,
53
],
[
33,
52
],
[
36,
80
],
[
52,
80
],
[
33,
53
],
[
34,
48
],
[
34,
53
],
[
51,
53
],
[
36,
77
],
[
43,
55
],
[
43,
61
],
[
55,
77
],
[
57,
58
],
[
57,
61
],
[
37,
41
],
[
37,
79
],
[
40,
41
],
[
41,
61
],
[
60,
61
],
[
37,
80
],
[
37,
81
],
[
38,
48
],
[
38,
49
],
[
48,
58
],
[
49,
80
],
[
58,
81
],
[
59,
80
],
[
59,
81
],
[
38,
47
],
[
39,
50
],
[
39,
51
],
[
46,
47
],
[
46,
50
],
[
54,
62
],
[
54,
70
],
[
54,
84
],
[
67,
69
],
[
68,
70
],
[
69,
70
],
[
71,
73
],
[
71,
74
],
[
72,
73
],
[
72,
74
],
[
75,
77
],
[
75,
90
],
[
76,
78
],
[
76,
91
],
[
78,
90
],
[
79,
91
],
[
90,
91
]
],
"nstatus": 0,
"opt_line_pos": [
[
0.9454191882236128,
1.2079682770598659,
-2.057707355740199
],
[
0.4097951658731105,
-0.12625405013253613,
0.12385010408402396
],
[
-0.008838259148635041,
-0.7009118841826837,
1.1037027117750846
],
[
0.08779273296266527,
-0.5541576243162212,
0.6664142964639808
],
[
-0.5801251459478493,
0.09927672793298103,
0.678407208231776
],
[
-0.37382435952549764,
-0.08296470482344959,
0.32996608750134415
],
[
-0.05388850524028884,
-0.4998963077297714,
0.3523596435375816
],
[
0.00888793984223649,
-0.41944817212486535,
0.4212913034171791
],
[
-0.30302807003483506,
-0.03184373963933669,
0.28995589851589776
],
[
-0.9899664188157598,
0.03370684023763698,
0.30021247444557914
],
[
0.0040907380102907925,
-1.0578785296000484,
0.35975122978176954
],
[
-0.061203930545740644,
-0.42962512000637465,
0.44028992410511314
],
[
0.020325917942908004,
-0.6201253446091566,
0.63839129080437
],
[
-0.28951828067638213,
-0.5398893766636452,
0.6008892988641649
],
[
-0.4558439975416597,
-0.7939816976088565,
0.9063142274739365
],
[
-0.23070912212894537,
-0.8860275515928437,
1.2219913484427964
],
[
0.01746317982014519,
-0.7657625311145617,
1.1049256888961103
],
[
1.2081600771499152,
0.8993114344085169,
-2.1765971248354266
],
[
0.9808678189361331,
1.2541372107140205,
-2.095431078429609
],
[
-1.3972068552319628,
0.027266149177399744,
0.45384595190075766
],
[
-0.6104986095637018,
-0.286327127150205,
0.6626168868229493
],
[
-0.5454822296979652,
-0.35082545384909447,
0.5866772719751587
],
[
-0.4419962995548176,
-0.07493200406654227,
0.4246087830144397
],
[
-1.0041710275696276,
0.09929185393167896,
0.2699431845877733
],
[
-0.6356969636286249,
0.1507034893190678,
0.6953926890120687
],
[
-0.5657709562528664,
0.1014253488690876,
0.5887063530055426
],
[
-0.8800329047997645,
-0.21585402408866886,
1.2470780983149106
],
[
-0.8177370214129439,
-0.04457125229905671,
0.980387809912059
],
[
-0.7256353046260493,
-0.03343779242390017,
1.027345182341541
],
[
-0.9822050243220506,
0.1356976381788751,
0.2814831253795381
],
[
0.035128268819786757,
0.5976774678219312,
-0.6939104277357031
],
[
0.40122589404990733,
0.8455445801009703,
-1.0578747893862859
],
[
0.7307378613406859,
1.074783102147742,
-1.6293966426274746
],
[
0.8901095148733386,
0.49332370817939813,
-1.1075113372347516
],
[
1.0905846988385324,
0.6199996746539245,
-1.610584447569621
],
[
0.10776283384079195,
-0.9728429577541126,
0.3785216796905212
],
[
0.6490938970927504,
-0.07476513487388771,
-0.6451922133204215
],
[
0.4917153298196693,
0.5938074865709656,
-0.12954106239075194
],
[
0.9031906696273049,
0.7633679429424831,
-0.7875793743862534
],
[
1.2616460839992885,
1.1226339838551262,
-1.4534138754940644
],
[
0.45126457214756055,
-0.04560245587957878,
0.18410329684897456
],
[
-0.06091547660191447,
0.4529791743777714,
0.07107754699971433
],
[
-0.015527249085210892,
0.3159910073869484,
0.021296924281887984
],
[
0.37314337948985893,
0.007620036280699466,
0.0834437891423853
],
[
-0.12149992586678361,
0.3450742656555484,
0.09802496185762385
],
[
0.41251615650093804,
-0.01555140737724314,
0.07051260290277958
],
[
1.1411922237274479,
1.1288776091353845,
-1.4659440903485719
],
[
1.0261002572449227,
1.1563135240405658,
-2.141645742487182
],
[
0.8442044416948878,
0.758414927453174,
-0.7171106642025267
],
[
0.9108355717013561,
0.8343766102529682,
-0.8245992036409542
],
[
0.7030157049427881,
1.0384121575374643,
-1.6601552421688308
],
[
1.2627352574994923,
1.1830212005871803,
-1.5222958041536678
],
[
0.44762974530442223,
0.8664383143999597,
-1.0685189354761802
],
[
0.6919309243826481,
0.9753407039378975,
-1.6537849205596968
],
[
-0.3172807721931646,
-1.5277834311638743,
0.8004119463093146
],
[
0.5850958044787931,
-0.0009915612333379054,
-0.6548416299739932
],
[
-0.4315639269492838,
0.2380175163826539,
-0.18291294308029465
],
[
-0.11353938697045424,
0.5656212136050485,
-0.7356803078346248
],
[
0.8669287944031396,
0.8517273384226712,
-0.7535654053318436
],
[
0.8538368688428449,
0.9023224784345923,
-0.8110376549196765
],
[
-0.050957751599711804,
0.5555300032543875,
-0.7416099468003762
],
[
0.555333924380154,
0.5389902265184576,
-0.1746007554919111
],
[
-0.3996865240102705,
-0.7940478851432203,
1.0639556495929483
],
[
-0.7924677812934755,
-0.37132876527157216,
1.0337794411689578
],
[
-0.5686185415709465,
-0.33558975807297686,
0.5348310536602962
],
[
-0.6529988326127291,
-0.39551477845758815,
0.9636943163587601
],
[
-0.24795173490142466,
-0.8282049013070469,
1.2658198302332477
],
[
-0.2355828120704593,
-0.9166073493397047,
1.3528213990074025
],
[
-0.04973728976075566,
-0.7182182542624312,
1.1084621509473325
],
[
-0.06181126452651938,
-1.532798525447525,
1.2247763077608493
],
[
-0.09177683637920528,
-1.4964735409777965,
1.1829201586911517
],
[
-0.9246520720819945,
-0.27897033611191474,
1.3465151635350507
],
[
-0.7908571653497005,
-0.014899643937612762,
1.061431450881383
],
[
-1.6130261555397625,
-0.12719695509768872,
1.278415362608979
],
[
-1.5428040200005888,
-0.12667276102519381,
1.2735020370978754
],
[
-0.02535180894884961,
-0.4036923387384384,
0.31743159593422376
],
[
-0.43412457188911535,
-0.06681148557643656,
0.35442358815621267
],
[
-0.15631658372577253,
-0.04922282193027585,
-0.21264123934905138
],
[
-0.11243808720802491,
-0.020528895654184053,
-0.1037460494164794
],
[
-0.030451523722750784,
-0.178273419747096,
-0.11164972112682572
],
[
0.8761907401578204,
0.9254451671873853,
-0.8461801032847007
],
[
0.42347085530980866,
0.8986804248033936,
-1.1577967983740567
],
[
-0.3989676916586284,
-0.7181015334424942,
1.0287429946001907
],
[
-0.7429812477884384,
-0.4590571750124809,
0.9516705785510234
],
[
-0.31123754345997545,
-0.8962381943644735,
1.3671898394198208
],
[
-1.482951290963847,
-0.2722356057079946,
0.7896919253799262
],
[
-1.023899612957032,
0.008597240688810126,
0.28402845893183076
],
[
-0.42205901548495334,
-0.7360534550913435,
0.8826687298022193
],
[
0.021826756260073615,
-0.7770265633231555,
1.0184777193246017
],
[
-0.731379931008031,
-0.07711002653514924,
1.0200548981337632
],
[
-0.030097029096240215,
