{
"contact_id_pairs": [
[
1,
16
],
[
1,
46
],
[
12,
13
],
[
12,
16
],
[
13,
16
],
[
1,
6
],
[
1,
7
],
[
7,
36
],
[
9,
36
],
[
2,
28
],
[
2,
30
],
[
26,
30
],
[
26,
47
],
[
30,
47
],
[
2,
38
],
[
2,
39
],
[
36,
37
],
[
36,
38
],
[
37,
38
],
[
3,
4
],
[
3,
12
],
[
3,
5
],
[
5,
6
],
[
4,
5
],
[
5,
20
],
[
7,
8
],
[
7,
17
],
[
8,
32
],
[
8,
9
],
[
8,
11
],
[
8,
33
],
[
9,
11
],
[
10,
11
],
[
11,
13
],
[
11,
15
],
[
0,
10
],
[
0,
51
],
[
10,
51
],
[
51,
52
],
[
14,
15
],
[
14,
16
],
[
15,
16
],
[
15,
18
],
[
14,
48
],
[
48,
51
],
[
17,
19
],
[
19,
22
],
[
18,
19
],
[
19,
21
],
[
20,
21
],
[
21,
22
],
[
23,
24
],
[
23,
37
],
[
23,
25
],
[
23,
26
],
[
24,
25
],
[
24,
43
],
[
25,
43
],
[
27,
28
],
[
27,
34
],
[
28,
31
],
[
28,
34
],
[
0,
27
],
[
0,
50
],
[
0,
53
],
[
27,
50
],
[
27,
53
],
[
29,
30
],
[
29,
31
],
[
31,
41
],
[
29,
49
],
[
49,
50
],
[
32,
35
],
[
35,
38
],
[
38,
40
],
[
33,
34
],
[
33,
35
],
[
33,
39
],
[
34,
35
],
[
40,
42
],
[
42,
44
],
[
41,
42
],
[
41,
45
],
[
42,
45
],
[
43,
45
],
[
44,
45
],
[
46,
48
],
[
46,
52
],
[
48,
52
],
[
47,
49
],
[
47,
53
]
],
"nstatus": 0,
"opt_line_pos": [
[
0.45870327856362253,
-0.2695981730942915,
-0.5101940281225831
],
[
0.4430889924868,
0.4022649692247382,
-0.15476418750215232
],
[
-0.48236508005536644,
-0.6991565681624157,
-0.1286465774679833
],
[
0.3940173062541413,
1.00578354930732,
-0.2826917743952136
],
[
0.3937479361227105,
1.337316697850901,
0.3136299945887997
],
[
0.20253853490367027,
1.232180285202945,
0.17870424257436351
],
[
-0.16828158340569055,
0.5473171821286824,
0.1816843071383676
],
[
0.09040108001574308,
0.3973228023120281,
0.07370199350878424
],
[
0.10357597756112874,
-0.015526157516896922,
-0.06936369639256101
],
[
0.023617507206930708,
0.172228337130129,
-0.19767851572284031
],
[
0.3902334056239946,
-0.11386420131465923,
-0.4327526201204097
],
[
0.20865857555141668,
-0.1016758503434371,
-0.38555600611567425
],
[
0.46613505522748794,
0.633023986368196,
-0.3655347092547849
],
[
0.3794035135508799,
0.6889870471296876,
-0.301101187675057
],
[
0.4728916295035556,
0.07153885301865319,
0.07110066619742753
],
[
0.47835334465379,
0.143350449257476,
0.08191008110617543
],
[
0.4460206885351284,
0.15458796087909182,
-0.06474727638522285
],
[
0.25916841999102536,
0.4291260746847501,
0.4423917068842168
],
[
0.49075843464924035,
0.32905742546687267,
0.4302499154830706
],
[
0.37330059490435935,
0.31342883291009466,
0.3359823369068123
],
[
0.18527098516218474,
0.7713402276369545,
0.383207877823024
],
[
0.17319264725753714,
0.8176652290505932,
0.5827972981565959
],
[
0.19157630253966135,
1.0176174335670967,
0.6962882273633978
],
[
-1.1593622412221398,
-0.27624321374199917,
-0.09885882703324914
],
[
-1.346943205400406,
-0.29643307366860433,
0.34251162113003897
],
[
-1.3243235707936614,
-0.4304300724888348,
0.13984173827711502
],
[
-0.6504693739742697,
-0.5191904362894764,
-0.3622947523992021
],
[
0.022766213064443448,
-0.40638974024849916,
-0.17855439027887912
],
[
-0.06841730845384005,
-0.521487245683596,
-0.22021653369759525
],
[
-0.28665135996219976,
-0.4990035249586791,
-0.015118193705995993
],
[
-0.22142929464575764,
-0.4144356525411632,
0.1349673061477994
],
[
-0.13989636324371327,
-0.6695261355160018,
-0.04564901777951719
],
[
-0.21439691029547653,
-0.2618571235210574,
0.17893897527101874
],
[
-0.2589490382156819,
-0.2259485839200819,
0.11794661802885273
],
[
-0.01913340528557015,
-0.17119344185253738,
0.006268461748546825
],
[
-0.01921849955304606,
-0.18662546531211324,
-0.10301563432879822
],
[
-0.7593458641885119,
-0.05570116393041547,
0.03203808019675591
],
[
-0.6176449634743612,
-0.11046970674918871,
0.05337022295274328
],
[
-0.6409681170525928,
-0.08055417576697023,
0.06422929158602222
],
[
-0.6751205991749105,
-0.15991691351731174,
0.26568998381667325
],
[
-0.454539069532537,
-0.17722512751979164,
0.5141451866907981
],
[
-0.31787504353352275,
-0.6191655810686356,
0.18188875634749707
],
[
-0.33629457639108234,
-0.5748357390020654,
0.2873565130876697
],
[
-0.8673832750540349,
-0.2951634735594085,
0.5979839844943808
],
[
-0.8675226777334659,
-0.4909824170704496,
0.4598652483682535
],
[
-0.9673103842992498,
-0.35409339719342814,
0.5269495267262119
],
[
0.635521222689905,
0.5497239266048485,
-0.2161024900659594
],
[
-0.5830784746487705,
-0.5493022212474674,
-0.2680055271737469
],
[
0.8136095749397578,
-0.05891350947404131,
-0.6779187591046221
],
[
-0.09101430874477666,
-0.7916012820839282,
-0.8205732673410256
],
[
0.3502212922845975,
-0.5644962521848178,
-0.586477158094166
],
[
0.7930114428683096,
-0.47798888163799874,
-0.5044221379164125
],
[
0.8889526109027361,
-0.05304246155004857,
-0.7517913327981423
],
[
-0.1910051017268117,
-0.736362441853375,
-0.6661848563016781
]
],