{
"line_pt_pairs": [
[
[
-0.10000000027937929,
0.0,
0.0
],
[
0.8999999997206207,
0.0,
0.0
]
],
[
[
-0.016911880663700612,
-0.1005244895421942,
0.040415734860620896
],
[
0.25198663435417473,
0.8618135072628106,
0.0004261296298608275
]
],
[
[
0.06912017675765907,
-0.07869175468832891,
-0.01757073833269765
],
[
-0.7674432498760693,
0.4688133417310015,
-0.03756580306613306
]
],
[
[
0.088448464363688,
0.048383542874339026,
-0.039999993232325594
],
[
-0.7207783624929778,
-0.539112791323153,
-0.03999996732806131
]
],
[
[
-0.0558112901857397,
0.08824519961148183,
0.022304449493865355
],
[
0.21308671575427185,
-0.8747158740623822,
0.002308625170654631
]
]
],
"contact_id_pairs": [
[
0,
2
],
[
0,
4
],
[
1,
4
],
[
2,
3
]
],
"coupler_pt_pairs": [
[
[
-0.04997800538533436,
0.0,
0.0
],
[
-0.04997800538533436,
-0.0007456484857731108,
-0.02041735555951824
]
],
[
[
-0.03105097711149706,
0.0,
0.0
],
[
-0.03105097711149706,
-0.0004249174432087721,
0.02046322025644696
]
],
[
[
-0.00884483917494087,
-0.0716540417231728,
0.03921603390840768
],
[
-0.011102218631486586,
-0.07186418980678672,
0.018979788392986294
]
],
[
[
-0.01315929241822124,
-0.024842366500581643,
-0.01953733555656211
],
[
-0.01290207852251733,
-0.02519665792777539,
-0.0399999899879803
]
]
],
"half_couplers": [
{
"pose": [
[
-1.7763568394002505e-15,
-1.9984014443252818e-15,
1.0,
-0.04997800538533437
],
[
0.9993337992131295,
0.036495996359224625,
2.0539125955565396e-15,
0.0
],
[
-0.03649599635922446,
0.9993337992131295,
1.9984014443252818e-15,
0.0
],
[
0.0,
0.0,
0.0,
1.0
]
],
"at_element": 0,
"to_element": 2
},
{
"pose": [
[
0.5478700879029953,
2.886579864025407e-15,
-0.8365634266337277,
-0.049978005385334284
],
[
0.8360061074206373,
-0.03649599635922418,
0.5475050964193314,
-0.0007456484857731593
],
[
-0.030531215772682918,
-0.9993337992131296,
-0.01999506473343793,
-0.02041735555951824
],
[
0.0,
0.0,
0.0,
1.0
]
],
"at_element": 2,
"to_element": 0
},
{
"pose": [
[
0.0,
0.0,
1.0,
-0.03105097711149704
],
[
-0.9997844784268107,
0.020760459937830267,
0.0,
0.0
],
[
-0.020760459937830322,
-0.9997844784268107,
0.0,
0.0
],
[
0.0,
0.0,
0.0,
1.0
]
],
"at_element": 0,
"to_element": 4
},
{
"pose": [
[
0.9631686572981315,
-5.551115123125783e-17,
0.2688980059400115,
-0.03105097711149704
],
[
0.26884005261874383,
-0.02076045993782971,
-0.9629610736738641,
-0.00042491744320879987
],
[
0.0055824462796799645,
0.9997844784268108,
-0.01999582432321123,
0.02046322025644696
],
[
0.0,
0.0,
0.0,
1.0
]
],
"at_element": 4,
"to_element": 0
},
{
"pose": [
[
-0.956767551629361,
0.11085775015911029,
0.26889851501787526,
-0.00884483917494091
],
[
0.27165984973840795,
0.010320171773574582,
0.962337996805005,
-0.07165404172317293
],
[
0.1039075463537843,
0.9937826992276653,
-0.03998960523075912,
0.03921603390840769
],
[
0.0,
0.0,
0.0,
1.0
]
],
"at_element": 1,
"to_element": 4
},
{
"pose": [
[
-0.9567676947050134,
-0.1108577501591102,
0.26889800594001156,
-0.01110221863148654
],
[
-0.2694428782570493,
-0.01032017177357325,
-0.962961073673864,
-0.07186418980678684
],
[
0.10952677172915795,
-0.9937826992276654,
-0.01999582432321012,
0.01897978839298629
],
[
0.0,
0.0,
0.0,
1.0
]
],
"at_element": 4,
"to_element": 1
},
{
"pose": [
[
-0.5477259375531593,
-0.012567042227477343,
-0.8365634266337287,
-0.013159292418221252
],
[
-0.8366232905120272,
0.017310088610072882,
0.5475050964193302,
-0.024842366500581622
],
[
0.00760046737651543,
0.9997711889637371,
-0.019995064733436374,
-0.01953733555656211
],
[
0.0,
0.0,
0.0,
1.0
]
],
"at_element": 2,
"to_element": 3
},
{
"pose": [
[
-0.5873619090008688,
0.01256704222747762,
-0.8092268268566657,
-0.012902078522517318
],
[
0.8090416665023008,
-0.017310088610074326,
-0.5874963341974921,
-0.02519665792777539
],
[
-0.02139087931888628,
-0.9997711889637371,
2.590426406712254e-08,
-0.0399999899879803
],
[
0.0,
0.0,
0.0,
1.0
]
],
"at_element": 3,
"to_element": 2
}
],
"nstatus": true,
"opt_line_pos": [
[
3.700743415417188e-17,
0.0,
0.0
],
[
3.8163916471489756e-17,
-0.040000000000000015,
0.037900661724548895
],
[
-0.008206616339342058,
-0.02808374104287043,
-0.01941895950084639
],
[
3.642919299551295e-17,
-0.015829786262200073,
-0.0399999904009904
],
[
-0.01999999999999997,
-0.040000000000000015,
0.019641446230459523
]
],
"opt_line_orient": [
[
1.0,
0.0,
0.0
],
[
0.2688985150178753,
0.9623379968050048,
-0.03998960523076007
],
[
-0.8365634266337284,
0.5475050964193304,
-0.01999506473343541
],
[
-0.8092268268566657,
-0.587496334197492,
2.5904264283762913e-08
],
[
0.2688980059400115,
-0.962961073673864,
-0.01999582432321072
]
],
"opt_edge_ids": [
[
0,
1
],
[
0,
2
],
[
0,
3
],
[
0,
4
],
[
0,
5
]
],
"opt_parameters": {
"layers": [],
"orient_devi": 0.18726646259971647,
"clamp_t_bnd": 0.05,
"bar_collision_distance": 0.02,
"pos_devi": 0.05,
"debug_mode": false,
"adjustopt_trust_region_start": 0.010000000000000004,
"bar_available_lengths": [
1.0
],
"clamp_collision_dist": 0.024,
"time_out": 200,
"contactopt_trust_region_start": 0.010000000000000004,
"clamp_gap": 0.016,
"opt_tol": 0.001,
"trust_region_lobnd": 1e-06,
"trust_region_upbnd": 1.0,
"contact_ignore_para_tol": 1e-06,
"line_para_tol": 0.0001,
"bigM": 1,
"pos_tol": 1e-06,
"duplicate_vertices_tol": 0.001,
"bar_contact_distance_tol": 1e-05,
"bar_contact_distance": 0.018000000000000002,
"fixed_contact_pairs": [
[
0,
2
],
[
0,
4
],
[
1,
4
],
[
2,
3
]
],
"clamp_extension_length": 0.03,
"radius": 0.010183332722408426
}
}