{
"line_pt_pairs": [
[
[
-0.10000000918989818,
0.0,
0.0
],
[
0.8999999908101017,
0.0,
0.0
]
],
[
[
-0.016889413922927518,
-0.09976387629211411,
0.0410249686527519
],
[
0.17734657726374345,
0.8763606441510275,
-0.05620311534245005
]
],
[
[
0.09499473005653307,
-0.04852610687098586,
-0.028420626217604817
],
[
-0.8074055170513526,
0.38237104171637826,
-0.02722006014010179
]
],
[
[
0.10605145049049426,
0.02609872388913688,
0.04130117789293515
],
[
-0.6842579280362729,
-0.5597147356157072,
-0.13823621897914146
]
],
[
[
0.015013012868963485,
0.1077273278314526,
0.05327569975513487
],
[
0.23980068176923228,
-0.8666796288337701,
0.054535347643323566
]
]
],
"contact_id_pairs": [
[
0,
2
],
[
0,
3
],
[
1,
3
],
[
1,
4
],
[
3,
4
]
],
"coupler_pt_pairs": [
[
[
-0.0067954246718022705,
0.0,
0.0
],
[
-0.0067954246718022705,
7.880826204659935e-05,
-0.028285203153191565
]
],
[
[
0.05825516615771118,
0.0,
0.0
],
[
0.05825516615771119,
-0.009330068223465507,
0.030443125714354244
]
],
[
[
-0.006882447482808157,
-0.04947430195640554,
0.03601581371893725
],
[
-0.00022408729256188803,
-0.052677565676710975,
0.01715818538496546
]
],
[
[
0.016793897732040118,
0.06951014051223613,
0.02416422191463401
],
[
0.023465646022003805,
0.07108695255305698,
0.053323065972120665
]
],
[
[
0.048787991251119316,
-0.016347571285502356,
0.02829243386551067
],
[
0.04388927579107523,
-0.017445158770930027,
0.05343751434125773
]
]
],
"half_couplers": [
{
"pose": [
[
3.552713678800501e-15,
-3.608224830031759e-15,
1.0,
-0.006795424671802552
],
[
0.9999961185645199,
-0.0027861902115651205,
-3.6637359812630166e-15,
0.0
],
[
0.002786190211565065,
0.9999961185645198,
3.552713678800501e-15,
0.0
],
[
0.0,
0.0,
0.0,
1.0
]
],
"at_element": 0,
"to_element": 2
},
{
"pose": [
[
0.4308988210933382,
5.384581669432009e-15,
-0.9024002471078848,
-0.006795424671802344
],
[
0.9023967444995482,
0.0027861902115643433,
0.43089714858736566,
7.880826204663405e-05
],
[
0.0025142587354076706,
-0.9999961185645199,
0.0012005660774998539,
-0.02828520315319157
],
[
0.0,
0.0,
0.0,
1.0
]
],
"at_element": 2,
"to_element": 0
},
{
"pose": [
[
8.881784197001252e-16,
-1.3877787807814457e-15,
1.0,
0.05825516615771115
],
[
-0.9561054613397009,
0.29302277521789666,
1.3322676295501878e-15,
0.0
],
[
-0.2930227752178966,
-0.9561054613397008,
-8.881784197001252e-16,
0.0
],
[
0.0,
0.0,
0.0,
1.0
]
],
"at_element": 0,
"to_element": 3
},
{
"pose": [
[
0.6127079942457372,
2.0539125955565396e-15,
-0.7903093785267676,
0.05825516615771123
],
[
-0.755619112957427,
-0.29302277521789644,
-0.5858134595048438,
-0.009330068223465486
],
[
-0.23157864737664563,
0.9561054613397008,
-0.17953739687207526,
0.03044312571435425
],
[
0.0,
0.0,
0.0,
1.0
]
],
"at_element": 3,
"to_element": 0
},
{
"pose": [
[
-0.9242268357824326,
-0.32875087185789115,
0.19423599118667084,
-0.006882447482808156
],
[
0.14888530531256905,
0.15815842200663732,
0.9761245204431417,
-0.04947430195640555
],
[
-0.3516218450005277,
0.9310793617093265,
-0.09722808399520155,
0.03601581371893725
],
[
0.0,
0.0,
0.0,
1.0
]
],
"at_element": 1,
"to_element": 3
},
{
"pose": [
[
-0.5170434705760356,
0.328750871857891,
-0.7903093785267672,
-0.00022408729256187532
],
[
0.7948638274643886,
-0.158158422006637,
-0.585813459504844,
-0.052677565676710975
],
[
-0.3175807697631441,
-0.9310793617093268,
-0.17953739687207726,
0.01715818538496546
],
[
0.0,
0.0,
0.0,
1.0
]
],
"at_element": 3,
"to_element": 1
},
{
"pose": [
[
0.9553334674543801,
-0.2227338000603463,
0.19423599118667098,
0.016793897732040153
],
[
-0.2107363678494978,
-0.05264127520537176,
0.9761245204431417,
0.06951014051223632
],
[
-0.2071910935035384,
-0.9734570100705167,
-0.09722808399520178,
0.02416422191463399
],
[
0.0,
0.0,
0.0,
1.0
]
],
"at_element": 1,
"to_element": 4
},
{
"pose": [
[
0.948609592098383,
0.22273380006034635,
0.22478766890026894,
0.02346564602200376
],
[
0.21854056590750268,
0.05264127520537132,
-0.9744069566652226,
0.07108695255305719
],
[
-0.22886647380463518,
0.9734570100705168,
0.0012596478881893303,
0.053323065972120665
],
[
0.0,
0.0,
0.0,
1.0
]
],
"at_element": 4,
"to_element": 1
},
{
"pose": [
[
-0.5821613632346709,
0.1910477253708725,
-0.7903093785267672,
0.04878799125111932
],
[
0.8093147016681963,
0.04280542403346743,
-0.5858134595048439,
-0.016347571285502367
],
[
-0.07808880086457781,
-0.980646961094527,
-0.17953739687207682,
0.028292433865510665
],
[
0.0,
0.0,
0.0,
1.0
]
],
"at_element": 3,
"to_element": 4
},
{
"pose": [
[
0.9554953011611301,
-0.1910477253708725,
0.22478766890026874,
0.04388927579107523
],
[
0.2206779972623779,
-0.042805424033467876,
-0.9744069566652225,
-0.01744515877093003
],
[
0.1957803641412159,
0.980646961094527,
0.0012596478881886641,
0.05343751434125773
],
[
0.0,
0.0,
0.0,
1.0
]
],
"at_element": 4,
"to_element": 3
}
],
"nstatus": true,
"opt_line_pos": [
[
3.700743415417188e-17,
0.0,
0.0
],
[
0.004952159423074594,
0.010000000000000307,
0.030091802688512304
],
[
-0.06000000000000027,
0.025484053743967762,
-0.028214419032163558
],
[
0.010000000000000321,
-0.04509900453360478,
0.019480827716910558
],
[
0.03710342422372294,
0.011970071194639512,
0.05339948830700863
]
],
"opt_line_orient": [
[
1.0,
0.0,
0.0
],
[
0.19423599118667098,
0.9761245204431417,
-0.09722808399520197
],
[
-0.9024002471078856,
0.43089714858736405,
0.0012005660775030282
],
[
-0.7903093785267672,
-0.585813459504844,
-0.17953739687207662
],
[
0.22478766890026877,
-0.9744069566652227,
0.0012596478881886988
]
],
"opt_edge_ids": [
[
0,
1
],
[
0,
2
],
[
0,
3
],
[
0,
4
],
[
0,
5
]
],
"opt_parameters": {
"layers": [],
"orient_devi": 0.17266462599716473,
"clamp_t_bnd": 0.0600000000000003,
"bar_collision_distance": 0.02,
"pos_devi": 0.0600000000000003,
"debug_mode": false,
"adjustopt_trust_region_start": 0.010000000000000004,
"bar_available_lengths": [
1.0
],
"clamp_collision_dist": 0.024,
"time_out": 200,
"contactopt_trust_region_start": 0.10000000000000003,
"clamp_gap": 0.016,
"opt_tol": 0.001,
"trust_region_lobnd": 1e-06,
"trust_region_upbnd": 1.0,
"contact_ignore_para_tol": 1e-06,
"line_para_tol": 0.0001,
"bigM": 1,
"pos_tol": 1e-06,
"duplicate_vertices_tol": 0.001,
"bar_contact_distance_tol": 1e-05,
"bar_contact_distance": 0.018000000000000002,
"fixed_contact_pairs": [
[
0,
1
],
[
0,
2
],
[
0,
3
],
[
1,
4
],
[
3,
4
]
],
"clamp_extension_length": 0.03,
"number_clamp_on_joint": [
5,
5.1
],
"radius": 0.014191128685177218,
"tr_size": 0.05000000000000002
}
}