{
"line_pt_pairs": [
[
[
-0.10000000026973901,
0.0,
0.0
],
[
0.899999999730261,
0.0,
0.0
]
],
[
[
-0.009605296146595502,
-0.11517215219661404,
0.05416876321999826
],
[
0.25918422034259353,
0.8461581360292009,
-0.005800168446154837
]
],
[
[
0.06940436772590083,
-0.08115531827146902,
-0.019522303708664944
],
[
-0.7654169048489423,
0.4660892897924057,
-0.07949547939192556
]
],
[
[
0.12017188891865789,
0.014642395902885921,
-0.04587860738829887
],
[
-0.6576771440418382,
-0.6125353570414824,
-0.08586545690253293
]
],
[
[
-0.05544864132962882,
0.0878015260956366,
0.03170248035939969
],
[
0.21334015116930033,
-0.8745673809351968,
-0.008280913784259093
]
]
],
"contact_id_pairs": [
[
0,
2
],
[
0,
4
],
[
1,
4
],
[
2,
3
]
],
"coupler_pt_pairs": [
[
[
-0.04970373621198413,
0.0,
0.0
],
[
-0.04970373621198412,
-0.0030772076650152323,
-0.02807897503153954
]
],
[
[
-0.03060076742445612,
0.0,
0.0
],
[
-0.030600767424456117,
-0.0011635718529926717,
0.028006261009084286
]
],
[
[
-0.001541610287145262,
-0.08633224224521713,
0.05236969518862975
],
[
-0.006732235776638648,
-0.08662224183988385,
0.02445572268628989
]
],
[
[
0.03063370342268625,
-0.05574025316951142,
-0.02230757037351859
],
[
0.032393888169888724,
-0.05613278917130832,
-0.05039100704153546
]
]
],
"half_couplers": [
{
"pose": [
[
1.4432899320127035e-15,
1.609823385706477e-15,
1.0,
-0.04970373621198401
],
[
0.9940484442703355,
0.10893892988149756,
-1.6653345369377348e-15,
0.0
],
[
-0.1089389298814975,
0.9940484442703356,
-1.5543122344752192e-15,
0.0
],
[
0.0,
0.0,
0.0,
1.0
]
],
"at_element": 0,
"to_element": 2
},
{
"pose": [
[
0.5505210648617532,
-2.55351295663786e-15,
-0.8348212725748436,
-0.0497037362119841
],
[
0.8298527872468048,
-0.1089389298814969,
0.5472446080638744,
-0.0030772076650152497
],
[
-0.09094453607661429,
-0.9940484442703355,
-0.05997317568325933,
-0.02807897503153954
],
[
0.0,
0.0,
0.0,
1.0
]
],
"at_element": 2,
"to_element": 0
},
{
"pose": [
[
-2.220446049250313e-16,
1.1102230246251565e-16,
1.0,
-0.03060076742445611
],
[
-0.9991380454652815,
0.04151103592801686,
-1.1102230246251565e-16,
0.0
],
[
-0.041511035928017026,
-0.9991380454652815,
0.0,
0.0
],
[
0.0,
0.0,
0.0,
1.0
]
],
"at_element": 0,
"to_element": 4
},
{
"pose": [
[
0.9631991408981674,
-2.498001805406602e-16,
0.26878879249892906,
-0.030600767424456117
],
[
0.2685571087803531,
-0.04151103592801708,
-0.9623689070308333,
-0.0011635718529926786
],
[
0.011157701222471617,
0.9991380454652815,
-0.039983394143658924,
0.028006261009084283
],
[
0.0,
0.0,
0.0,
1.0
]
],
"at_element": 4,
"to_element": 0
},
{
"pose": [
[
-0.945692148595559,
0.1828074284875295,
0.26878951648918903,
-0.0015416102871452812
],
[
0.27520858058277115,
0.010213428086992327,
0.9613302882258148,
-0.08633224224521721
],
[
0.172993055520537,
0.9830956870907779,
-0.05996893166615336,
0.05236969518862976
],
[
0.0,
0.0,
0.0,
1.0
]
],
"at_element": 1,
"to_element": 4
},
{
"pose": [
[
-0.9456923543715181,
-0.1828074284875298,
0.2687887924989292,
-0.0067322357766386245
],
[
-0.2715543641096408,
-0.010213428086992105,
-0.9623689070308333,
-0.08662224183988394
],
[
0.1786734401534385,
-0.983095687090778,
-0.03998339414365826,
0.024455722686289885
],
[
0.0,
0.0,
0.0,
1.0
]
],
"at_element": 4,
"to_element": 1
},
{
"pose": [
[
-0.5469562811290363,
-0.0625481365830679,
-0.8348212725748433,
0.030633703422686245
],
[
-0.8368564817373716,
0.013948760488456835,
0.5472446080638749,
-0.05574025316951142
],
[
-0.022584408507711373,
0.9979444687410326,
-0.05997317568326088,
-0.02230757037351859
],
[
0.0,
0.0,
0.0,
1.0
]
],
"at_element": 2,
"to_element": 3
},
{
"pose": [
[
-0.6253308024816999,
0.06254813658306779,
-0.7778490329604962,
0.03239388816988874
],
[
0.7787512428834311,
-0.013948760488457834,
-0.6271777529443682,
-0.05613278917130831
],
[
-0.05007882960997034,
-0.9979444687410325,
-0.03998684951423437,
-0.05039100704153546
],
[
0.0,
0.0,
0.0,
1.0
]
],
"at_element": 3,
"to_element": 2
}
],
"nstatus": true,
"opt_line_pos": [
[
3.700743415417188e-17,
0.0,
0.0
],
[
0.009079709891183839,
-0.048344909548101236,
0.05
],
[
-0.008504066624718946,
-0.030084541781100226,
-0.02511920974593726
],
[
0.04000000000000005,
-0.05,
-0.05
],
[
-0.01999999999999997,
-0.03911846150860409,
0.026429354999660638
]
],
"opt_line_orient": [
[
1.0,
0.0,
0.0
],
[
0.26878951648918903,
0.9613302882258149,
-0.059968931666153094
],
[
-0.8348212725748433,
0.5472446080638748,
-0.05997317568326061
],
[
-0.777849032960496,
-0.6271777529443683,
-0.03998684951423406
],
[
0.2687887924989291,
-0.9623689070308333,
-0.039983394143658785
]
],
"opt_edge_ids": [
[
0,
1
],
[
0,
2
],
[
0,
3
],
[
0,
4
],
[
0,
5
]
],
"opt_parameters": {
"layers": [],
"orient_devi": 0.18726646259971647,
"clamp_t_bnd": 0.05,
"bar_collision_distance": 0.02,
"pos_devi": 0.05,
"debug_mode": false,
"adjustopt_trust_region_start": 0.010000000000000004,
"bar_available_lengths": [
1.0
],
"clamp_collision_dist": 0.024,
"time_out": 200,
"contactopt_trust_region_start": 0.010000000000000004,
"clamp_gap": 0.016,
"opt_tol": 0.001,
"trust_region_lobnd": 1e-06,
"trust_region_upbnd": 1.0,
"contact_ignore_para_tol": 1e-06,
"line_para_tol": 0.0001,
"bigM": 1,
"pos_tol": 1e-06,
"duplicate_vertices_tol": 0.001,
"bar_contact_distance_tol": 1e-05,
"bar_contact_distance": 0.018000000000000002,
"fixed_contact_pairs": [
[
0,
2
],
[
0,
4
],
[
1,
4
],
[
2,
3
]
],
"clamp_extension_length": 0.03,
"radius": 0.014067722936151026
}
}