{
"line_pt_pairs": [
[
[
-0.10000000027988556,
0.0,
0.0
],
[
0.8999999997201145,
0.0,
0.0
]
],
[
[
-0.005807177255313594,
-0.10706486665232057,
0.05295639031875643
],
[
0.2530105938892585,
0.8575676214889267,
0.0029811548297457857
]
],
[
[
0.07066337022307155,
-0.07953325084688394,
-0.02001438518779372
],
[
-0.7712374908384393,
0.45777939240180693,
-0.06999501692641147
]
],
[
[
0.11385533225041804,
0.02000792414180312,
-0.04680100367386006
],
[
-0.6723306742156673,
-0.5972537958740505,
-0.07679320666027305
]
],
[
[
-0.04747307051770043,
0.0906667874034754,
0.03012257529666514
],
[
0.21134380198932398,
-0.8747940207507772,
0.0001350041409338247
]
]
],
"contact_id_pairs": [
[
0,
2
],
[
0,
4
],
[
1,
4
],
[
2,
3
]
],
"coupler_pt_pairs": [
[
[
-0.049994057177279616,
0.0,
0.0
],
[
-0.04999405717727961,
-0.002528030585762186,
-0.027177383498333943
]
],
[
[
-0.022940331779320405,
0.0,
0.0
],
[
-0.022940331779320405,
-0.0008473304326818351,
0.027280112819485756
]
],
[
[
0.0019573560517021416,
-0.07812589136449766,
0.05145713322074353
],
[
-0.002149998561173126,
-0.07840120748930189,
0.024871260604050552
]
],
[
[
0.02351425234365179,
-0.04944203901145121,
-0.022813459053285093
],
[
0.02487931491979781,
-0.04985021254080172,
-0.050195348969699
]
]
],
"half_couplers": [
{
"pose": [
[
0.0,
1.1102230246251565e-16,
1.0,
-0.04999405717727958
],
[
0.9957015474923436,
0.09261980523274849,
-1.1102230246251565e-16,
0.0
],
[
-0.0926198052327486,
0.9957015474923436,
-2.220446049250313e-16,
0.0
],
[
0.0,
0.0,
0.0,
1.0
]
],
"at_element": 0,
"to_element": 2
},
{
"pose": [
[
0.5396322267469635,
-2.220446049250313e-16,
-0.8419008610615111,
-0.04999405717727959
],
[
0.8382819901940831,
-0.09261980523274849,
0.5373126432486911,
-0.002528030585762203
],
[
-0.0779766937768005,
-0.9957015474923437,
-0.049980631738618,
-0.027177383498333936
],
[
0.0,
0.0,
0.0,
1.0
]
],
"at_element": 2,
"to_element": 0
},
{
"pose": [
[
-2.220446049250313e-16,
1.6653345369377348e-16,
1.0,
-0.022940331779320394
],
[
-0.9995179754137156,
0.03104539941549067,
-1.6653345369377348e-16,
0.0
],
[
-0.03104539941549067,
-0.9995179754137156,
2.220446049250313e-16,
0.0
],
[
0.0,
0.0,
0.0,
1.0
]
],
"at_element": 0,
"to_element": 4
},
{
"pose": [
[
0.9659264084316582,
-3.608224830031759e-16,
0.25881687250702445,
-0.022940331779320405
],
[
0.25869211641113077,
-0.03104539941549067,
-0.9654608081542526,
-0.000847330432681842
],
[
0.008035073182449087,
0.9995179754137153,
-0.02998757115573114,
0.027280112819485756
],
[
0.0,
0.0,
0.0,
1.0
]
],
"at_element": 4,
"to_element": 0
},
{
"pose": [
[
-0.9537839701083679,
0.1526744893689715,
0.25881777114457216,
0.001957356051702163
],
[
0.2633997582434215,
0.010233776416033846,
0.9646324881412475,
-0.07812589136449759
],
[
0.1446260893532956,
0.9882235425834535,
-0.04997523548901106,
0.05145713322074353
],
[
0.0,
0.0,
0.0,
1.0
]
],
"at_element": 1,
"to_element": 4
},
{
"pose": [
[
-0.953784213961212,
-0.15267448936897163,
0.2588168725070245,
-0.002149998561173143
],
[
-0.2603472637428787,
-0.010233776416034068,
-0.9654608081542527,
-0.07840120748930184
],
[
0.15004990989663927,
-0.9882235425834535,
-0.029987571155731363,
0.024871260604050555
],
[
0.0,
0.0,
0.0,
1.0
]
],
"at_element": 4,
"to_element": 1
},
{
"pose": [
[
-0.5373307677937147,
-0.04978540073257609,
-0.8419008610615111,
0.023514252343651766
],
[
-0.843251749957641,
0.014886557643767229,
0.5373126432486909,
-0.049442039011451194
],
[
-0.014217319564286346,
0.9986489895230534,
-0.049980631738618,
-0.022813459053285093
],
[
0.0,
0.0,
0.0,
1.0
]
],
"at_element": 2,
"to_element": 3
},
{
"pose": [
[
-0.6159813123064735,
0.04978540073257637,
-0.7861860064660853,
0.02487931491979778
],
[
0.786617034779052,
-0.014886557643766452,
-0.6172617200158538,
-0.04985021254080174
],
[
-0.04243422539184866,
-0.9986489895230534,
-0.029992202986412586,
-0.05019534896969901
],
[
0.0,
0.0,
0.0,
1.0
]
],
"at_element": 3,
"to_element": 2
}
],
"nstatus": true,
"opt_line_pos": [
[
3.700743415417188e-17,
0.0,
0.0
],
[
0.009503733147543617,
-0.05000000000000002,
0.05
],
[
-0.01850406662471895,
-0.02262537320914317,
-0.025307935806742742
],
[
0.030000000000000047,
-0.04582978626220008,
-0.05
],
[
-0.009999999999999966,
-0.04911846150860409,
0.025780793566253492
]
],
"opt_line_orient": [
[
1.0,
0.0,
0.0
],
[
0.2588177711445721,
0.9646324881412474,
-0.04997523548901065
],
[
-0.841900861061511,
0.5373126432486909,
-0.049980631738617755
],
[
-0.7861860064660854,
-0.6172617200158537,
-0.029992202986412995
],
[
0.2588168725070244,
-0.9654608081542526,
-0.029987571155731314
]
],
"opt_edge_ids": [
[
0,
1
],
[
0,
2
],
[
0,
3
],
[
0,
4
],
[
0,
5
]
],
"opt_parameters": {
"layers": [],
"orient_devi": 0.18726646259971647,
"clamp_t_bnd": 0.05,
"bar_collision_distance": 0.02,
"pos_devi": 0.05,
"debug_mode": false,
"adjustopt_trust_region_start": 0.010000000000000004,
"bar_available_lengths": [
1.0
],
"clamp_collision_dist": 0.024,
"time_out": 200,
"contactopt_trust_region_start": 0.010000000000000004,
"clamp_gap": 0.016,
"opt_tol": 0.001,
"trust_region_lobnd": 1e-06,
"trust_region_upbnd": 1.0,
"contact_ignore_para_tol": 1e-06,
"line_para_tol": 0.0001,
"bigM": 1,
"pos_tol": 1e-06,
"duplicate_vertices_tol": 0.001,
"bar_contact_distance_tol": 1e-05,
"bar_contact_distance": 0.018000000000000002,
"fixed_contact_pairs": [
[
0,
2
],
[
0,
4
],
[
1,
4
],
[
2,
3
]
],
"clamp_extension_length": 0.03,
"radius": 0.013646006645213796
}
}