{
"line_pt_pairs": [
[
[
-0.10000012707393988,
0.0,
0.0
],
[
0.8999998729260601,
0.0,
0.0
]
],
[
[
0.009028583282684471,
-0.10545549234019594,
0.032909010156150234
],
[
0.26736653339135286,
0.8593111086851466,
-0.016959908818081997
]
],
[
[
0.10604697251154765,
-0.01695839266911136,
0.05622538401164238
],
[
-0.7366385987348257,
0.519135561731813,
0.006382630596997688
]
],
[
[
0.09552260237238107,
0.04257757370301289,
-0.04139270039289261
],
[
-0.7471629688739923,
-0.4935163806979111,
-0.09123545380753728
]
],
[
[
-0.07052203506784767,
0.08678840885283476,
-0.01805589396980841
],
[
0.1878159150408205,
-0.8779781921725078,
-0.06792481294404064
]
]
],
"contact_id_pairs": [
[
0,
1
],
[
0,
4
],
[
1,
2
],
[
3,
4
]
],
"coupler_pt_pairs": [
[
[
0.037645701367654945,
0.0,
0.0
],
[
0.03764570136765494,
0.0014155257752776762,
0.027384832456144776
]
],
[
[
-0.04759366398542555,
0.0,
0.0
],
[
-0.04759366398542554,
0.0011620940704681407,
-0.02248193001770408
]
],
[
[
0.04313816408764972,
0.021927202775884058,
0.026324581036493908
],
[
0.042551443799343766,
0.023435759355773345,
0.052469781579938236
]
],
[
[
-0.0354476140691723,
-0.04074216456786997,
-0.04913926260482639
],
[
-0.03599558502947955,
-0.04215109010570424,
-0.024720794495290608
]
]
],
"half_couplers": [
{
"pose": [
[
-4.440892098500626e-16,
-2.7755575615628914e-16,
1.0,
0.037645701367654924
],
[
-0.9986667359419643,
-0.05162122163435279,
-2.7755575615628914e-16,
0.0
],
[
0.05162122163435273,
-0.9986667359419643,
-4.440892098500626e-16,
0.0
],
[
0.0,
0.0,
0.0,
1.0
]
],
"at_element": 0,
"to_element": 1
},
{
"pose": [
[
-0.9660546069108364,
4.718447854656915e-16,
0.2583379501086684,
0.03764570136765494
],
[
0.2579935174049619,
0.05162122163435323,
0.9647666010253425,
0.0014155257752776762
],
[
-0.013335720579123578,
0.9986667359419642,
-0.04986891897423229,
0.027384832456144773
],
[
0.0,
0.0,
0.0,
1.0
]
],
"at_element": 1,
"to_element": 0
},
{
"pose": [
[
-4.440892098500626e-16,
4.440892098500626e-16,
1.0,
-0.047593663985425534
],
[
0.9986667359419644,
-0.05162122163435279,
4.440892098500626e-16,
0.0
],
[
0.051621221634352676,
0.9986667359419644,
-4.440892098500626e-16,
0.0
],
[
0.0,
0.0,
0.0,
1.0
]
],
"at_element": 0,
"to_element": 4
},
{
"pose": [
[
-0.9660546069108369,
-8.881784197001252e-16,
0.25833795010866833,
-0.047593663985425555
],
[
-0.25799351740496185,
0.0516212216343529,
-0.9647666010253427,
0.0011620940704681337
],
[
-0.013335720579123106,
-0.9986667359419644,
-0.04986891897423229,
-0.022481930017704082
],
[
0.0,
0.0,
0.0,
1.0
]
],
"at_element": 4,
"to_element": 0
},
{
"pose": [
[
0.9657949238722119,
0.02239795875341402,
0.25833795010866845,
0.043138164087649714
],
[
-0.25672732962969347,
-0.05758892052482101,
0.9647666010253426,
0.021927202775884044
],
[
0.03648620621379038,
-0.9980890980651307,
-0.04986891897423251,
0.026324581036493908
],
[
0.0,
0.0,
0.0,
1.0
]
],
"at_element": 1,
"to_element": 2
},
{
"pose": [
[
-0.5379399217913221,
-0.02239795875341405,
-0.8426855712463734,
0.04255144379934376
],
[
-0.8421916576929303,
0.05758892052482112,
0.5360939544009242,
0.023435759355773342
],
[
0.03652194211129439,
0.9980890980651309,
-0.049842753414644614,
0.05246978157993824
],
[
0.0,
0.0,
0.0,
1.0
]
],
"at_element": 2,
"to_element": 1
},
{
"pose": [
[
-0.5379399217913221,
0.022397958753413605,
-0.8426855712463733,
-0.03544761406917232
],
[
0.84219165769293,
0.0575889205248209,
-0.5360939544009244,
-0.040742164567870005
],
[
0.03652194211129434,
-0.9980890980651307,
-0.04984275341464395,
-0.04913926260482639
],
[
0.0,
0.0,
0.0,
1.0
]
],
"at_element": 3,
"to_element": 4
},
{
"pose": [
[
0.9657949238722119,
-0.022397958753413272,
0.2583379501086682,
-0.03599558502947955
],
[
0.25672732962969325,
-0.057588920524820564,
-0.9647666010253426,
-0.04215109010570425
],
[
0.03648620621378948,
0.9980890980651307,
-0.04986891897423207,
-0.02472079449529061
],
[
0.0,
0.0,
0.0,
1.0
]
],
"at_element": 4,
"to_element": 3
}
],
"nstatus": 0,
"opt_line_pos": [
[
3.700743415417188e-17,
0.0,
0.0
],
[
0.05000000000000004,
0.04755282265545311,
0.02499998920248914
],
[
0.000795137035349607,
0.05000000155726108,
0.05
],
[
-0.04999999999999997,
-0.050000002112290096,
-0.05
],
[
-0.03454914968184797,
-0.04755282265545311,
-0.025000010797510862
]
],
"opt_line_orient": [
[
1.0,
0.0,
0.0
],
[
0.2583379501086684,
0.9647666010253425,
-0.04986891897423223
],
[
-0.8426855712463734,
0.5360939544009243,
-0.04984275341464468
],
[
-0.8426855712463734,
-0.536093954400924,
-0.04984275341464467
],
[
0.25833795010866817,
-0.9647666010253426,
-0.04986891897423223
]
],
"opt_edge_ids": [
[
0,
1
],
[
0,
2
],
[
0,
3
],
[
0,
4
],
[
0,
5
]
],
"opt_parameters": {
"layers": [],
"orient_devi": 0.08726646259971647,
"clamp_t_bnd": 0.05,
"bar_collision_distance": 0.02,
"pos_devi": 0.05,
"debug_mode": false,
"adjustopt_trust_region_start": 0.05,
"bar_available_lengths": [
1.0
],
"clamp_collision_dist": 0.024,
"time_out": 200,
"contactopt_trust_region_start": 0.05,
"clamp_gap": 0.016,
"opt_tol": 0.001,
"trust_region_lobnd": 1e-06,
"trust_region_upbnd": 1.0,
"contact_ignore_para_tol": 1e-06,
"line_para_tol": 0.0001,
"bigM": 1,
"pos_tol": 1e-06,
"duplicate_vertices_tol": 0.001,
"bar_contact_distance_tol": 1e-05,
"bar_contact_distance": 0.018000000000000002,
"fixed_contact_pairs": [
[
0,
1
],
[
0,
4
],
[
1,
2
],
[
3,
4
]
],
"clamp_extension_length": 0.03,
"number_clamp_on_joint": [
4,
4.01
]
}
}