{
"line_pt_pairs": [
[
[
0.17742863152584779,
-0.12890944648932118,
0.0
],
[
-0.3079815650991206,
0.2237617048861628,
0.0
]
],
[
[
-0.09494170551996668,
-0.06183704641340118,
0.07548443595840854
],
[
0.48797303521110047,
-0.1725061287807179,
-0.013749858157749095
]
],
[
[
-0.10772517768320675,
-0.1342607212377005,
-0.016403589317762878
],
[
0.02351036885941971,
0.44778734425869526,
-0.07962764150964327
]
],
[
[
0.09829966515734506,
-0.002650603128005871,
0.04268351235648723
],
[
-0.42408115766721033,
-0.29109859108247377,
-0.019894712212123977
]
],
[
[
-0.12093752717850151,
0.10865292947709827,
-0.03265448689074946
],
[
-0.035901206582691816,
-0.4732288229597896,
-0.1517445803515538
]
]
],
"contact_id_pairs": [
[
0,
1
],
[
0,
2
],
[
0,
3
],
[
0,
4
],
[
1,
3
],
[
2,
3
],
[
2,
4
]
],
"coupler_pt_pairs": [
[
[
0.16933846155482066,
-0.12303159394657806,
0.0
],
[
0.17637426014510113,
-0.11334764797083952,
0.033950594065506726
]
],
[
[
-0.06511394820662718,
0.04730805253845306,
0.0
],
[
-0.0675391180578051,
0.04397009260121999,
-0.035763630084744875
]
],
[
[
0.042951850160884736,
-0.03120634579839667,
0.0
],
[
0.04051775533384286,
-0.0345565899110495,
0.03576157117689538
]
],
[
[
-0.12528287295659213,
0.09102333523365692,
0.0
],
[
-0.11952025491329572,
0.09895489852303109,
-0.03463932213926655
]
],
[
[
-0.01212292547320073,
-0.07756057808985402,
0.06280629478159439
],
[
-0.014927868875998689,
-0.06517252764347221,
0.029119503605598635
]
],
[
[
-0.1055379173689637,
-0.12455991480086599,
-0.01745732410157783
],
[
-0.11269698175832035,
-0.11915862870765791,
0.017407324990882028
]
],
[
[
-0.08034950780441905,
-0.012845783635860739,
-0.029592095227950727
],
[
-0.1035087098088816,
-0.01060800188587796,
-0.057062874682184586
]
]
],
"half_couplers": [],
"nstatus": 0,
"opt_line_pos": [
[
2.312964634635743e-17,
0.0,
0.0
],
[
-0.09999847412109374,
-0.060876995308622575,
0.07625854089194375
],
[
-0.09999999999999998,
-0.09999847412109376,
-0.02012527181844093
],
[
-0.05502867036854885,
-0.08731536865234375,
0.024315657730067875
],
[
-0.09044516756276327,
-0.09999847412109376,
-0.07535786270752556
]
],
"opt_line_orient": [
[
-0.8090169943749473,
0.5877852522924732,
0.0
],
[
0.9715245678851119,
-0.18444847061219452,
-0.1487238235269294
],
[
0.21872591090437743,
0.9700801091606596,
-0.10537342031980067
],
[
-0.8706347047075924,
-0.48074664659077987,
-0.10429704094768534
],
[
0.14172720099301614,
-0.9698029207281463,
-0.1984834891013406
]
],
"opt_edge_ids": [
[
0,
3
],
[
0,
1
],
[
0,
2
],
[
0,
4
],
[
0,
5
]
],
"opt_parameters": {
"pos_devi": 0.1,
"extra_collision_pairs": [],
"layers": [],
"contactopt_trust_region_start": 0.1,
"clamp_collision_dist": 0.024,
"clamp_t_bnd": 0.2,
"clamp_gap": 0.016,
"orient_devi": 0.2617993877991494,
"bar_collision_distance": 0.03,
"time_out": 300,
"debug_mode": true,
"fixed_contact_pairs": [
[
0,
1
],
[
0,
2
],
[
0,
3
],
[
0,
4
],
[
1,
3
],
[
2,
3
],
[
2,
4
]
],
"adjustopt_trust_region_start": 0.1,
"bar_available_lengths": [
0.6
],
"opt_tol": 0.001,
"trust_region_lobnd": 1e-06,
"trust_region_upbnd": 1.0,
"contact_ignore_para_tol": 1e-06,
"line_para_tol": 0.0001,
"bigM": 1,
"pos_tol": 1e-06,
"duplicate_vertices_tol": 0.001,
"bar_contact_distance_tol": 0,
"bar_contact_distance": 0.018000000000000002,
"clamp_extension_length": 0.01
}
}