{
"line_pt_pairs": [
[
[
-0.10000000128232607,
0.0,
0.0
],
[
0.899999998717674,
0.0,
0.0
]
],
[
[
-0.06748631439879951,
-0.09229092099133879,
0.00358165033632947
],
[
0.13936432865098936,
0.8810636016457998,
-0.09538190220558856
]
],
[
[
0.08253512570750259,
-0.0653868212398982,
0.016166443871928164
],
[
-0.7881993155695324,
0.41634763531489044,
-0.08259309309454485
]
],
[
[
0.07831325003594497,
0.07467582087399505,
0.008079137458922638
],
[
-0.7924211912410901,
-0.40705863568079337,
-0.09068039950755039
]
],
[
[
-0.05496908372374636,
0.09375605178078174,
0.01533415919662135
],
[
0.15188155932604228,
-0.8795984708563568,
-0.08362939334529669
]
]
],
"contact_id_pairs": [
[
0,
1
],
[
0,
3
],
[
1,
2
],
[
1,
4
],
[
2,
4
]
],
"coupler_pt_pairs": [
[
[
-0.04799735526705226,
0.0,
0.0
],
[
-0.04799735526705226,
-0.0005838504563414476,
-0.005742452323374254
]
],
[
[
-0.05409216153079153,
0.0,
0.0
],
[
-0.05409216153079153,
0.0014224315944028135,
-0.006938411541445661
]
],
[
[
-0.04671274629421891,
0.005460993954544066,
-0.00635704779044376
],
[
-0.04711271955756898,
0.006340942497883566,
0.0014616606910758175
]
],
[
[
-0.04491244680827747,
0.0139324669986024,
-0.0072183650681728415
],
[
-0.03800552167238007,
0.0139324669986024,
0.007218282254607701
]
],
[
[
-0.034266431740113845,
-0.000766275486295381,
0.002918698998563946
],
[
-0.03479809091295292,
-0.001160390290617791,
0.005683751165870739
]
]
],
"half_couplers": [
{
"pose": [
[
3.3306690738754696e-16,
5.551115123125783e-16,
1.0000000000000002,
-0.047997355267052254
],
[
0.9948710647034145,
0.10115119680900864,
-6.106226635438361e-16,
0.0
],
[
-0.10115119680900891,
0.9948710647034145,
-6.661338147750939e-16,
0.0
],
[
0.0,
0.0,
0.0,
1.0
]
],
"at_element": 0,
"to_element": 1
},
{
"pose": [
[
0.9783725320499798,
-1.2906342661267445e-15,
0.20685064304978906,
-0.04799735526705226
],
[
-0.20578971948552965,
-0.10115119680900952,
0.9733545226371387,
-0.0005838504563414337
],
[
0.020923190105198122,
-0.9948710647034142,
-0.0989635525419168,
-0.0057424523233742565
],
[
0.0,
0.0,
0.0,
1.0
]
],
"at_element": 1,
"to_element": 0
},
{
"pose": [
[
-1.3322676295501878e-15,
1.3877787807814457e-15,
1.0,
-0.05409216153079153
],
[
0.9796258260563715,
-0.20083137435015463,
1.4432899320127035e-15,
0.0
],
[
0.20083137435015458,
0.9796258260563716,
-1.3322676295501878e-15,
0.0
],
[
0.0,
0.0,
0.0,
1.0
]
],
"at_element": 0,
"to_element": 3
},
{
"pose": [
[
-0.49175352848146425,
-1.4988010832439613e-15,
-0.8707344412770344,
-0.05409216153079155
],
[
0.8529939463117471,
0.20083137435015852,
-0.48173445655478975,
0.0014224315944027927
],
[
0.17487079453568483,
-0.9796258260563705,
-0.09875953696647088,
-0.006938411541445663
],
[
0.0,
0.0,
0.0,
1.0
]
],
"at_element": 3,
"to_element": 0
},
{
"pose": [
[
0.9770543871765349,
0.050769439321058984,
0.20685064304978895,
-0.04671274629421891
],
[
-0.2002635522687674,
-0.11169370123029632,
0.9733545226371387,
0.005460993954544066
],
[
0.0725205772990023,
-0.9924449511869677,
-0.09896355254191724,
-0.006357047790443761
],
[
0.0,
0.0,
0.0,
1.0
]
],
"at_element": 1,
"to_element": 2
},
{
"pose": [
[
-0.489125747436173,
-0.05076943932105876,
-0.8707344412770351,
-0.04711271955756899
],
[
-0.8691699663893941,
0.11169370123029487,
0.48173445655478836,
0.006340942497883577
],
[
0.07279816427400343,
0.992444951186968,
-0.09875953696647355,
0.0014616606910758181
],
[
0.0,
0.0,
0.0,
1.0
]
],
"at_element": 2,
"to_element": 1
},
{
"pose": [
[
0.8780386153921003,
-0.4315796581747249,
0.2068506430497889,
-0.04491244680827746
],
[
-0.22930541481139988,
-8.881784197001252e-16,
0.9733545226371386,
0.013932466998602455
],
[
-0.4200800121625586,
-0.9020748298504885,
-0.09896355254191813,
-0.007218365068172847
],
[
0.0,
0.0,
0.0,
1.0
]
],
"at_element": 1,
"to_element": 4
},
{
"pose": [
[
0.8780386153921003,
0.43157965817472477,
0.20685064304978895,
-0.03800552167238008
],
[
0.22930541481139954,
1.1102230246251565e-16,
-0.9733545226371386,
0.013932466998602469
],
[
-0.42008001216255875,
0.9020748298504885,
-0.09896355254191724,
0.007218282254607708
],
[
0.0,
0.0,
0.0,
1.0
]
],
"at_element": 4,
"to_element": 1
},
{
"pose": [
[
0.4548118621707101,
0.18699653152606543,
-0.8707344412770359,
-0.03426643174011389
],
[
0.8652841533876706,
0.13861907251185146,
0.4817344565547871,
-0.000766275486295355
],
[
0.21078307314628697,
-0.9725312591033642,
-0.09875953696647044,
0.0029186989985639424
],
[
0.0,
0.0,
0.0,
1.0
]
],
"at_element": 2,
"to_element": 4
},
{
"pose": [
[
0.9603359353200893,
-0.18699653152606374,
0.2068506430497887,
-0.03479809091295292
],
[
0.18266287525871558,
-0.138619072511855,
-0.9733545226371386,
-0.001160390290617777
],
[
0.2106873639663949,
0.9725312591033642,
-0.09896355254191769,
0.00568375116587074
],
[
0.0,
0.0,
0.0,
1.0
]
],
"at_element": 4,
"to_element": 2
}
],
"nstatus": true,
"opt_line_pos": [
[
3.700743415417188e-17,
0.0,
0.0
],
[
-0.06000000000000027,
-0.057063387392611714,
-2.703932439729422e-08
],
[
-0.06000000000000027,
0.013470839681344784,
-2.7039324480837568e-08
],
[
0.0070820564387893995,
0.035267111730770656,
2.703932446695978e-08
],
[
-0.02291797202473225,
-0.05706337071564414,
-5.407864893391956e-08
]
],
"opt_line_orient": [
[
1.0,
0.0,
0.0
],
[
0.20685064304978887,
0.9733545226371385,
-0.09896355254191803
],
[
-0.870734441277035,
0.48173445655478864,
-0.09875953696647302
],
[
-0.8707344412770351,
-0.48173445655478836,
-0.09875953696647302
],
[
0.20685064304978865,
-0.9733545226371385,
-0.09896355254191803
]
],
"opt_edge_ids": [
[
0,
1
],
[
0,
2
],
[
0,
3
],
[
0,
4
],
[
0,
5
]
],
"opt_parameters": {
"layers": [],
"orient_devi": 0.17266462599716473,
"clamp_t_bnd": 0.0600000000000003,
"bar_collision_distance": 0.02,
"pos_devi": 0.0600000000000003,
"debug_mode": false,
"adjustopt_trust_region_start": 0.010000000000000004,
"bar_available_lengths": [
1.0
],
"clamp_collision_dist": 0.024,
"time_out": 200,
"contactopt_trust_region_start": 0.10000000000000003,
"clamp_gap": 0.016,
"opt_tol": 0.001,
"trust_region_lobnd": 1e-06,
"trust_region_upbnd": 1.0,
"contact_ignore_para_tol": 1e-06,
"line_para_tol": 0.0001,
"bigM": 1,
"pos_tol": 1e-06,
"duplicate_vertices_tol": 0.001,
"bar_contact_distance_tol": 1e-05,
"bar_contact_distance": 0.018000000000000002,
"fixed_contact_pairs": [
[
0,
1
],
[
0,
2
],
[
0,
3
],
[
1,
4
],
[
3,
4
]
],
"clamp_extension_length": 0.03,
"number_clamp_on_joint": [
5,
5.1
],
"radius": 1e-06,
"tr_size": 0.10000000000000003
}
}