{
"line_pt_pairs": [
[
[
-0.10000000028006963,
0.0,
0.0
],
[
0.8999999997199304,
0.0,
0.0
]
],
[
[
0.007384279450765697,
-0.10825280608864823,
0.05987210075759058
],
[
0.26990229883998745,
0.8421085345024463,
-0.10715368110215043
]
],
[
[
0.0600081544628502,
-0.10035505611757722,
-0.009550253253463703
],
[
-0.6996972632883058,
0.5263014207669615,
-0.18318590114351835
]
],
[
[
0.12125985581886417,
0.03560331687341654,
-0.03579928104060606
],
[
-0.6047479148022497,
-0.6371497611598774,
-0.1783335330451291
]
],
[
[
-0.04327846324623344,
0.0923161568661475,
0.05006998629181955
],
[
0.17588282702713381,
-0.8728378959639608,
-0.09291946489717406
]
]
],
"contact_id_pairs": [
[
0,
2
],
[
0,
4
],
[
1,
4
],
[
2,
3
]
],
"coupler_pt_pairs": [
[
[
-0.04999995269329419,
0.0,
0.0
],
[
-0.049999952693294186,
-0.009612919430871524,
-0.03469332649329729
]
],
[
[
-0.02111785076428652,
0.0,
0.0
],
[
-0.02111785076428652,
-0.0052759175529713195,
0.035611530545126856
]
],
[
[
0.015259821629757732,
-0.07974196008835316,
0.05486132628551439
],
[
-0.00422243017489666,
-0.07968086212953868,
0.024588293208502823
]
],
[
[
0.010446586035360068,
-0.059473318099202144,
-0.02087787425402018
],
[
0.017957965462472084,
-0.06012109203265462,
-0.05608013514221559
]
]
],
"half_couplers": [
{
"pose": [
[
0.0,
-5.551115123125783e-17,
1.0,
-0.04999995269329418
],
[
0.9636904552073873,
0.26702192146372283,
5.551115123125783e-17,
0.0
],
[
-0.26702192146372283,
0.9636904552073873,
0.0,
0.0
],
[
0.0,
0.0,
0.0,
1.0
]
],
"at_element": 0,
"to_element": 2
},
{
"pose": [
[
0.6502673898017197,
2.220446049250313e-16,
-0.759705417751156,
-0.04999995269329417
],
[
0.7321208598561298,
-0.26702192146372283,
0.6266564768845387,
-0.00961291943087153
],
[
-0.2028580003943138,
-0.9636904552073874,
-0.17363564789005492,
-0.03469332649329729
],
[
0.0,
0.0,
0.0,
1.0
]
],
"at_element": 2,
"to_element": 0
},
{
"pose": [
[
1.1102230246251565e-16,
-1.6653345369377348e-16,
1.0,
-0.021117850764286517
],
[
-0.989202917719658,
0.14655233732327766,
1.6653345369377348e-16,
0.0
],
[
-0.14655233732327771,
-0.989202917719658,
-2.220446049250313e-16,
0.0
],
[
0.0,
0.0,
0.0,
1.0
]
],
"at_element": 0,
"to_element": 4
},
{
"pose": [
[
0.9756886433928156,
2.498001805406602e-16,
0.21916129027336717,
-0.021117850764286506
],
[
0.21679498778961975,
-0.14655233732327688,
-0.9651540528301082,
-0.005275917552971354
],
[
0.03211859934034683,
0.9892029177196581,
-0.1429894511889942,
0.03561153054512685
],
[
0.0,
0.0,
0.0,
1.0
]
],
"at_element": 4,
"to_element": 0
},
{
"pose": [
[
-0.7988864223638665,
0.5411698196117574,
0.2625180193892215,
0.015259821629757774
],
[
0.3111437641669531,
-0.0016971534749563588,
0.9503613405910942,
-0.07974196008835299
],
[
0.5147524086225155,
0.840911616052163,
-0.16702578185974293,
0.05486132628551437
],
[
0.0,
0.0,
0.0,
1.0
]
],
"at_element": 1,
"to_element": 4
},
{
"pose": [
[
-0.8118519293486277,
-0.5411698196117586,
0.21916129027336761,
-0.004222430174896659
],
[
-0.2616768502861858,
0.0016971534749559147,
-0.9651540528301084,
-0.07968086212953863
],
[
0.5219402943222642,
-0.8409116160521624,
-0.14298945118899198,
0.02458829320850283
],
[
0.0,
0.0,
0.0,
1.0
]
],
"at_element": 4,
"to_element": 1
},
{
"pose": [
[
-0.6158850741146467,
-0.2086462406139578,
-0.7597054177511561,
0.010446586035360056
],
[
-0.7790878614761394,
0.01799344545087589,
0.6266564768845386,
-0.05947331809920214
],
[
-0.11707980006530627,
0.9778256399780427,
-0.17363564789005492,
-0.02087787425402018
],
[
0.0,
0.0,
0.0,
1.0
]
],
"at_element": 2,
"to_element": 3
},
{
"pose": [
[
-0.6552705267867789,
0.20864624061395765,
-0.7260077706211139,
0.017957965462472095
],
[
0.7396482487760889,
-0.017993445450876333,
-0.6727530780332938,
-0.0601210920326546
],
[
-0.15343078181069864,
-0.9778256399780427,
-0.1425342520045234,
-0.056080135142215576
],
[
0.0,
0.0,
0.0,
1.0
]
],
"at_element": 3,
"to_element": 2
}
],
"nstatus": true,
"opt_line_pos": [
[
3.700743415417188e-17,
0.0,
0.0
],
[
0.024857891166132386,
-0.04499526249822943,
0.048754602364668935
],
[
-0.012818962081414885,
-0.040282318436723114,
-0.026195367622346654
],
[
0.048927541529949214,
-0.031423220649051106,
-0.05
],
[
-0.01252332281513732,
-0.04312495317388899,
0.03000412226082435
]
],
"opt_line_orient": [
[
1.0,
0.0,
0.0
],
[
0.26251801938922176,
0.9503613405910946,
-0.167025781859741
],
[
-0.7597054177511561,
0.6266564768845387,
-0.17363564789005465
],
[
-0.7260077706211139,
-0.672753078033294,
-0.14253425200452308
],
[
0.21916129027336723,
-0.9651540528301082,
-0.14298945118899362
]
],
"opt_edge_ids": [
[
0,
1
],
[
0,
2
],
[
0,
3
],
[
0,
4
],
[
0,
5
]
],
"opt_parameters": {
"layers": [],
"orient_devi": 0.18726646259971647,
"clamp_t_bnd": 0.05,
"bar_collision_distance": 0.02,
"pos_devi": 0.05,
"debug_mode": false,
"adjustopt_trust_region_start": 0.010000000000000004,
"bar_available_lengths": [
1.0
],
"clamp_collision_dist": 0.024,
"time_out": 200,
"contactopt_trust_region_start": 0.010000000000000004,
"clamp_gap": 0.016,
"opt_tol": 0.001,
"trust_region_lobnd": 1e-06,
"trust_region_upbnd": 1.0,
"contact_ignore_para_tol": 1e-06,
"line_para_tol": 0.0001,
"bigM": 1,
"pos_tol": 1e-06,
"duplicate_vertices_tol": 0.001,
"bar_contact_distance_tol": 1e-05,
"bar_contact_distance": 0.018000000000000002,
"fixed_contact_pairs": [
[
0,
2
],
[
0,
4
],
[
1,
4
],
[
2,
3
]
],
"clamp_extension_length": 0.03,
"radius": 0.01800024316619275
}
}