{
"line_pt_pairs": [
[
[
-0.10000000246475667,
0.0,
0.0
],
[
0.8999999975352433,
0.0,
0.0
]
],
[
[
-0.002404318978360217,
-0.1041387902860621,
-0.05785424715439308
],
[
0.3014047953713766,
0.8485935797973381,
-0.056828073048384005
]
],
[
[
0.10376436250433353,
-0.03689770424704612,
0.0318587512818559
],
[
-0.8150278574556682,
0.35784189121228255,
0.03308688709573576
]
],
[
[
0.07244302390187009,
0.09342021738467546,
-0.002250882093395898
],
[
-0.754809247480838,
-0.432586521061926,
-0.19966058449152702
]
],
[
[
-0.029643074700718607,
0.09545042726137087,
-0.06009527978522434
],
[
0.274166039649018,
-0.8572819428220293,
-0.05906910567921526
]
]
],
"contact_id_pairs": [
[
0,
2
],
[
0,
3
],
[
1,
3
],
[
1,
4
],
[
3,
4
]
],
"coupler_pt_pairs": [
[
[
0.018113150006770464,
0.0,
0.0
],
[
0.018113150006770506,
-9.947692492002363e-05,
0.031973239976127894
]
],
[
[
-0.05517567641798364,
0.0,
0.0
],
[
-0.055175676417983634,
0.012274116440353915,
-0.03270491712248027
]
],
[
[
0.052217451664482536,
0.06715274293239332,
-0.05766975154840041
],
[
0.03812136812382875,
0.07159685969994024,
-0.01044116223808438
]
],
[
[
0.01579536890454407,
-0.04706534860025125,
-0.05779277418481856
],
[
0.015802627581439396,
-0.047065348600251244,
-0.059941778126753144
]
],
[
[
-0.018462306199642408,
0.0356182410731629,
-0.023943894953606423
],
[
-0.011281466269550846,
0.03786920967146162,
-0.060033259897647656
]
]
],
"half_couplers": [
{
"pose": [
[
-4.440892098500626e-16,
4.440892098500626e-16,
1.0,
0.0181131500067703
],
[
-0.999995160079142,
0.0031112406354105726,
-4.440892098500626e-16,
0.0
],
[
-0.0031112406354106836,
-0.999995160079142,
3.3306690738754696e-16,
0.0
],
[
0.0,
0.0,
0.0,
1.0
]
],
"at_element": 0,
"to_element": 2
},
{
"pose": [
[
-0.39474150597697744,
-2.220446049250313e-16,
-0.9187922199600014,
0.018113150006770273
],
[
-0.9187877730783718,
-0.003111240635411905,
0.3947395954593291,
-9.947692491991955e-05
],
[
-0.002858583690240002,
0.9999951600791417,
0.0012281358138792609,
0.031973239976127894
],
[
0.0,
0.0,
0.0,
1.0
]
],
"at_element": 2,
"to_element": 0
},
{
"pose": [
[
-4.440892098500626e-16,
2.220446049250313e-16,
1.0000000000000002,
-0.05517567641798353
],
[
0.9362371708794388,
-0.351368695053593,
2.7755575615628914e-16,
0.0
],
[
0.35136869505359286,
0.9362371708794388,
-4.440892098500626e-16,
0.0
],
[
0.0,
0.0,
0.0,
1.0
]
],
"at_element": 0,
"to_element": 3
},
{
"pose": [
[
-0.5618306501893167,
-4.996003610813204e-16,
-0.8272522713827083,
-0.05517567641798355
],
[
0.7745043261629363,
0.351368695053593,
-0.5260067384466014,
0.012274116440353963
],
[
0.29067055107586326,
-0.9362371708794386,
-0.1974097023981316,
-0.03270491712248025
],
[
0.0,
0.0,
0.0,
1.0
]
],
"at_element": 3,
"to_element": 0
},
{
"pose": [
[
0.9091560309034965,
0.28484264692954425,
0.3038091143497367,
0.052217451664482536
],
[
-0.2902350925585216,
-0.08980324071442869,
0.9527323700834001,
0.06715274293239333
],
[
0.2986618531372006,
-0.9543584465217234,
0.0010261741060092477,
-0.05766975154840041
],
[
0.0,
0.0,
0.0,
1.0
]
],
"at_element": 1,
"to_element": 3
},
{
"pose": [
[
0.4842709427400341,
-0.28484264692954425,
-0.827252271382708,
0.038121368123828735
],
[
-0.8457258947590258,
0.0898032407144288,
-0.5260067384466017,
0.07159685969994023
],
[
0.22411908654044582,
0.9543584465217235,
-0.19740970239813138,
-0.010441162238084379
],
[
0.0,
0.0,
0.0,
1.0
]
],
"at_element": 3,
"to_element": 1
},
{
"pose": [
[
-0.952726935356623,
-0.003377674348387316,
0.30380911434973945,
0.01579536890454405
],
[
0.30381084739565983,
-1.7541523789077473e-14,
0.9527323700833991,
-0.047065348600251335
],
[
-0.003218019687303647,
0.9999942956417281,
0.0010261741060267893,
-0.05779277418481856
],
[
0.0,
0.0,
0.0,
1.0
]
],
"at_element": 1,
"to_element": 4
},
{
"pose": [
[
-0.9527269353566252,
0.003377674348392673,
0.3038091143497343,
0.015802627581439407
],
[
-0.30381084739565456,
1.9317880628477724e-14,
-0.9527323700834011,
-0.04706534860025126
],
[
-0.003218019687319995,
-0.9999942956417284,
0.0010261741059929275,
-0.05994177812675315
],
[
0.0,
0.0,
0.0,
1.0
]
],
"at_element": 4,
"to_element": 1
},
{
"pose": [
[
0.5269846192587071,
-0.1947842153689705,
-0.8272522713827084,
-0.018462306199642398
],
[
-0.8482857651995941,
-0.061058755870947,
-0.5260067384466016,
0.03561824107316291
],
[
0.05194681534506945,
0.9789437868307798,
-0.19740970239813116,
-0.02394389495360642
],
[
0.0,
0.0,
0.0,
1.0
]
],
"at_element": 3,
"to_element": 4
},
{
"pose": [
[
-0.9326087772914877,
0.1947842153689704,
0.30380911434973656,
-0.01128146626955084
],
[
-0.2976119273933074,
0.06105875587094667,
-0.9527323700834002,
0.037869209671461616
],
[
-0.20412743370776376,
-0.9789437868307796,
0.0010261741060091367,
-0.060033259897647656
],
[
0.0,
0.0,
0.0,
1.0
]
],
"at_element": 4,
"to_element": 3
}
],
"nstatus": true,
"opt_line_pos": [
[
3.700743415417188e-17,
0.0,
0.0
],
[
0.032085783419040594,
0.004020693578755237,
-0.05773775015571163
],
[
-0.06000000000000027,
0.033460181683278564,
0.03207765265504943
],
[
-0.010413401407695557,
0.04073612143945386,
-0.022023160548183398
],
[
-0.0014345406957898196,
0.006989672828059193,
-0.060000000000000345
]
],
"opt_line_orient": [
[
1.0,
0.0,
0.0
],
[
0.3038091143497368,
0.9527323700834001,
0.0010261741060090784
],
[
-0.9187922199600018,
0.3947395954593287,
0.0012281358138798628
],
[
-0.8272522713827082,
-0.5260067384466015,
-0.1974097023981311
],
[
0.30380911434973656,
-0.9527323700834002,
0.0010261741060090784
]
],
"opt_edge_ids": [
[
0,
1
],
[
0,
2
],
[
0,
3
],
[
0,
4
],
[
0,
5
]
],
"opt_parameters": {
"layers": [],
"orient_devi": 0.17266462599716473,
"clamp_t_bnd": 0.0600000000000003,
"bar_collision_distance": 0.02,
"pos_devi": 0.0600000000000003,
"debug_mode": false,
"adjustopt_trust_region_start": 0.010000000000000004,
"bar_available_lengths": [
1.0
],
"clamp_collision_dist": 0.024,
"time_out": 200,
"contactopt_trust_region_start": 0.10000000000000003,
"clamp_gap": 0.016,
"opt_tol": 0.001,
"trust_region_lobnd": 1e-06,
"trust_region_upbnd": 1.0,
"contact_ignore_para_tol": 1e-06,
"line_para_tol": 0.0001,
"bigM": 1,
"pos_tol": 1e-06,
"duplicate_vertices_tol": 0.001,
"bar_contact_distance_tol": 1e-05,
"bar_contact_distance": 0.018000000000000002,
"fixed_contact_pairs": [
[
0,
1
],
[
0,
2
],
[
0,
3
],
[
1,
4
],
[
3,
4
]
],
"clamp_extension_length": 0.03,
"number_clamp_on_joint": [
5,
5.1
],
"radius": 0.017981292210593507,
"tr_size": 0.10000000000000003
}
}