{
"line_pt_pairs": [
[
[
-0.10000000027540594,
0.0,
0.0
],
[
0.899999999724594,
0.0,
0.0
]
],
[
[
0.0064913707426809035,
-0.10322204092346424,
0.06068689869728407
],
[
0.2674625498115059,
0.8475123645741934,
-0.10663953047169782
]
],
[
[
0.05980314331495231,
-0.10035423234679272,
-0.00990433975679813
],
[
-0.6987749874878947,
0.5281840966673153,
-0.18165645307075903
]
],
[
[
0.12053576908657958,
0.03681190777150948,
-0.03612844459449436
],
[
-0.6037700513547042,
-0.637812154782642,
-0.1784781994162406
]
],
[
[
-0.04336308838261425,
0.09218200764379021,
0.0499986472796209
],
[
0.17763549518682933,
-0.8726451639651711,
-0.09236762325294438
]
]
],
"contact_id_pairs": [
[
0,
2
],
[
0,
4
],
[
1,
4
],
[
2,
3
]
],
"coupler_pt_pairs": [
[
[
-0.049858893590528836,
0.0,
0.0
],
[
-0.049858893590528836,
-0.009491089007944598,
-0.03473327408014347
]
],
[
[
-0.021044391237093223,
0.0,
0.0
],
[
-0.021044391237093226,
-0.005256107538262993,
0.035621045285827095
]
],
[
[
0.014321455064426189,
-0.07469655167521369,
0.05566649738582684
],
[
-0.005141325871658846,
-0.07468510264140621,
0.02537636376097437
]
],
[
[
0.009713071383710217,
-0.05885088703081512,
-0.021245393975081503
],
[
0.017186491238010356,
-0.05944841171862168,
-0.056439953832105094
]
]
],
"half_couplers": [
{
"pose": [
[
-2.220446049250313e-16,
-1.6653345369377348e-16,
1.0,
-0.04985889359052889
],
[
0.964634140595624,
0.26359244070599197,
1.6653345369377348e-16,
0.0
],
[
-0.26359244070599214,
0.964634140595624,
0.0,
0.0
],
[
0.0,
0.0,
0.0,
1.0
]
],
"at_element": 0,
"to_element": 2
},
{
"pose": [
[
0.6515820895847727,
2.7755575615628914e-16,
-0.758578130802847,
-0.04985889359052888
],
[
0.7317503632816391,
-0.2635924407059922,
0.6285383290141079,
-0.009491089007944584
],
[
-0.1999554609645116,
-0.9646341405956239,
-0.17175211331396079,
-0.034733274080143484
],
[
0.0,
0.0,
0.0,
1.0
]
],
"at_element": 2,
"to_element": 0
},
{
"pose": [
[
0.0,
1.6653345369377348e-16,
1.0,
-0.021044391237093202
],
[
-0.9892881839499079,
0.14597564556148823,
-1.6653345369377348e-16,
0.0
],
[
-0.14597564556148823,
-0.9892881839499079,
2.220446049250313e-16,
0.0
],
[
0.0,
0.0,
0.0,
1.0
]
],
"at_element": 0,
"to_element": 4
},
{
"pose": [
[
0.9752741286737282,
-3.885780586188048e-16,
0.22099858356944355,
-0.021044391237093216
],
[
0.2186312873949167,
-0.14597564556148845,
-0.9648271716089613,
-0.005256107538263
],
[
0.03226041090472445,
0.9892881839499078,
-0.14236627053256568,
0.03562104528582709
],
[
0.0,
0.0,
0.0,
1.0
]
],
"at_element": 4,
"to_element": 0
},
{
"pose": [
[
-0.7997975320355155,
0.5405718744490184,
0.26097117906882505,
0.01432145506442618
],
[
0.3100064339389529,
-0.0003179928750300931,
0.9507344054976578,
-0.07469655167521373
],
[
0.5140232666585742,
0.8412977757222503,
-0.16732642916898133,
0.055666497385826845
],
[
0.0,
0.0,
0.0,
1.0
]
],
"at_element": 1,
"to_element": 4
},
{
"pose": [
[
-0.8117522248906832,
-0.5405718744490182,
0.22099858356944352,
-0.005141325871658834
],
[
-0.26288481851484574,
0.0003179928750305372,
-0.9648271716089613,
-0.07468510264140622
],
[
0.5214881567010339,
-0.8412977757222505,
-0.14236627053256545,
0.025376363760974366
],
[
0.0,
0.0,
0.0,
1.0
]
],
"at_element": 4,
"to_element": 1
},
{
"pose": [
[
-0.617596792544925,
-0.20768587170503328,
-0.758578130802847,
0.009713071383710206
],
[
-0.7776013356230934,
0.01660517381222415,
0.6285383290141079,
-0.05885088703081511
],
[
-0.11794220904918673,
0.9780546236774234,
-0.17175211331396079,
-0.021245393975081506
],
[
0.0,
0.0,
0.0,
1.0
]
],
"at_element": 2,
"to_element": 3
},
{
"pose": [
[
-0.6574554412041924,
0.20768587170503333,
-0.7243058204412838,
0.01718649123801036
],
[
0.7379746895562194,
-0.016605173812224372,
-0.6746240625541513,
-0.05944841171862166
],
[
-0.15213711054638313,
-0.9780546236774235,
-0.1423497548217465,
-0.056439953832105094
],
[
0.0,
0.0,
0.0,
1.0
]
],
"at_element": 3,
"to_element": 2
}
],
"nstatus": true,
"opt_line_pos": [
[
3.700743415417188e-17,
0.0,
0.0
],
[
0.02315922511255306,
-0.042499999999999996,
0.05
],
[
-0.014694767048400293,
-0.03862717986075929,
-0.02677165114216324
],
[
0.049954345666757834,
-0.02892817778975921,
-0.05
],
[
-0.012513487752139854,
-0.042499999999999996,
0.030125476518779146
]
],
"opt_line_orient": [
[
1.0,
0.0,
0.0
],
[
0.26097117906882505,
0.9507344054976578,
-0.1673264291689819
],
[
-0.758578130802847,
0.628538329014108,
-0.17175211331396092
],
[
-0.7243058204412838,
-0.6746240625541514,
-0.14234975482174622
],
[
0.22099858356944357,
-0.9648271716089614,
-0.1423662705325653
]
],
"opt_edge_ids": [
[
0,
1
],
[
0,
2
],
[
0,
3
],
[
0,
4
],
[
0,
5
]
],
"opt_parameters": {
"layers": [],
"orient_devi": 0.18726646259971647,
"clamp_t_bnd": 0.05,
"bar_collision_distance": 0.02,
"pos_devi": 0.05,
"debug_mode": false,
"adjustopt_trust_region_start": 0.010000000000000004,
"bar_available_lengths": [
1.0
],
"clamp_collision_dist": 0.024,
"time_out": 200,
"contactopt_trust_region_start": 0.010000000000000004,
"clamp_gap": 0.016,
"opt_tol": 0.001,
"trust_region_lobnd": 1e-06,
"trust_region_upbnd": 1.0,
"contact_ignore_para_tol": 1e-06,
"line_para_tol": 0.0001,
"bigM": 1,
"pos_tol": 1e-06,
"duplicate_vertices_tol": 0.001,
"bar_contact_distance_tol": 1e-05,
"bar_contact_distance": 0.018000000000000002,
"fixed_contact_pairs": [
[
0,
2
],
[
0,
4
],
[
1,
4
],
[
2,
3
]
],
"clamp_extension_length": 0.03,
"radius": 0.018000000000000002
}
}