{
"line_pt_pairs": [
[
[
-0.10000000028009191,
0.0,
0.0
],
[
0.8999999997199082,
0.0,
0.0
]
],
[
[
0.007364134333627565,
-0.1076687676423563,
0.05995657271194543
],
[
0.26974161595691976,
0.842706594292946,
-0.10721019600529215
]
],
[
[
0.06000722332792296,
-0.10035594592714032,
-0.009549605241528512
],
[
-0.6996939045244557,
0.5263055638352386,
-0.18318585872034554
]
],
[
[
0.12118959265197263,
0.035679600325301306,
-0.0358164206221721
],
[
-0.6048242406327893,
-0.6370696853384824,
-0.17833769102780184
]
],
[
[
-0.04318000349366373,
0.09234015639006375,
0.050071478280192434
],
[
0.17594543342987287,
-0.8728245097509891,
-0.09290128180332599
]
]
],
"contact_id_pairs": [
[
0,
2
],
[
0,
4
],
[
1,
4
],
[
2,
3
]
],
"coupler_pt_pairs": [
[
[
-0.05000066790285003,
0.0,
0.0
],
[
-0.05000066790285002,
-0.009612746164710338,
-0.034692858800220494
]
],
[
[
-0.02101796810313966,
0.0,
0.0
],
[
-0.021017968103139665,
-0.005275226785032297,
0.035611416439186236
]
],
[
[
0.015235461903034042,
-0.0791574954805691,
0.05494156766215317
],
[
-0.004257300347737137,
-0.07909962857773269,
0.024675584600234012
]
],
[
[
0.010364435091338114,
-0.059406652205415966,
-0.020895893203493783
],
[
0.0178754185950444,
-0.06005485211794953,
-0.056097669632101686
]
]
],
"half_couplers": [
{
"pose": [
[
0.0,
-1.6653345369377348e-16,
1.0,
-0.05000066790285005
],
[
0.963690767404698,
0.26702079473131723,
1.6653345369377348e-16,
0.0
],
[
-0.26702079473131723,
0.963690767404698,
1.1102230246251565e-16,
0.0
],
[
0.0,
0.0,
0.0,
1.0
]
],
"at_element": 0,
"to_element": 2
},
{
"pose": [
[
0.6502724016439757,
3.3306690738754696e-16,
-0.7597011278523784,
-0.050000667902850036
],
[
0.7321169628982732,
-0.2670207947313177,
0.6266615097623789,
-0.00961274616471032
],
[
-0.20285599891742018,
-0.963690767404698,
-0.17363625347881717,
-0.034692858800220494
],
[
0.0,
0.0,
0.0,
1.0
]
],
"at_element": 2,
"to_element": 0
},
{
"pose": [
[
1.1102230246251565e-16,
0.0,
0.9999999999999999,
-0.02101796810313966
],
[
-0.9892056311575804,
0.1465340209170991,
0.0,
0.0
],
[
-0.146534020917099,
-0.9892056311575804,
1.1102230246251565e-16,
0.0
],
[
0.0,
0.0,
0.0,
1.0
]
],
"at_element": 0,
"to_element": 4
},
{
"pose": [
[
0.9756966961577093,
4.163336342344337e-17,
0.21912543692353664,
-0.02101796810313966
],
[
0.21676011613462765,
-0.1465340209170991,
-0.9651646661410531,
-0.005275226785032283
],
[
0.03210933135762194,
0.9892056311575808,
-0.14297276008351822,
0.035611416439186236
],
[
0.0,
0.0,
0.0,
1.0
]
],
"at_element": 4,
"to_element": 0
},
{
"pose": [
[
-0.7987322680374813,
0.5414654385394513,
0.26237748162329216,
0.015235461903034018
],
[
0.31110141055352575,
-0.001607413434696614,
0.9503753619353021,
-0.07915749548056919
],
[
0.5150171612163112,
0.840721472956014,
-0.16716676871723757,
0.054941567662153176
],
[
0.0,
0.0,
0.0,
1.0
]
],
"at_element": 1,
"to_element": 4
},
{
"pose": [
[
-0.8116644760985594,
-0.5414654385394517,
0.2191254369235368,
-0.004257300347737102
],
[
-0.26163826833030346,
0.001607413434696614,
-0.965164666141053,
-0.0790996285777328
],
[
0.5222510840436541,
-0.8407214729560138,
-0.14297276008351756,
0.02467558460023399
],
[
0.0,
0.0,
0.0,
1.0
]
],
"at_element": 4,
"to_element": 1
},
{
"pose": [
[
-0.6158930142099592,
-0.2086384226052223,
-0.7597011278523784,
0.010364435091338123
],
[
-0.7790835335597799,
0.018005552430930605,
0.6266615097623791,
-0.059406652205415966
],
[
-0.11706683041484672,
0.9778270852734965,
-0.1736362534788165,
-0.020895893203493783
],
[
0.0,
0.0,
0.0,
1.0
]
],
"at_element": 2,
"to_element": 3
},
{
"pose": [
[
-0.6552662989136326,
0.20863842260522203,
-0.7260138332847619,
0.01787541859504442
],
[
0.7396514035141999,
-0.018005552430930605,
-0.6727492856637834,
-0.06005485211794949
],
[
-0.15343362991047144,
-0.9778270852734964,
-0.14252127040562979,
-0.05609766963210168
],
[
0.0,
0.0,
0.0,
1.0
]
],
"at_element": 3,
"to_element": 2
}
],
"nstatus": true,
"opt_line_pos": [
[
3.700743415417188e-17,
0.0,
0.0
],
[
0.024708675735508487,
-0.044843921887944393,
0.048905963783555675
],
[
-0.012819887374652752,
-0.04028239137875724,
-0.026194870320744648
],
[
0.048937396158860474,
-0.031271759758929166,
-0.05
],
[
-0.012424919370341845,
-0.04312435615935793,
0.030004710471549137
]
],
"opt_line_orient": [
[
1.0,
0.0,
0.0
],
[
0.2623774816232922,
0.9503753619353024,
-0.1671667687172376
],
[
-0.7597011278523786,
0.6266615097623789,
-0.17363625347881703
],
[
-0.726013833284762,
-0.6727492856637838,
-0.14252127040562976
],
[
0.2191254369235366,
-0.9651646661410529,
-0.14297276008351842
]
],
"opt_edge_ids": [
[
0,
1
],
[
0,
2
],
[
0,
3
],
[
0,
4
],
[
0,
5
]
],
"opt_parameters": {
"layers": [],
"orient_devi": 0.18726646259971647,
"clamp_t_bnd": 0.05,
"bar_collision_distance": 0.02,
"pos_devi": 0.05,
"debug_mode": false,
"adjustopt_trust_region_start": 0.010000000000000004,
"bar_available_lengths": [
1.0
],
"clamp_collision_dist": 0.024,
"time_out": 200,
"contactopt_trust_region_start": 0.010000000000000004,
"clamp_gap": 0.016,
"opt_tol": 0.001,
"trust_region_lobnd": 1e-06,
"trust_region_upbnd": 1.0,
"contact_ignore_para_tol": 1e-06,
"line_para_tol": 0.0001,
"bigM": 1,
"pos_tol": 1e-06,
"duplicate_vertices_tol": 0.001,
"bar_contact_distance_tol": 1e-05,
"bar_contact_distance": 0.018000000000000002,
"fixed_contact_pairs": [
[
0,
2
],
[
0,
4
],
[
1,
4
],
[
2,
3
]
],
"clamp_extension_length": 0.03,
"radius": 0.018000000000000002
}
}