{
"line_pt_pairs": [
[
[
-0.10000000027817779,
0.0,
0.0
],
[
0.8999999997218222,
0.0,
0.0
]
],
[
[
-3.0969325010085876e-05,
-0.10791630208876082,
0.05909529388593287
],
[
0.25850168328226386,
0.8463902406246181,
-0.09077094670975426
]
],
[
[
0.0584759888221694,
-0.09920188491647715,
-0.012475878380928083
],
[
-0.698101654575378,
0.5373038401771493,
-0.16231155982580509
]
],
[
[
0.1302060163669506,
0.02682850142791819,
-0.03545053492288702
],
[
-0.5858246481749966,
-0.6590497583962674,
-0.16533933404030346
]
],
[
[
-0.04845051200695396,
0.0913138325212584,
0.04742934414233614
],
[
0.17010143192713012,
-0.875826710288633,
-0.08247145745650594
]
]
],
"contact_id_pairs": [
[
0,
2
],
[
0,
4
],
[
1,
4
],
[
2,
3
]
],
"coupler_pt_pairs": [
[
[
-0.04994079183060672,
0.0,
0.0
],
[
-0.049940791830606714,
-0.00799128388441446,
-0.03394717395902463
]
],
[
[
-0.02676724372787686,
0.0,
0.0
],
[
-0.02676724372787686,
-0.004639410793950818,
0.03454145177207025
]
],
[
[
0.007725010411853792,
-0.07928710522175995,
0.054599306576098516
],
[
-0.009910850373136536,
-0.07923266823867747,
0.02452251087668947
]
],
[
[
0.022974873977126702,
-0.06933493993961841,
-0.019506662043755323
],
[
0.0294846539616448,
-0.06965143469027192,
-0.05372150774032122
]
]
],
"half_couplers": [
{
"pose": [
[
-2.220446049250313e-16,
-1.1102230246251565e-16,
1.0000000000000002,
-0.04994079183060671
],
[
0.9733934230293758,
0.22914022781509769,
1.1102230246251565e-16,
0.0
],
[
-0.22914022781509785,
0.9733934230293758,
0.0,
0.0
],
[
0.0,
0.0,
0.0,
1.0
]
],
"at_element": 0,
"to_element": 2
},
{
"pose": [
[
0.6539038687077894,
2.220446049250313e-16,
-0.7565776433975473,
-0.0499407918306067
],
[
0.7364477020942368,
-0.2291402278150978,
0.6365057250936264,
-0.007991283884414446
],
[
-0.17336237356792378,
-0.9733934230293755,
-0.1498356814448767,
-0.03394717395902463
],
[
0.0,
0.0,
0.0,
1.0
]
],
"at_element": 2,
"to_element": 0
},
{
"pose": [
[
0.0,
-5.551115123125783e-17,
1.0,
-0.026767243727876852
],
[
-0.9911000736716435,
0.13311890913038205,
5.551115123125783e-17,
0.0
],
[
-0.1331189091303821,
-0.9911000736716435,
0.0,
0.0
],
[
0.0,
0.0,
0.0,
1.0
]
],
"at_element": 0,
"to_element": 4
},
{
"pose": [
[
0.9758253162337166,
1.1102230246251565e-16,
0.2185519439340841,
-0.02676724372787685
],
[
0.21660684773415165,
-0.13311890913038193,
-0.9671405428098914,
-0.004639410793950832
],
[
0.02909339636482955,
0.9911000736716435,
-0.12990080159884232,
0.03454145177207025
],
[
0.0,
0.0,
0.0,
1.0
]
],
"at_element": 4,
"to_element": 0
},
{
"pose": [
[
-0.8229879626233283,
0.5058178337237131,
0.25853265260727387,
0.007725010411853832
],
[
0.2988253416609373,
-0.0015613185652190165,
0.9543065427133789,
-0.07928710522175982
],
[
0.4831089199738785,
0.8626389055516729,
-0.1498662405956881,
0.054599306576098496
],
[
0.0,
0.0,
0.0,
1.0
]
],
"at_element": 1,
"to_element": 4
},
{
"pose": [
[
-0.8344958758973482,
-0.5058178337237136,
0.21855194393408414,
-0.009910850373136552
],
[
-0.2542375517851888,
0.0015613185652185724,
-0.9671405428098913,
-0.07923266823867739
],
[
0.48885570506294684,
-0.8626389055516724,
-0.12990080159884143,
0.02452251087668948
],
[
0.0,
0.0,
0.0,
1.0
]
],
"at_element": 4,
"to_element": 1
},
{
"pose": [
[
-0.6266244576771676,
-0.18690119997423632,
-0.7565776433975473,
0.022974873977126706
],
[
-0.7712184460232447,
0.009086827638317807,
0.6365057250936264,
-0.0693349399396184
],
[
-0.112088793169912,
0.982336689232191,
-0.14983568144487713,
-0.019506662043755327
],
[
0.0,
0.0,
0.0,
1.0
]
],
"at_element": 2,
"to_element": 3
},
{
"pose": [
[
-0.672583101842299,
0.18690119997423638,
-0.7160306645419472,
0.02948465396164482
],
[
0.7276595648131196,
-0.009086827638318029,
-0.6858782598241857,
-0.06965143469027191
],
[
-0.13469791702982437,
-0.982336689232191,
-0.12988879911741646,
-0.05372150774032122
],
[
0.0,
0.0,
0.0,
1.0
]
],
"at_element": 3,
"to_element": 2
}
],
"nstatus": true,
"opt_line_pos": [
[
3.700743415417188e-17,
0.0,
0.0
],
[
0.015659225112553056,
-0.05,
0.05
],
[
-0.012141392301603023,
-0.03979176651203811,
-0.026461228747636182
],
[
0.05000000000000005,
-0.05,
-0.05
],
[
-0.016516773904561615,
-0.05,
0.028448876145220715
]
],
"opt_line_orient": [
[
1.0,
0.0,
0.0
],
[
0.2585326526072739,
0.9543065427133789,
-0.14986624059568712
],
[
-0.7565776433975474,
0.6365057250936264,
-0.149835681444877
],
[
-0.7160306645419472,
-0.6858782598241856,
-0.12988879911741644
],
[
0.21855194393408406,
-0.9671405428098914,
-0.12990080159884207
]
],
"opt_edge_ids": [
[
0,
1
],
[
0,
2
],
[
0,
3
],
[
0,
4
],
[
0,
5
]
],
"opt_parameters": {
"layers": [],
"orient_devi": 0.18726646259971647,
"clamp_t_bnd": 0.05,
"bar_collision_distance": 0.02,
"pos_devi": 0.05,
"debug_mode": false,
"adjustopt_trust_region_start": 0.010000000000000004,
"bar_available_lengths": [
1.0
],
"clamp_collision_dist": 0.024,
"time_out": 200,
"contactopt_trust_region_start": 0.010000000000000004,
"clamp_gap": 0.016,
"opt_tol": 0.001,
"trust_region_lobnd": 1e-06,
"trust_region_upbnd": 1.0,
"contact_ignore_para_tol": 1e-06,
"line_para_tol": 0.0001,
"bigM": 1,
"pos_tol": 1e-06,
"duplicate_vertices_tol": 0.001,
"bar_contact_distance_tol": 1e-05,
"bar_contact_distance": 0.018000000000000002,
"fixed_contact_pairs": [
[
0,
2
],
[
0,
4
],
[
1,
4
],
[
2,
3
]
],
"clamp_extension_length": 0.03,
"radius": 0.017427424210997206
}
}