{
"line_pt_pairs": [
[
[
-0.10000000028005773,
0.0,
0.0
],
[
0.8999999997199423,
0.0,
0.0
]
],
[
[
0.007383978495322266,
-0.10826016042773473,
0.05987115742905345
],
[
0.26990000856465024,
0.842100871504837,
-0.10715950724272741
]
],
[
[
0.06000769791448754,
-0.10035546574061494,
-0.009550269450107719
],
[
-0.6996936939924748,
0.5263058918661513,
-0.18318591676098855
]
],
[
[
0.12126101974504457,
0.03560123082264148,
-0.03579911034708686
],
[
-0.604750247754435,
-0.6371480735022332,
-0.1783333623505841
]
],
[
[
-0.04328079751028418,
0.09231563820054245,
0.0500699094505008
],
[
0.17588049276308307,
-0.8728384146295658,
-0.09291954173849282
]
]
],
"contact_id_pairs": [
[
0,
2
],
[
0,
4
],
[
1,
4
],
[
2,
3
]
],
"coupler_pt_pairs": [
[
[
-0.049999571067369006,
0.0,
0.0
],
[
-0.049999571067369,
-0.009612832830939555,
-0.03469328427415597
]
],
[
[
-0.021120302803756527,
0.0,
0.0
],
[
-0.021120302803756527,
-0.0052759175529713195,
0.035611530545126856
]
],
[
[
0.01525946098112682,
-0.07974932373635438,
0.05486023648122597
],
[
-0.00422319001807171,
-0.07968831431286094,
0.02458718915304112
]
],
[
[
0.010447652312734567,
-0.059474448816466366,
-0.020877602387087538
],
[
0.017959036590238755,
-0.06012226606210261,
-0.05607988498321698
]
]
],
"half_couplers": [
{
"pose": [
[
-4.440892098500626e-16,
-6.106226635438361e-16,
1.0,
-0.04999957106736901
],
[
0.9636909905936113,
0.26701998923058967,
5.551115123125783e-16,
0.0
],
[
-0.2670199892305897,
0.9636909905936114,
4.440892098500626e-16,
0.0
],
[
0.0,
0.0,
0.0,
1.0
]
],
"at_element": 0,
"to_element": 2
},
{
"pose": [
[
0.6502720931537999,
7.771561172376096e-16,
-0.7597013919069622,
-0.04999957106736897
],
[
0.7321173869221658,
-0.2670199892305898,
0.6266613576067662,
-0.009612832830939569
],
[
-0.20285545748546074,
-0.9636909905936112,
-0.17363564731088132,
-0.03469328427415597
],
[
0.0,
0.0,
0.0,
1.0
]
],
"at_element": 2,
"to_element": 0
},
{
"pose": [
[
2.220446049250313e-16,
-5.551115123125783e-17,
0.9999999999999999,
-0.021120302803756513
],
[
-0.989202917719658,
0.14655233732327666,
5.551115123125783e-17,
0.0
],
[
-0.14655233732327655,
-0.989202917719658,
0.0,
0.0
],
[
0.0,
0.0,
0.0,
1.0
]
],
"at_element": 0,
"to_element": 4
},
{
"pose": [
[
0.9756886433928156,
5.551115123125783e-17,
0.21916129027336723,
-0.02112030280375651
],
[
0.21679498778961978,
-0.14655233732327622,
-0.9651540528301081,
-0.0052759175529713265
],
[
0.0321185993403469,
0.989202917719658,
-0.14298945118899353,
0.035611530545126856
],
[
0.0,
0.0,
0.0,
1.0
]
],
"at_element": 4,
"to_element": 0
},
{
"pose": [
[
-0.7988818849073502,
0.5411774828312048,
0.262516030069328,
0.015259460981126797
],
[
0.3111447203988158,
-0.0016946834512665543,
0.9503610319325717,
-0.07974932373635443
],
[
0.5147588726139861,
0.8409066893089154,
-0.16703066467178096,
0.05486023648122599
],
[
0.0,
0.0,
0.0,
1.0
]
],
"at_element": 1,
"to_element": 4
},
{
"pose": [
[
-0.8118468210950844,
-0.541177482831205,
0.2191612902733674,
-0.004223190018071678
],
[
-0.26167686629432224,
0.0016946834512672204,
-0.9651540528301084,
-0.07968831431286102
],
[
0.5219482318431492,
-0.8409066893089154,
-0.14298945118899287,
0.02458718915304111
],
[
0.0,
0.0,
0.0,
1.0
]
],
"at_element": 4,
"to_element": 1
},
{
"pose": [
[
-0.6158900395837066,
-0.2086462419412442,
-0.7597013919069624,
0.010447652312734562
],
[
-0.7790839081383487,
0.0179946370433397,
0.6266613576067661,
-0.05947444881646635
],
[
-0.11707998642576406,
0.9778256177670301,
-0.17363564731088088,
-0.02087760238708754
],
[
0.0,
0.0,
0.0,
1.0
]
],
"at_element": 2,
"to_element": 3
},
{
"pose": [
[
-0.6552666519727637,
0.20864624194124443,
-0.7260112674994796,
0.01795903659023873
],
[
0.7396516521769392,
-0.017994637043339257,
-0.6727493043248748,
-0.06012226606210262
],
[
-0.1534309233639995,
-0.9778256177670303,
-0.1425342520034969,
-0.05607988498321698
],
[
0.0,
0.0,
0.0,
1.0
]
],
"at_element": 3,
"to_element": 2
}
],
"nstatus": true,
"opt_line_pos": [
[
3.700743415417188e-17,
0.0,
0.0
],
[
0.024858860700396307,
-0.044997558593749994,
0.048752441406250006
],
[
-0.012818962081414885,
-0.040282318436723114,
-0.026195367622346654
],
[
0.04892748761777217,
-0.031425736383509206,
-0.05
],
[
-0.012525774854607326,
-0.04312495317388899,
0.03000412226082435
]
],
"opt_line_orient": [
[
1.0,
0.0,
0.0
],
[
0.262516030069328,
0.9503610319325718,
-0.16703066467178088
],
[
-0.7597013919069624,
0.6266613576067662,
-0.17363564731088085
],
[
-0.7260112674994795,
-0.6727493043248747,
-0.14253425200349723
],
[
0.21916129027336723,
-0.9651540528301082,
-0.14298945118899362
]
],
"opt_edge_ids": [
[
0,
1
],
[
0,
2
],
[
0,
3
],
[
0,
4
],
[
0,
5
]
],
"opt_parameters": {
"layers": [],
"orient_devi": 0.18726646259971647,
"clamp_t_bnd": 0.05,
"bar_collision_distance": 0.02,
"pos_devi": 0.05,
"debug_mode": false,
"adjustopt_trust_region_start": 0.010000000000000004,
"bar_available_lengths": [
1.0
],
"clamp_collision_dist": 0.024,
"time_out": 200,
"contactopt_trust_region_start": 0.010000000000000004,
"clamp_gap": 0.016,
"opt_tol": 0.001,
"trust_region_lobnd": 1e-06,
"trust_region_upbnd": 1.0,
"contact_ignore_para_tol": 1e-06,
"line_para_tol": 0.0001,
"bigM": 1,
"pos_tol": 1e-06,
"duplicate_vertices_tol": 0.001,
"bar_contact_distance_tol": 1e-05,
"bar_contact_distance": 0.018000000000000002,
"fixed_contact_pairs": [
[
0,
2
],
[
0,
4
],
[
1,
4
],
[
2,
3
]
],
"clamp_extension_length": 0.03,
"radius": 0.01800024316619275
}
}