{
"line_pt_pairs": [
[
[
-0.10000000039563124,
0.0,
0.0
],
[
0.8999999996043687,
0.0,
0.0
]
],
[
[
-0.0049690295503797026,
-0.10270725665391979,
0.02138218466851173
],
[
0.28398627057008513,
0.8544264645567339,
0.0013853285721482783
]
],
[
[
0.0755197202222273,
-0.0668525768942014,
-0.010036458730327723
],
[
-0.7477566399517491,
0.5007881851878502,
-0.01003519519698438
]
],
[
[
0.08982556984163458,
0.04610403983306755,
-0.02000012826186928
],
[
-0.7334507903323421,
-0.5215367222489838,
-0.019998864728525936
]
],
[
[
-0.03445363858983686,
0.0941490023372427,
0.01010625824899757
],
[
0.2545014718206278,
-0.8631936448725055,
0.01010731075841419
]
]
],
"contact_id_pairs": [
[
0,
2
],
[
0,
4
],
[
1,
4
],
[
2,
3
]
],
"coupler_pt_pairs": [
[
[
-0.02143977994474236,
0.0,
0.0
],
[
-0.021439779944742363,
2.2340207180698846e-08,
-0.010036309920563055
]
],
[
[
-0.006036611275633898,
0.0,
0.0
],
[
-0.006036611275633898,
1.111100706926993e-08,
0.01010636175707811
]
],
[
[
0.010191987496467981,
-0.05248799901324727,
0.020332981985487976
],
[
0.009838107989253204,
-0.052594821848237994,
0.010106419580217104
]
],
[
[
0.0007594793393960583,
-0.015306143447235666,
-0.010036343991144527
],
[
0.0007594640475675279,
-0.015306143447235666,
-0.01999999156658702
]
]
],
"half_couplers": [
{
"pose": [
[
0.0,
0.0,
1.0,
-0.0214397799447424
],
[
0.9999999999975226,
-2.2259383574141367e-06,
0.0,
0.0
],
[
2.2259383573586256e-06,
0.9999999999975226,
0.0,
0.0
],
[
0.0,
0.0,
0.0,
1.0
]
],
"at_element": 0,
"to_element": 2
},
{
"pose": [
[
0.5676407620834576,
4.440892098500626e-16,
-0.8232763601739768,
-0.0214397799447424
],
[
0.8232763601719372,
2.2259383565259583e-06,
0.5676407620820513,
2.2340207218862762e-08
],
[
1.8325624282500286e-06,
-0.9999999999975225,
1.263533344619816e-06,
-0.010036309920563055
],
[
0.0,
0.0,
0.0,
1.0
]
],
"at_element": 2,
"to_element": 0
},
{
"pose": [
[
-6.661338147750939e-16,
-6.661338147750939e-16,
1.0,
-0.006036611275633902
],
[
-0.9999999999993956,
-1.0994072154879575e-06,
-6.661338147750939e-16,
0.0
],
[
1.0994072154879575e-06,
-0.9999999999993956,
-6.661338147750939e-16,
0.0
],
[
0.0,
0.0,
0.0,
1.0
]
],
"at_element": 0,
"to_element": 4
},
{
"pose": [
[
0.9573426472103268,
1.1934897514720433e-15,
0.2889551104104645,
-0.006036611275633888
],
[
0.2889551104102899,
1.0994072173753366e-06,
-0.9573426472097483,
1.11110070449838e-08
],
[
-3.1767933503235035e-07,
0.9999999999993957,
1.0525094155111603e-06,
0.01010636175707811
],
[
0.0,
0.0,
0.0,
1.0
]
],
"at_element": 4,
"to_element": 0
},
{
"pose": [
[
-0.9567178075466649,
0.034581371508295766,
0.28895530012046533,
0.010191987496468023
],
[
0.28945823708129503,
0.010438807749729495,
0.9571337212106537,
-0.05248799901324712
],
[
0.030082647970080284,
0.9993473670538036,
-0.019996856096367033,
0.020332981985487972
],
[
0.0,
0.0,
0.0,
1.0
]
],
"at_element": 1,
"to_element": 4
},
{
"pose": [
[
-0.9567178648443238,
-0.03458137150829657,
0.28895511041046507,
0.009838107989253182
],
[
-0.28876649238822005,
-0.010438807749731494,
-0.9573426472097482,
-0.05259482184823791
],
[
0.03612256858977361,
-0.9993473670538036,
1.0525094183977401e-06,
0.010106419580217104
],
[
0.0,
0.0,
0.0,
1.0
]
],
"at_element": 4,
"to_element": 1
},
{
"pose": [
[
-0.567640762081383,
1.53476208603065e-06,
-0.8232763601739767,
0.0007594793393960741
],
[
-0.8232763601749462,
2.220446049250313e-16,
0.5676407620820516,
-0.015306143447235666
],
[
8.71193520324276e-07,
0.9999999999988223,
1.2635333437316376e-06,
-0.010036343991144527
],
[
0.0,
0.0,
0.0,
1.0
]
],
"at_element": 2,
"to_element": 3
},
{
"pose": [
[
-0.5676407620813828,
-1.53476208603065e-06,
-0.8232763601739769,
0.0007594640475675346
],
[
0.8232763601749464,
2.220446049250313e-16,
-0.5676407620820512,
-0.015306143447235666
],
[
8.711935204352983e-07,
-0.9999999999988223,
1.2635333437316376e-06,
-0.019999991566587015
],
[
0.0,
0.0,
0.0,
1.0
]
],
"at_element": 3,
"to_element": 2
}
],
"nstatus": true,
"opt_line_pos": [
[
3.700743415417188e-17,
0.0,
0.0
],
[
0.020000000000000046,
-0.020000000000000007,
0.019654228508591384
],
[
3.642919299551295e-17,
-0.014782490088709438,
-0.010036342825524432
],
[
3.642919299551295e-17,
-0.015829786262200073,
-0.019999990400990392
],
[
3.642919299551295e-17,
-0.020000000000000007,
0.010106383745234688
]
],
"opt_line_orient": [
[
1.0,
0.0,
0.0
],
[
0.2889553001204649,
0.9571337212106537,
-0.019996856096363452
],
[
-0.8232763601739764,
0.5676407620820516,
1.2635333433442462e-06
],
[
-0.8232763601739767,
-0.5676407620820514,
1.2635333433442462e-06
],
[
0.2889551104104647,
-0.9573426472097482,
1.0525094166199035e-06
]
],
"opt_edge_ids": [
[
0,
1
],
[
0,
2
],
[
0,
3
],
[
0,
4
],
[
0,
5
]
],
"opt_parameters": {
"layers": [],
"orient_devi": 0.18726646259971647,
"clamp_t_bnd": 0.05,
"bar_collision_distance": 0.02,
"pos_devi": 0.05,
"debug_mode": false,
"adjustopt_trust_region_start": 0.010000000000000004,
"bar_available_lengths": [
1.0
],
"clamp_collision_dist": 0.024,
"time_out": 200,
"contactopt_trust_region_start": 0.010000000000000004,
"clamp_gap": 0.016,
"opt_tol": 0.001,
"trust_region_lobnd": 1e-06,
"trust_region_upbnd": 1.0,
"contact_ignore_para_tol": 1e-06,
"line_para_tol": 0.0001,
"bigM": 1,
"pos_tol": 1e-06,
"duplicate_vertices_tol": 0.001,
"bar_contact_distance_tol": 1e-05,
"bar_contact_distance": 0.018000000000000002,
"fixed_contact_pairs": [
[
0,
2
],
[
0,
4
],
[
1,
4
],
[
2,
3
]
],
"clamp_extension_length": 0.03,
"radius": 0.005105403661403703
}
}