{
"line_pt_pairs": [
[
[
-0.10000000026629438,
0.0,
0.0
],
[
0.8999999997337056,
0.0,
0.0
]
],
[
[
-0.010579998350881515,
-0.1008200956306865,
0.02180212728769957
],
[
0.2683463093988949,
0.8590238971608549,
-0.008191611176659553
]
],
[
[
0.06850249191964514,
-0.07751400750486867,
-0.020982080364909145
],
[
-0.7615660212484817,
0.48005774835141785,
-0.010982054455312562
]
],
[
[
0.08105773064656915,
0.05859923326230347,
-0.010176406206808227
],
[
-0.7352624908192227,
-0.5189981998563332,
-0.008594862403193676
]
],
[
[
-0.04523926078615333,
0.09131848147456477,
0.0089896723226092
],
[
0.2336866821445339,
-0.8689420655772195,
0.01898967912436199
]
]
],
"contact_id_pairs": [
[
0,
3
],
[
0,
4
],
[
1,
4
],
[
2,
3
]
],
"coupler_pt_pairs": [
[
[
-0.0017995049089063954,
0.0,
0.0
],
[
-0.0017995049089063974,
-2.742489669010483e-05,
-0.010015878090474061
]
],
[
[
-0.018744136899589,
0.0,
0.0
],
[
-0.018744136899589,
0.00010350917692003234,
0.009939571124761019
]
],
[
[
0.00020815336905332638,
-0.06369580030967087,
0.020642046677835292
],
[
-0.00015169498618114162,
-0.06390483746595266,
0.010606144279060526
]
],
[
[
-0.0238297688218433,
-0.015492788861938726,
-0.019869732426083645
],
[
-0.023759269997400554,
-0.015565327319623038,
-0.009973333106910898
]
]
],
"half_couplers": [
{
"pose": [
[
-2.220446049250313e-15,
-2.0539125955565396e-15,
1.0,
-0.0017995049089064158
],
[
0.9999962513102121,
0.0027381317578867304,
2.0539125955565396e-15,
0.0
],
[
-0.0027381317578868414,
0.9999962513102121,
1.9984014443252818e-15,
0.0
],
[
0.0,
0.0,
0.0,
1.0
]
],
"at_element": 0,
"to_element": 3
},
{
"pose": [
[
-0.5775995983603535,
3.1086244689504383e-15,
-0.8163202214657915,
-0.0017995049089063742
],
[
0.8163171613345135,
-0.002738131757890949,
-0.5775974331186373,
-2.742489669010223e-05
],
[
-0.0022351923230057302,
-0.9999962513102121,
0.0015815438036126395,
-0.010015878090474061
],
[
0.0,
0.0,
0.0,
1.0
]
],
"at_element": 3,
"to_element": 0
},
{
"pose": [
[
0.0,
0.0,
1.0,
-0.018744136899588995
],
[
-0.9999457803011416,
-0.010413282764865972,
0.0,
0.0
],
[
0.010413282764865972,
-0.9999457803011416,
0.0,
0.0
],
[
0.0,
0.0,
0.0,
1.0
]
],
"at_element": 0,
"to_element": 4
},
{
"pose": [
[
0.9603126149125747,
0.0,
0.2789259429306872,
-0.018744136899588995
],
[
0.2789108196500577,
0.010413282764866083,
-0.9602605470517842,
0.0001035091769200358
],
[
-0.00290453471419419,
0.9999457803011416,
0.010000006801752614,
0.009939571124761019
],
[
0.0,
0.0,
0.0,
1.0
]
],
"at_element": 4,
"to_element": 0
},
{
"pose": [
[
-0.9596440285803807,
0.035825315840811806,
0.27892630774977695,
0.00020815336905335644
],
[
0.27976134417761434,
0.020811050091870675,
0.959843992791541,
-0.06369580030967076
],
[
0.028581964837141705,
0.9991413548337289,
-0.029993738464363817,
0.020642046677835292
],
[
0.0,
0.0,
0.0,
1.0
]
],
"at_element": 1,
"to_element": 4
},
{
"pose": [
[
-0.9596441346171676,
-0.03582531584081304,
0.27892594293068784,
-0.00015169498618113064
],
[
-0.2783281911159596,
-0.02081105009187123,
-0.9602605470517841,
-0.06390483746595264
],
[
0.040206379157855035,
-0.999141354833729,
0.010000006801756833,
0.010606144279060524
],
[
0.0,
0.0,
0.0,
1.0
]
],
"at_element": 4,
"to_element": 1
},
{
"pose": [
[
0.557615926843892,
-0.007123312212873711,
-0.8300685131681271,
-0.02382976882184329
],
[
0.8300963901665068,
0.00732939996673565,
0.5575717558562865,
-0.015492788861938722
],
[
0.0021121464347583774,
-0.9999477677955213,
0.010000025909596255,
-0.019869732426083645
],
[
0.0,
0.0,
0.0,
1.0
]
],
"at_element": 2,
"to_element": 3
},
{
"pose": [
[
0.5775556721643016,
0.007123312212873212,
-0.8163202214657921,
-0.023759269997400537
],
[
-0.8162888490913557,
-0.00732939996673676,
-0.5775974331186363,
-0.015565327319623026
],
[
-0.01009754425351611,
0.9999477677955212,
0.001581543803615082,
-0.0099733331069109
],
[
0.0,
0.0,
0.0,
1.0
]
],
"at_element": 3,
"to_element": 2
}
],
"nstatus": true,
"opt_line_pos": [
[
3.700743415417188e-17,
0.0,
0.0
],
[
0.010000000000000042,
-0.030000000000000013,
0.0195891015852727
],
[
-0.009999999999999967,
-0.02478249008870944,
-0.020036342825524436
],
[
-0.009999999999999967,
-0.005829786262200069,
-0.009999990400990389
],
[
-0.009999999999999967,
-0.030000000000000013,
0.010253064475550109
]
],
"opt_line_orient": [
[
1.0,
0.0,
0.0
],
[
0.27892630774977645,
0.9598439927915414,
-0.029993738464359123
],
[
-0.8300685131681268,
0.5575717558562865,
0.010000025909596581
],
[
-0.8163202214657919,
-0.5775974331186366,
0.0015815438036145513
],
[
0.2789259429306872,
-0.9602605470517842,
0.010000006801752788
]
],
"opt_edge_ids": [
[
0,
1
],
[
0,
2
],
[
0,
3
],
[
0,
4
],
[
0,
5
]
],
"opt_parameters": {
"layers": [],
"orient_devi": 0.18726646259971647,
"clamp_t_bnd": 0.05,
"bar_collision_distance": 0.02,
"pos_devi": 0.05,
"debug_mode": false,
"adjustopt_trust_region_start": 0.010000000000000004,
"bar_available_lengths": [
1.0
],
"clamp_collision_dist": 0.024,
"time_out": 200,
"contactopt_trust_region_start": 0.010000000000000004,
"clamp_gap": 0.016,
"opt_tol": 0.001,
"trust_region_lobnd": 1e-06,
"trust_region_upbnd": 1.0,
"contact_ignore_para_tol": 1e-06,
"line_para_tol": 0.0001,
"bigM": 1,
"pos_tol": 1e-06,
"duplicate_vertices_tol": 0.001,
"bar_contact_distance_tol": 1e-05,
"bar_contact_distance": 0.018000000000000002,
"fixed_contact_pairs": [
[
0,
2
],
[
0,
4
],
[
1,
4
],
[
2,
3
]
],
"clamp_extension_length": 0.03,
"radius": 0.005022059860694399
}
}