{
"line_pt_pairs": [
[
[
-0.10000000039562958,
0.0,
0.0
],
[
0.8999999996043705,
0.0,
0.0
]
],
[
[
-0.023407736382736338,
-0.09753563897179292,
0.0024712564065231066
],
[
0.26554756373772853,
0.8595980822388607,
-0.017525599689840344
]
],
[
[
0.0755197014761007,
-0.06685256396893585,
-0.00036039542173614797
],
[
-0.7477566586978758,
0.5007881981131157,
-0.00035913188839280377
]
],
[
[
0.08982559032574425,
0.04610405395665495,
-0.0007083051580313181
],
[
-0.7334507698482324,
-0.5215367081253965,
-0.0007070416246879738
]
],
[
[
-0.03446141689628593,
0.09416041561942508,
0.0016814473725970214
],
[
0.2545079293632239,
-0.8631090074440987,
-0.009806310893489382
]
]
],
"contact_id_pairs": [
[
0,
1
],
[
0,
2
],
[
0,
3
],
[
0,
4
],
[
1,
4
]
],
"coupler_pt_pairs": [
[
[
0.006040662614496494,
0.0,
0.0
],
[
0.006040662614496494,
9.052903271598856e-06,
0.000433310064059557
]
],
[
[
-0.02143974870669317,
0.0,
0.0
],
[
-0.021439748706693174,
8.018867479753222e-10,
-0.0003602466120481929
]
],
[
[
0.022958688644292513,
0.0,
0.0
],
[
0.022958688644292517,
-1.5764151789499081e-09,
-0.0007082025332458537
]
],
[
[
-0.0060353696423516975,
0.0,
0.0
],
[
-0.0060353696423516975,
-6.6169983281468e-06,
0.000551391318069061
]
],
[
[
1.5024537881229976e-05,
-0.01995023281509031,
0.0008503081861103034
],
[
-1.4300842709898039e-05,
-0.01995262556521158,
0.00031202827223359396
]
]
],
"half_couplers": [
{
"pose": [
[
-2.220446049250313e-16,
-5.551115123125783e-17,
1.0000000000000002,
0.0060406626144964976
],
[
-0.99978182445699,
-0.020887878912243973,
0.0,
0.0
],
[
0.020887878912243807,
-0.99978182445699,
-2.220446049250313e-16,
0.0
],
[
0.0,
0.0,
0.0,
1.0
]
],
"at_element": 0,
"to_element": 1
},
{
"pose": [
[
-0.9573425899500609,
-3.497202527569243e-15,
0.2889553001204682,
0.0060406626144964976
],
[
0.2888922571409589,
0.02088787891221977,
0.9571337212106524,
9.052903271619672e-06
],
[
-0.006035663319963885,
0.9997818244569906,
-0.019996856096387017,
0.0004333100640595566
],
[
0.0,
0.0,
0.0,
1.0
]
],
"at_element": 1,
"to_element": 0
},
{
"pose": [
[
-7.704947790898586e-14,
7.704947790898586e-14,
1.0,
-0.0214397487066932
],
[
0.9999999999975226,
-2.2259383753997497e-06,
7.704947790898586e-14,
0.0
],
[
2.2259383753442386e-06,
0.9999999999975226,
-7.704947790898586e-14,
0.0
],
[
0.0,
0.0,
0.0,
1.0
]
],
"at_element": 0,
"to_element": 2
},
{
"pose": [
[
0.5676407620834185,
-1.0602629885170245e-13,
-0.8232763601740035,
-0.021439748706693254
],
[
0.8232763601719639,
2.2259383610778727e-06,
0.5676407620820122,
8.018867861392387e-10
],
[
1.8325623716286543e-06,
-0.9999999999975225,
1.2635334349919702e-06,
-0.0003602466120481929
],
[
0.0,
0.0,
0.0,
1.0
]
],
"at_element": 2,
"to_element": 0
},
{
"pose": [
[
2.9531932455029164e-14,
2.942091015256665e-14,
1.0,
0.022958688644292582
],
[
0.9999999999975225,
2.225938370403746e-06,
-2.942091015256665e-14,
0.0
],
[
-2.225938370348235e-06,
0.9999999999975225,
-2.930988785010413e-14,
0.0
],
[
0.0,
0.0,
0.0,
1.0
]
],
"at_element": 0,
"to_element": 3
},
{
"pose": [
[
-0.5676407620834487,
-4.796163466380676e-14,
-0.8232763601739826,
0.02295868864429254
],
[
0.8232763601719431,
-2.2259383203326877e-06,
-0.5676407620820425,
-1.5764151720110142e-09
],
[
-1.8325623711845651e-06,
-0.9999999999975224,
1.2635333642707636e-06,
-0.0007082025332458538
],
[
0.0,
0.0,
0.0,
1.0
]
],
"at_element": 3,
"to_element": 0
},
{
"pose": [
[
-9.325873406851315e-15,
9.381384558082573e-15,
0.9999999999999999,
-0.0060353696423516845
],
[
-0.9999280011927458,
0.011999684607515437,
-9.43689570931383e-15,
0.0
],
[
-0.011999684607515326,
-0.9999280011927458,
9.43689570931383e-15,
0.0
],
[
0.0,
0.0,
0.0,
1.0
]
],
"at_element": 0,
"to_element": 4
},
{
"pose": [
[
0.9573383502828825,
-1.8207657603852567e-14,
0.2889693462595105,
-0.006035369642351695
],
[
0.28894854081124655,
-0.011999684607529204,
-0.9572694230635235,
-6.616998328143331e-06
],
[
0.003467541016375475,
0.9999280011927458,
-0.011487758266081727,
0.0005513913180690611
],
[
0.0,
0.0,
0.0,
1.0
]
],
"at_element": 4,
"to_element": 0
},
{
"pose": [
[
-0.9557958086125913,
0.05439859162597872,
0.2889553001204733,
1.5024537881238448e-05
],
[
0.2896123943731671,
0.004438552342335256,
0.9571337212106495,
-0.01995023281509027
],
[
0.05078418320741157,
0.9985094353496186,
-0.01999685609643942,
0.0008503081861103027
],
[
0.0,
0.0,
0.0,
1.0
]
],
"at_element": 1,
"to_element": 4
},
{
"pose": [
[
-0.955791562084257,
-0.05439859162600563,
0.288969346259501,
-1.4300842709882855e-05
],
[
-0.28916353663753314,
-0.004438552342331592,
-0.9572694230635275,
-0.01995262556521163
],
[
0.05335671398999693,
-0.9985094353496173,
-0.01148775826600712,
0.0003120282722335933
],
[
0.0,
0.0,
0.0,
1.0
]
],
"at_element": 4,
"to_element": 1
}
],
"nstatus": true,
"opt_line_pos": [
[
3.700743415417188e-17,
0.0,
0.0
],
[
3.642919299551295e-17,
-0.020000000000000007,
0.0008513479438922167
],
[
3.642919299551295e-17,
-0.014782490088709438,
-0.00036027951696162696
],
[
3.642919299551295e-17,
-0.015829786262200073,
-0.0007081672971209936
],
[
3.642919299551295e-17,
-0.020000000000000007,
0.00031145975302496794
]
],
"opt_line_orient": [
[
1.0,
0.0,
0.0
],
[
0.2889553001204649,
0.9571337212106537,
-0.019996856096363452
],
[
-0.8232763601739764,
0.5676407620820516,
1.2635333433442462e-06
],
[
-0.8232763601739767,
-0.5676407620820514,
1.2635333433442462e-06
],
[
0.2889693462595098,
-0.9572694230635237,
-0.011487758266086402
]
],
"opt_edge_ids": [
[
0,
1
],
[
0,
2
],
[
0,
3
],
[
0,
4
],
[
0,
5
]
],
"opt_parameters": {
"layers": [],
"orient_devi": 0.18726646259971647,
"clamp_t_bnd": 0.05,
"bar_collision_distance": 0.02,
"pos_devi": 0.05,
"debug_mode": false,
"adjustopt_trust_region_start": 0.010000000000000004,
"bar_available_lengths": [
1.0
],
"clamp_collision_dist": 0.024,
"time_out": 200,
"contactopt_trust_region_start": 0.010000000000000004,
"clamp_gap": 0.016,
"opt_tol": 0.001,
"trust_region_lobnd": 1e-06,
"trust_region_upbnd": 1.0,
"contact_ignore_para_tol": 1e-06,
"line_para_tol": 0.0001,
"bigM": 1,
"pos_tol": 1e-06,
"duplicate_vertices_tol": 0.001,
"bar_contact_distance_tol": 1e-05,
"bar_contact_distance": 0.018000000000000002,
"fixed_contact_pairs": [
[
0,
2
],
[
0,
4
],
[
1,
4
],
[
2,
3
]
],
"clamp_extension_length": 0.03,
"radius": 0.00026809610207845463
}
}