{
"line_pt_pairs": [
[
[
-0.10000000028000712,
0.0,
0.0
],
[
0.8999999997199929,
0.0,
0.0
]
],
[
[
0.010876350262577642,
-0.10683046966841826,
0.059508942196003944
],
[
0.2593839922534454,
0.8485186186420786,
-0.10034121056101135
]
],
[
[
0.05741064380734057,
-0.10149059167232934,
-0.011548438125120075
],
[
-0.6890584460860637,
0.5444535866464866,
-0.1713608792232476
]
],
[
[
0.12898151682161932,
0.02767585643161337,
-0.0347008200183664
],
[
-0.5931152239162273,
-0.6498279918121801,
-0.1745751658814652
]
],
[
[
-0.041068617811071656,
0.09232581751051068,
0.04935971744829253
],
[
0.1874589913977372,
-0.8711092167123361,
-0.0905261884226284
]
]
],
"contact_id_pairs": [
[
0,
2
],
[
0,
4
],
[
1,
4
],
[
2,
3
]
],
"coupler_pt_pairs": [
[
[
-0.049997946729378566,
0.0,
0.0
],
[
-0.049997946729378566,
-0.00854641662479906,
-0.03454366898060469
]
],
[
[
-0.01795613614930356,
0.0,
0.0
],
[
-0.017956136149303564,
-0.005112626088811523,
0.03521214707211387
]
],
[
[
0.018331600904307337,
-0.07816991481930644,
0.054713423859525094
],
[
-0.0005992934074021047,
-0.07828623709773386,
0.024587707957663033
]
],
[
[
0.01910290947249754,
-0.06834165313863974,
-0.019749785802977773
],
[
0.02622429808309145,
-0.06873561754768337,
-0.054605491986662986
]
]
],
"half_couplers": [
{
"pose": [
[
-1.1102230246251565e-15,
-1.0547118733938987e-15,
1.0000000000000002,
-0.04999794672937863
],
[
0.9707314023376932,
0.24016774245409334,
1.1102230246251565e-15,
0.0
],
[
-0.2401677424540936,
0.9707314023376932,
6.661338147750939e-16,
0.0
],
[
0.0,
0.0,
0.0,
1.0
]
],
"at_element": 0,
"to_element": 2
},
{
"pose": [
[
0.6654200912459084,
1.942890293094024e-15,
-0.7464690898934041,
-0.049997946729378545
],
[
0.7246209864339659,
-0.240167742454094,
0.645944178318816,
-0.00854641662479906
],
[
-0.17927779613145972,
-0.970731402337693,
-0.15981244109812853,
-0.03454366898060468
],
[
0.0,
0.0,
0.0,
1.0
]
],
"at_element": 2,
"to_element": 0
},
{
"pose": [
[
1.1102230246251565e-16,
0.0,
0.9999999999999999,
-0.017956136149303567
],
[
-0.9896229999896841,
0.14368826636652599,
5.551115123125783e-17,
0.0
],
[
-0.14368826636652587,
-0.9896229999896842,
0.0,
0.0
],
[
0.0,
0.0,
0.0,
1.0
]
],
"at_element": 0,
"to_element": 4
},
{
"pose": [
[
0.9735374321664811,
1.8041124150158794e-16,
0.22852760920880882,
-0.01795613614930356
],
[
0.22615617820569156,
-0.14368826636652599,
-0.9634350342228468,
-0.005112626088811523
],
[
0.032836735984100515,
0.9896229999896842,
-0.1398859058709212,
0.03521214707211387
],
[
0.0,
0.0,
0.0,
1.0
]
],
"at_element": 4,
"to_element": 0
},
{
"pose": [
[
-0.8094154786591163,
0.5320625290124956,
0.24850764199086756,
0.018331600904307372
],
[
0.2954613869156036,
0.0032692975102782684,
0.9553490883104968,
-0.0781699148193063
],
[
0.507493006601019,
0.846698752163139,
-0.15985015275701664,
0.054713423859525066
],
[
0.0,
0.0,
0.0,
1.0
]
],
"at_element": 1,
"to_element": 4
},
{
"pose": [
[
-0.815281912622948,
-0.5320625290124963,
0.22852760920880907,
-0.0005992934074021128
],
[
-0.2679220904028097,
-0.0032692975102788235,
-0.9634350342228468,
-0.0782862370977338
],
[
0.5133548055916651,
-0.8466987521631384,
-0.13988590587091987,
0.02458770795766304
],
[
0.0,
0.0,
0.0,
1.0
]
],
"at_element": 4,
"to_element": 1
},
{
"pose": [
[
-0.6346011738293011,
-0.20016305355431036,
-0.7464690898934043,
0.019102909472497542
],
[
-0.7633043305262852,
0.011073278459847069,
0.6459441783188159,
-0.06834165313863974
],
[
-0.12102829906386586,
0.9797000227089744,
-0.15981244109812742,
-0.01974978580297777
],
[
0.0,
0.0,
0.0,
1.0
]
],
"at_element": 2,
"to_element": 3
},
{
"pose": [
[
-0.6622016679287313,
0.2001630535543103,
-0.7220967407378467,
0.026224298083091457
],
[
0.7354358694808144,
-0.011073278459847069,
-0.6775038482437936,
-0.06873561754768336
],
[
-0.14360721734441195,
-0.9797000227089745,
-0.1398743458630991,
-0.05460549198666299
],
[
0.0,
0.0,
0.0,
1.0
]
],
"at_element": 3,
"to_element": 2
}
],
"nstatus": true,
"opt_line_pos": [
[
3.700743415417188e-17,
0.0,
0.0
],
[
0.025659225112553058,
-0.05,
0.05
],
[
-0.012670726956520016,
-0.04084688375941014,
-0.02655224081288422
],
[
0.05000000000000005,
-0.04642817778975922,
-0.05
],
[
-0.0073088128953174725,
-0.05,
0.028694726863497128
]
],
"opt_line_orient": [
[
1.0,
0.0,
0.0
],
[
0.24850764199086775,
0.9553490883104969,
-0.1598501527570153
],
[
-0.7464690898934043,
0.6459441783188159,
-0.15981244109812756
],
[
-0.7220967407378466,
-0.6775038482437935,
-0.1398743458630988
],
[
0.22852760920880885,
-0.9634350342228467,
-0.13988590587092092
]
],
"opt_edge_ids": [
[
0,
1
],
[
0,
2
],
[
0,
3
],
[
0,
4
],
[
0,
5
]
],
"opt_parameters": {
"layers": [],
"orient_devi": 0.18726646259971647,
"clamp_t_bnd": 0.05,
"bar_collision_distance": 0.02,
"pos_devi": 0.05,
"debug_mode": false,
"adjustopt_trust_region_start": 0.010000000000000004,
"bar_available_lengths": [
1.0
],
"clamp_collision_dist": 0.024,
"time_out": 200,
"contactopt_trust_region_start": 0.010000000000000004,
"clamp_gap": 0.016,
"opt_tol": 0.001,
"trust_region_lobnd": 1e-06,
"trust_region_upbnd": 1.0,
"contact_ignore_para_tol": 1e-06,
"line_para_tol": 0.0001,
"bigM": 1,
"pos_tol": 1e-06,
"duplicate_vertices_tol": 0.001,
"bar_contact_distance_tol": 1e-05,
"bar_contact_distance": 0.018000000000000002,
"fixed_contact_pairs": [
[
0,
2
],
[
0,
4
],
[
1,
4
],
[
2,
3
]
],
"clamp_extension_length": 0.03,
"radius": 0.017791315067520252
}
}