{
"line_pt_pairs": [
[
[
-0.10000000028009189,
0.0,
0.0
],
[
0.8999999997199081,
0.0,
0.0
]
],
[
[
0.007375074023441783,
-0.10797112864333401,
0.05991337810678768
],
[
0.2698297829158921,
0.8423960096903035,
-0.10717889626791827
]
],
[
[
0.06000722979710192,
-0.10035596112541811,
-0.009549583469145535
],
[
-0.6996938813760375,
0.5263055190201988,
-0.18318601681192606
]
],
[
[
0.12122462886068473,
0.035640024823952655,
-0.03580824165628078
],
[
-0.6047891913510689,
-0.6371093293770388,
-0.178329255137396
]
],
[
[
-0.04322708240349781,
0.09232969669691704,
0.05006988130791823
],
[
0.1758983464188043,
-0.8728350303383171,
-0.09290248011359792
]
]
],
"contact_id_pairs": [
[
0,
2
],
[
0,
4
],
[
1,
4
],
[
2,
3
]
],
"coupler_pt_pairs": [
[
[
-0.05000066790284722,
0.0,
0.0
],
[
-0.05000066790284722,
-0.009612758323064304,
-0.03469286510349784
]
],
[
[
-0.02106742748861081,
0.0,
0.0
],
[
-0.021067427488610815,
-0.005275211150022482,
0.035611412436938675
]
],
[
[
0.015248717498768667,
-0.07946010649599627,
0.05490060846946693
],
[
-0.004238460186562009,
-0.0794004540287881,
0.0246310474086033
]
],
[
[
0.010405560462344997,
-0.05944058655789539,
-0.020886485343404204
],
[
0.017916542211326675,
-0.06008879829517856,
-0.05608825947435346
]
]
],
"half_couplers": [
{
"pose": [
[
-4.440892098500626e-16,
-4.996003610813204e-16,
1.0,
-0.05000066790284724
],
[
0.9636906929816091,
0.2670210633276451,
4.996003610813204e-16,
0.0
],
[
-0.2670210633276452,
0.9636906929816091,
2.220446049250313e-16,
0.0
],
[
0.0,
0.0,
0.0,
1.0
]
],
"at_element": 0,
"to_element": 2
},
{
"pose": [
[
0.6502724211300195,
8.326672684688674e-16,
-0.7597011111731393,
-0.050000667902847205
],
[
0.7321168902853412,
-0.2670210633276453,
0.626661480145617,
-0.009612758323064297
],
[
-0.20285619851664471,
-0.9636906929816089,
-0.17363643334278067,
-0.03469286510349784
],
[
0.0,
0.0,
0.0,
1.0
]
],
"at_element": 2,
"to_element": 0
},
{
"pose": [
[
-2.220446049250313e-16,
2.220446049250313e-16,
1.0,
-0.02106742748861079
],
[
-0.9892056917239599,
0.14653361205171334,
-2.220446049250313e-16,
0.0
],
[
-0.14653361205171328,
-0.9892056917239599,
2.220446049250313e-16,
0.0
],
[
0.0,
0.0,
0.0,
1.0
]
],
"at_element": 0,
"to_element": 4
},
{
"pose": [
[
0.9756966979771133,
-4.85722573273506e-16,
0.21912542882230204,
-0.021067427488610808
],
[
0.21676012139247453,
-0.14653361205171334,
-0.9651647270352337,
-0.005275211150022482
],
[
0.032109240577713055,
0.9892056917239596,
-0.14297236142151593,
0.035611412436938675
],
[
0.0,
0.0,
0.0,
1.0
]
],
"at_element": 4,
"to_element": 0
},
{
"pose": [
[
-0.7988119135124869,
0.54131049556673,
0.26245470889245004,
0.015248717498768697
],
[
0.3111262712846348,
-0.0016570129911896991,
0.9503671383336375,
-0.07946010649599616
],
[
0.51487859748395,
0.8408211472704813,
-0.16709227437470742,
0.054900608469466906
],
[
0.0,
0.0,
0.0,
1.0
]
],
"at_element": 1,
"to_element": 4
},
{
"pose": [
[
-0.8117678201510221,
-0.5413104955667308,
0.21912542882230227,
-0.004238460186562015
],
[
-0.26163773427193027,
0.001657012991189477,
-0.965164727035234,
-0.07940045402878806
],
[
0.5220907030127125,
-0.8408211472704806,
-0.14297236142151504,
0.024631047408603307
],
[
0.0,
0.0,
0.0,
1.0
]
],
"at_element": 4,
"to_element": 1
},
{
"pose": [
[
-0.6158930465838952,
-0.2086383877715351,
-0.7597011111731395,
0.010405560462345018
],
[
-0.7790835497632014,
0.018005882096528758,
0.626661480145617,
-0.059440586557895386
],
[
-0.11706655225971979,
0.977827086635475,
-0.17363643334278045,
-0.020886485343404204
],
[
0.0,
0.0,
0.0,
1.0
]
],
"at_element": 2,
"to_element": 3
},
{
"pose": [
[
-0.6552663244892338,
0.20863838777153498,
-0.7260138202117536,
0.0179165422113267
],
[
0.7396513331510156,
-0.018005882096528758,
-0.6727493542009915,
-0.06008879829517855
],
[
-0.15343385988201963,
-0.9778270866354748,
-0.14252101348111523,
-0.05608825947435346
],
[
0.0,
0.0,
0.0,
1.0
]
],
"at_element": 3,
"to_element": 2
}
],
"nstatus": true,
"opt_line_pos": [
[
3.700743415417188e-17,
0.0,
0.0
],
[
0.024786849636839477,
-0.04492185270219219,
0.0488281390557449
],
[
-0.012819886840092937,
-0.040282403201924534,
-0.026194867512489835
],
[
0.048930639090461324,
-0.031350070373333684,
-0.05
],
[
-0.012474379073504556,
-0.04312434291232587,
0.030004722102913363
]
],
"opt_line_orient": [
[
1.0,
0.0,
0.0
],
[
0.2624547088924503,
0.9503671383336375,
-0.16709227437470595
],
[
-0.7597011111731394,
0.626661480145617,
-0.17363643334278053
],
[
-0.7260138202117538,
-0.6727493542009915,
-0.14252101348111523
],
[
0.2191254288223021,
-0.965164727035234,
-0.14297236142151615
]
],
"opt_edge_ids": [
[
0,
1
],
[
0,
2
],
[
0,
3
],
[
0,
4
],
[
0,
5
]
],
"opt_parameters": {
"layers": [],
"orient_devi": 0.18726646259971647,
"clamp_t_bnd": 0.05,
"bar_collision_distance": 0.02,
"pos_devi": 0.05,
"debug_mode": false,
"adjustopt_trust_region_start": 0.010000000000000004,
"bar_available_lengths": [
1.0
],
"clamp_collision_dist": 0.024,
"time_out": 200,
"contactopt_trust_region_start": 0.010000000000000004,
"clamp_gap": 0.016,
"opt_tol": 0.001,
"trust_region_lobnd": 1e-06,
"trust_region_upbnd": 1.0,
"contact_ignore_para_tol": 1e-06,
"line_para_tol": 0.0001,
"bigM": 1,
"pos_tol": 1e-06,
"duplicate_vertices_tol": 0.001,
"bar_contact_distance_tol": 1e-05,
"bar_contact_distance": 0.018000000000000002,
"fixed_contact_pairs": [
[
0,
2
],
[
0,
4
],
[
1,
4
],
[
2,
3
]
],
"clamp_extension_length": 0.03,
"radius": 0.018000000000000002
}
}