{
"line_pt_pairs": [
[
[
-0.10000000028001493,
0.0,
0.0
],
[
0.8999999997199851,
0.0,
0.0
]
],
[
[
0.004186511691161667,
-0.10442548395595783,
0.06030525980952886
],
[
0.26765933060903896,
0.8460554339663577,
-0.10452222077856861
]
],
[
[
0.05948820947230148,
-0.10093684272175873,
-0.009468740015771651
],
[
-0.6965966788878969,
0.5299128298509216,
-0.18372238333001709
]
],
[
[
0.12092464436008286,
0.03621944651034575,
-0.03542528358360361
],
[
-0.6050297995385835,
-0.6360962524135287,
-0.18027605632672866
]
],
[
[
-0.04598048894478332,
0.09145095124968634,
0.0501741694852188
],
[
0.17751957672974258,
-0.8724272608072041,
-0.09469305581262008
]
]
],
"contact_id_pairs": [
[
0,
2
],
[
0,
4
],
[
1,
4
],
[
2,
3
]
],
"coupler_pt_pairs": [
[
[
-0.04999819699282921,
0.0,
0.0
],
[
-0.04999819699282921,
-0.009585375799194829,
-0.03470189242186026
]
],
[
[
-0.02353369993979271,
0.0,
0.0
],
[
-0.02353369993979271,
-0.005354259018377779,
0.035624714968572266
]
],
[
[
0.012090854758829959,
-0.07591048462742377,
0.055360336234874095
],
[
-0.00719346392192113,
-0.07582402568247237,
0.025033377353181716
]
],
[
[
0.009556594733845269,
-0.05927572332404628,
-0.02097639731548246
],
[
0.017143576341582045,
-0.05989352843779579,
-0.05613287484491565
]
]
],
"half_couplers": [
{
"pose": [
[
0.0,
1.1102230246251565e-16,
1.0,
-0.0499981969928292
],
[
0.9639039840564332,
0.2662500883007093,
-1.1102230246251565e-16,
0.0
],
[
-0.26625008830070923,
0.9639039840564332,
0.0,
0.0
],
[
0.0,
0.0,
0.0,
1.0
]
],
"at_element": 0,
"to_element": 2
},
{
"pose": [
[
0.654473560652641,
-1.6653345369377348e-16,
-0.7560848883601985,
-0.04999819699282921
],
[
0.7287932361752587,
-0.2662500883007095,
0.6308496725726803,
-0.009585375799194829
],
[
-0.20130766828873503,
-0.9639039840564331,
-0.17425364331424542,
-0.03470189242186026
],
[
0.0,
0.0,
0.0,
1.0
]
],
"at_element": 2,
"to_element": 0
},
{
"pose": [
[
2.220446049250313e-16,
-5.551115123125783e-17,
0.9999999999999999,
-0.023533699939792707
],
[
-0.9888933427568898,
0.14862690419673097,
5.551115123125783e-17,
0.0
],
[
-0.14862690419673086,
-0.9888933427568898,
0.0,
0.0
],
[
0.0,
0.0,
0.0,
1.0
]
],
"at_element": 0,
"to_element": 4
},
{
"pose": [
[
0.9747039143470609,
8.326672684688674e-17,
0.2235000656745259,
-0.023533699939792704
],
[
0.22101772705126635,
-0.14862690419673075,
-0.9638782120568904,
-0.0053542590183777855
],
[
0.0332181228489707,
0.9888933427568899,
-0.14486722529783913,
0.035624714968572266
],
[
0.0,
0.0,
0.0,
1.0
]
],
"at_element": 4,
"to_element": 0
},
{
"pose": [
[
-0.8016608036358654,
0.5365836650564061,
0.26347281891787716,
0.012090854758829987
],
[
0.31077361089725997,
-0.0024057089247970787,
0.9504809179223155,
-0.07591048462742365
],
[
0.5106463734168454,
0.8438436958105473,
-0.16482748058809804,
0.055360336234874075
],
[
0.0,
0.0,
0.0,
1.0
]
],
"at_element": 1,
"to_element": 4
},
{
"pose": [
[
-0.8137110611501583,
-0.5365836650564064,
0.2235000656745259,
-0.007193463921921144
],
[
-0.26633250812955833,
0.0024057089247971897,
-0.9638782120568904,
-0.0758240256824723
],
[
0.5166636275908165,
-0.8438436958105472,
-0.14486722529783846,
0.025033377353181733
],
[
0.0,
0.0,
0.0,
1.0
]
],
"at_element": 4,
"to_element": 1
},
{
"pose": [
[
-0.6195554541573207,
-0.2109186592439431,
-0.7560848883601986,
0.009556594733845257
],
[
-0.7757149663418788,
0.0171750286218193,
0.6308496725726802,
-0.05927572332404626
],
[
-0.12007218752539861,
0.9773527191216984,
-0.17425364331424587,
-0.020976397315482464
],
[
0.0,
0.0,
0.0,
1.0
]
],
"at_element": 2,
"to_element": 3
},
{
"pose": [
[
-0.6546017602836978,
0.2109186592439432,
-0.7259544438986663,
0.017143576341582048
],
[
0.740065280480271,
-0.017175028621819965,
-0.6723156989238744,
-0.05989352843779577
],
[
-0.1542722141577751,
-0.9773527191216983,
-0.1448507727431254,
-0.05613287484491565
],
[
0.0,
0.0,
0.0,
1.0
]
],
"at_element": 3,
"to_element": 2
}
],
"nstatus": true,
"opt_line_pos": [
[
3.700743415417188e-17,
0.0,
0.0
],
[
0.020659225112553057,
-0.045,
0.05
],
[
-0.012194767048400293,
-0.04112717986075929,
-0.025989397966537476
],
[
0.04787995187639725,
-0.03142817778975921,
-0.05
],
[
-0.014340810628394042,
-0.045,
0.029666111050523077
]
],
"opt_line_orient": [
[
1.0,
0.0,
0.0
],
[
0.2634728189178773,
0.9504809179223157,
-0.16482748058809749
],
[
-0.7560848883601984,
0.6308496725726803,
-0.17425364331424542
],
[
-0.7259544438986664,
-0.6723156989238744,
-0.14485077274312505
],
[
0.2235000656745259,
-0.9638782120568904,
-0.14486722529783888
]
],
"opt_edge_ids": [
[
0,
1
],
[
0,
2
],
[
0,
3
],
[
0,
4
],
[
0,
5
]
],
"opt_parameters": {
"layers": [],
"orient_devi": 0.18726646259971647,
"clamp_t_bnd": 0.05,
"bar_collision_distance": 0.02,
"pos_devi": 0.05,
"debug_mode": false,
"adjustopt_trust_region_start": 0.010000000000000004,
"bar_available_lengths": [
1.0
],
"clamp_collision_dist": 0.024,
"time_out": 200,
"contactopt_trust_region_start": 0.010000000000000004,
"clamp_gap": 0.016,
"opt_tol": 0.001,
"trust_region_lobnd": 1e-06,
"trust_region_upbnd": 1.0,
"contact_ignore_para_tol": 1e-06,
"line_para_tol": 0.0001,
"bigM": 1,
"pos_tol": 1e-06,
"duplicate_vertices_tol": 0.001,
"bar_contact_distance_tol": 1e-05,
"bar_contact_distance": 0.018000000000000002,
"fixed_contact_pairs": [
[
0,
2
],
[
0,
4
],
[
1,
4
],
[
2,
3
]
],
"clamp_extension_length": 0.03,
"radius": 0.018000000000000002
}
}