{
"line_pt_pairs": [
[
[
-0.1000000360255827,
0.0,
0.0
],
[
0.8999999639744173,
0.0,
0.0
]
],
[
[
-0.08254743194794555,
-0.08099677674945008,
0.05000335775426951
],
[
0.16534069756197603,
0.8745929920732269,
-0.10936937821237876
]
],
[
[
0.0893095768466363,
-0.06390110049445209,
-0.022833176202014936
],
[
-0.7886859146518237,
0.40364582421428746,
-0.12541870200257718
]
],
[
[
0.10379735077894074,
0.03149569040179385,
0.04513539686591904
],
[
-0.6562605268045086,
-0.5983784340336673,
-0.11477273329012894
]
],
[
[
-0.051398988567337475,
0.08869450142053963,
0.06834972612191775
],
[
0.1705834022779468,
-0.8835435859401378,
-0.005656487400075967
]
]
],
"contact_id_pairs": [
[
0,
1
],
[
0,
2
],
[
0,
3
],
[
1,
4
],
[
3,
4
]
],
"coupler_pt_pairs": [
[
[
-0.05999999757605772,
0.0,
0.0
],
[
-0.059999997576057715,
0.005921857239090316,
0.03550711579229859
]
],
[
[
-0.01620139663474128,
0.0,
0.0
],
[
-0.01620139663474131,
-0.007714785585191534,
-0.03516114234435052
]
],
[
[
0.05510349128094842,
0.0,
0.0
],
[
0.05510349128094843,
-0.008857818220730493,
0.03489072438497319
]
],
[
[
-0.05405108628865414,
0.028854454992421105,
0.03168242975440407
],
[
-0.03801263770892271,
0.030064985332504315,
0.06388688050548938
]
],
[
[
-0.01131060960061871,
-0.06389642103864886,
0.020917900734052593
],
[
-0.01571224020870694,
-0.06760625665400036,
0.05645220078723837
]
]
],
"half_couplers": [
{
"pose": [
[
-4.440892098500626e-16,
-1.1102230246251565e-16,
1.0000000000000002,
-0.05999999757605773
],
[
-0.9863758778956295,
-0.16450722630214942,
-1.1102230246251565e-16,
0.0
],
[
0.1645072263021492,
-0.9863758778956295,
-4.440892098500626e-16,
0.0
],
[
0.0,
0.0,
0.0,
1.0
]
],
"at_element": 0,
"to_element": 1
},
{
"pose": [
[
-0.9687886638726078,
1.8041124150158794e-16,
0.2478881295099216,
-0.05999999757605772
],
[
0.2445108713652544,
0.1645072263021492,
0.9555897688226772,
0.005921857239090306
],
[
-0.04077938861890498,
0.9863758778956294,
-0.15937273596664792,
0.035507115792298594
],
[
0.0,
0.0,
0.0,
1.0
]
],
"at_element": 1,
"to_element": 0
},
{
"pose": [
[
4.440892098500626e-16,
4.996003610813204e-16,
1.0,
-0.016201396634741322
],
[
0.976764781680264,
0.2143141648820861,
-5.551115123125783e-16,
0.0
],
[
-0.2143141648820861,
0.9767647816802641,
-4.440892098500626e-16,
0.0
],
[
0.0,
0.0,
0.0,
1.0
]
],
"at_element": 0,
"to_element": 2
},
{
"pose": [
[
0.47866890112934757,
-6.661338147750939e-16,
-0.8779954914984602,
-0.016201396634741363
],
[
0.8575950745697496,
-0.21431416488208632,
0.4675469247087392,
-0.007714785585191501
],
[
-0.18816687053072978,
-0.976764781680264,
-0.10258552580056146,
-0.03516114234435053
],
[
0.0,
0.0,
0.0,
1.0
]
],
"at_element": 2,
"to_element": 0
},
{
"pose": [
[
-4.440892098500626e-16,
6.661338147750939e-16,
1.0,
0.05510349128094841
],
[
-0.9692527568401258,
0.24606725372917038,
-6.661338147750939e-16,
0.0
],
[
-0.24606725372917038,
-0.9692527568401258,
5.551115123125783e-16,
0.0
],
[
0.0,
0.0,
0.0,
1.0
]
],
"at_element": 0,
"to_element": 3
},
{
"pose": [
[
0.6498553860077971,
-8.881784197001252e-16,
-0.7600578775834489,
0.05510349128094836
],
[
-0.7366881932058129,
-0.24606725372916993,
-0.6298741244354613,
-0.008857818220730541
],
[
-0.1870253546121804,
0.9692527568401259,
-0.15990813015604877,
0.03489072438497318
],
[
0.0,
0.0,
0.0,
1.0
]
],
"at_element": 3,
"to_element": 0
},
{
"pose": [
[
0.8602576033394485,
-0.4455427377308945,
0.24788812950992115,
-0.054051086288654154
],
[
-0.292775242683462,
-0.03362812800413906,
0.9555897688226771,
0.028854454992421036
],
[
-0.41742006799902187,
-0.8946288715787105,
-0.1593727359666497,
0.03168242975440408
],
[
0.0,
0.0,
0.0,
1.0
]
],
"at_element": 1,
"to_element": 4
},
{
"pose": [
[
0.8673035725799074,
0.44554273773089415,
0.22198239084528476,
-0.038012637708922714
],
[
0.23156478681394707,
0.03362812800413928,
-0.9722380873606773,
0.030064985332504353
],
[
-0.4406384714229346,
0.8946288715787103,
-0.07400621352199255,
0.0638868805054894
],
[
0.0,
0.0,
0.0,
1.0
]
],
"at_element": 4,
"to_element": 1
},
{
"pose": [
[
-0.6382481048043964,
0.12227583341338838,
-0.7600578775834493,
-0.01131060960061872
],
[
0.7698296150843338,
0.10305799874715105,
-0.6298741244354612,
-0.06389642103864887
],
[
0.0013116602848831649,
-0.987131029528144,
-0.15990813015604788,
0.02091790073405259
],
[
0.0,
0.0,
0.0,
1.0
]
],
"at_element": 3,
"to_element": 4
},
{
"pose": [
[
0.9673533163832503,
-0.12227583341338846,
0.22198239084528432,
-0.01571224020870693
],
[
0.21007653457605338,
-0.10305799874715116,
-0.9722380873606775,
-0.06760625665400039
],
[
0.14175828336588853,
0.9871310295281439,
-0.0740062135219941,
0.05645220078723837
],
[
0.0,
0.0,
0.0,
1.0
]
],
"at_element": 4,
"to_element": 3
}
],
"nstatus": true,
"opt_line_pos": [
[
3.700743415417188e-17,
0.0,
0.0
],
[
-0.05337202839473765,
0.03147217120637506,
0.031245848484267518
],
[
-0.06000000000000027,
0.015608685330377068,
-0.04027859772887313
],
[
0.009500016585877609,
-0.04665026737749712,
0.025296236146402473
],
[
-0.024693692198766135,
-0.028269308929065786,
0.05944650700757783
]
],
"opt_line_orient": [
[
1.0,
0.0,
0.0
],
[
0.24788812950992156,
0.955589768822677,
-0.15937273596664828
],
[
-0.87799549149846,
0.46754692470873954,
-0.10258552580056225
],
[
-0.7600578775834493,
-0.6298741244354611,
-0.15990813015604796
],
[
0.22198239084528426,
-0.9722380873606775,
-0.07400621352199373
]
],
"opt_edge_ids": [
[
0,
1
],
[
0,
2
],
[
0,
3
],
[
0,
4
],
[
0,
5
]
],
"opt_parameters": {
"layers": [],
"orient_devi": 0.17266462599716473,
"clamp_t_bnd": 0.0600000000000003,
"bar_collision_distance": 0.02,
"pos_devi": 0.0600000000000003,
"debug_mode": false,
"adjustopt_trust_region_start": 0.010000000000000004,
"bar_available_lengths": [
1.0
],
"clamp_collision_dist": 0.024,
"time_out": 200,
"contactopt_trust_region_start": 0.10000000000000003,
"clamp_gap": 0.016,
"opt_tol": 0.001,
"trust_region_lobnd": 1e-06,
"trust_region_upbnd": 1.0,
"contact_ignore_para_tol": 1e-06,
"line_para_tol": 0.0001,
"bigM": 1,
"pos_tol": 1e-06,
"duplicate_vertices_tol": 0.001,
"bar_contact_distance_tol": 1e-05,
"bar_contact_distance": 0.018000000000000002,
"fixed_contact_pairs": [
[
0,
1
],
[
0,
2
],
[
0,
3
],
[
1,
4
],
[
3,
4
]
],
"clamp_extension_length": 0.03,
"number_clamp_on_joint": [
5,
5.1
],
"radius": 0.01799877565353103,
"tr_size": 1.2207031250000004e-05
}
}