{
"line_pt_pairs": [
[
[
-0.10000000028007264,
0.0,
0.0
],
[
0.8999999997199273,
0.0,
0.0
]
],
[
[
0.007385087897301188,
-0.10823627619222867,
0.05987490608277303
],
[
0.26990355937384414,
0.8421262267195775,
-0.10714355155837207
]
],
[
[
0.06000776898476873,
-0.10035514586515712,
-0.009550525374690588
],
[
-0.6996961929154137,
0.5263037724300309,
-0.18318373185971418
]
],
[
[
0.12125753643940272,
0.03560514304312744,
-0.035800170144640805
],
[
-0.6047521707498689,
-0.6371464962794157,
-0.1783313486838618
]
],
[
[
-0.043273357823674995,
0.0923173773103935,
0.050070031745305055
],
[
0.17588601331675993,
-0.872837472998358,
-0.09291697803817349
]
]
],
"contact_id_pairs": [
[
0,
2
],
[
0,
4
],
[
1,
4
],
[
2,
3
]
],
"coupler_pt_pairs": [
[
[
-0.050000050113317214,
0.0,
0.0
],
[
-0.050000050113317214,
-0.009612719371036846,
-0.03469322743543719
]
],
[
[
-0.021112697498267,
0.0,
0.0
],
[
-0.021112697498267,
-0.005275843037947224,
0.03561166504043347
]
],
[
[
0.015260643669770738,
-0.07972539521060423,
0.054864351317668765
],
[
-0.004221203542539601,
-0.07966420816007808,
0.02459108125733123
]
],
[
[
0.01044402356809803,
-0.05947137449218401,
-0.0208785063695227
],
[
0.017955236570692076,
-0.060119185287851915,
-0.05608061323003998
]
]
],
"half_couplers": [
{
"pose": [
[
0.0,
-1.1102230246251565e-16,
1.0,
-0.05000005011331719
],
[
0.9636916890131789,
0.267017468580103,
1.1102230246251565e-16,
0.0
],
[
-0.26701746858010283,
0.9636916890131789,
2.220446049250313e-16,
0.0
],
[
0.0,
0.0,
0.0,
1.0
]
],
"at_element": 0,
"to_element": 2
},
{
"pose": [
[
0.6502690906641388,
5.551115123125783e-17,
-0.7597039619001824,
-0.050000050113317186
],
[
0.7321203941935908,
-0.267017468580103,
0.6266589182951882,
-0.00961271937103686
],
[
-0.2028542287768615,
-0.9636916890131791,
-0.1736332064850239,
-0.03469322743543718
],
[
0.0,
0.0,
0.0,
1.0
]
],
"at_element": 2,
"to_element": 0
},
{
"pose": [
[
0.0,
2.220446049250313e-16,
1.0,
-0.02111269749826697
],
[
-0.9892032980203441,
0.1465497703364771,
-2.220446049250313e-16,
0.0
],
[
-0.14654977033647693,
-0.9892032980203441,
2.220446049250313e-16,
0.0
],
[
0.0,
0.0,
0.0,
1.0
]
],
"at_element": 0,
"to_element": 4
},
{
"pose": [
[
0.9756890744706169,
-5.828670879282072e-16,
0.21915937114043493,
-0.02111269749826699
],
[
0.21679317272418278,
-0.1465497703364771,
-0.9651548503087515,
-0.005275843037947231
],
[
0.03211775550771802,
0.9892032980203442,
-0.14298700978347867,
0.03561166504043347
],
[
0.0,
0.0,
0.0,
1.0
]
],
"at_element": 4,
"to_element": 0
},
{
"pose": [
[
-0.7988936880456732,
0.5411588743930955,
0.2625184714765431,
0.015260643669770728
],
[
0.3111402004241248,
-0.001699629148577797,
0.9503625029118061,
-0.07972539521060429
],
[
0.5147432863873196,
0.8409186547617762,
-0.1670184576411442,
0.05486435131766877
],
[
0.0,
0.0,
0.0,
1.0
]
],
"at_element": 1,
"to_element": 4
},
{
"pose": [
[
-0.8118597432481351,
-0.5411588743930951,
0.2191593711404348,
-0.004221203542539589
],
[
-0.2616738928251135,
0.001699629148578019,
-0.9651548503087515,
-0.07966420816007808
],
[
0.5219296227527457,
-0.8409186547617764,
-0.14298700978347956,
0.024591081257331227
],
[
0.0,
0.0,
0.0,
1.0
]
],
"at_element": 4,
"to_element": 1
},
{
"pose": [
[
-0.6158880734296088,
-0.20864268805862957,
-0.7597039619001824,
0.010444023568098044
],
[
-0.7790858719490397,
0.017994561692614708,
0.626658918295188,
-0.05947137449218401
],
[
-0.11707726139848457,
0.9778263774664497,
-0.17363320648502345,
-0.020878506369522695
],
[
0.0,
0.0,
0.0,
1.0
]
],
"at_element": 2,
"to_element": 3
},
{
"pose": [
[
-0.655269512328033,
0.20864268805862918,
-0.7260097071892717,
0.017955236570692104
],
[
0.7396495302089511,
-0.017994561692614708,
-0.6727516393225429,
-0.06011918528785189
],
[
-0.1534289368895591,
-0.9778263774664501,
-0.1425311785392216,
-0.056080613230039975
],
[
0.0,
0.0,
0.0,
1.0
]
],
"at_element": 3,
"to_element": 2
}
],
"nstatus": true,
"opt_line_pos": [
[
3.700743415417188e-17,
0.0,
0.0
],
[
0.024855460298833246,
-0.04499049105209663,
0.048759975249492486
],
[
-0.012819130751640947,
-0.04028223786364936,
-0.026195388049840868
],
[
0.04892799829143908,
-0.0314184998622412,
-0.05
],
[
-0.012518252234130644,
-0.04312487723269731,
0.030004357341602884
]
],
"opt_line_orient": [
[
1.0,
0.0,
0.0
],
[
0.26251847147654295,
0.9503625029118061,
-0.16701845764114512
],
[
-0.7597039619001825,
0.626658918295188,
-0.1736332064850236
],
[
-0.7260097071892716,
-0.6727516393225431,
-0.14253117853922098
],
[
0.2191593711404349,
-0.9651548503087515,
-0.14298700978347853
]
],
"opt_edge_ids": [
[
0,
1
],
[
0,
2
],
[
0,
3
],
[
0,
4
],
[
0,
5
]
],
"opt_parameters": {
"layers": [],
"orient_devi": 0.18726646259971647,
"clamp_t_bnd": 0.05,
"bar_collision_distance": 0.02,
"pos_devi": 0.05,
"debug_mode": false,
"adjustopt_trust_region_start": 0.010000000000000004,
"bar_available_lengths": [
1.0
],
"clamp_collision_dist": 0.024,
"time_out": 200,
"contactopt_trust_region_start": 0.010000000000000004,
"clamp_gap": 0.016,
"opt_tol": 0.001,
"trust_region_lobnd": 1e-06,
"trust_region_upbnd": 1.0,
"contact_ignore_para_tol": 1e-06,
"line_para_tol": 0.0001,
"bigM": 1,
"pos_tol": 1e-06,
"duplicate_vertices_tol": 0.001,
"bar_contact_distance_tol": 1e-05,
"bar_contact_distance": 0.018000000000000002,
"fixed_contact_pairs": [
[
0,
2
],
[
0,
4
],
[
1,
4
],
[
2,
3
]
],
"clamp_extension_length": 0.03,
"radius": 0.01800017000960833
}
}