{
"line_pt_pairs": [
[
[
-0.13000011383940352,
0.0,
0.0
],
[
0.8699998861605964,
0.0,
0.0
]
],
[
[
-0.06485619920880414,
-0.14943494499588755,
0.10070936212056207
],
[
0.29539746757222446,
0.7692060758227223,
-0.061512616785398364
]
],
[
[
0.08775838729837528,
-0.06761989818821734,
0.01696986276028647
],
[
-0.7188777892825335,
0.49759806350294983,
0.18978981071947038
]
],
[
[
0.035845450212453105,
0.10027193330863148,
0.10029636821335666
],
[
-0.7288376896874592,
-0.5275339162779822,
-0.04502916559829359
]
],
[
[
-0.12625438595272345,
0.0829073915285033,
0.021229829298420468
],
[
0.19407142223489568,
-0.8485001420017334,
0.19406322622178684
]
]
],
"contact_id_pairs": [
[
0,
2
],
[
0,
4
],
[
1,
2
],
[
1,
3
],
[
1,
4
],
[
2,
3
],
[
2,
4
],
[
3,
4
]
],
"coupler_pt_pairs": [
[
[
0.00627865650356068,
0.0,
0.0
],
[
0.00627865650356067,
-0.010526243457532506,
0.034426707921105706
]
],
[
[
-0.10000007282034844,
0.0,
0.0
],
[
-0.10000007282034842,
0.0065680382384517705,
0.035395475670255666
]
],
[
[
-0.004031287770181324,
0.005667594929517319,
0.07331994624446864
],
[
-0.01323463873308542,
0.0031469158672635215,
0.038607386602792775
]
],
[
[
0.018002075700143075,
0.06185231524424244,
0.06339833779548962
],
[
0.002867102229157916,
0.07319666684424268,
0.09402894086361016
]
],
[
[
-0.054048589198598736,
-0.1218757143540543,
0.09584270275033269
],
[
-0.0536168238755642,
-0.12829998173537624,
0.060421790349133454
]
],
[
[
-0.057180256653656905,
0.033940045790606124,
0.04802263429755764
],
[
-0.05620362296157167,
0.024699524852963346,
0.08280274242525087
]
],
[
[
-0.10244498221351327,
0.06565748750751114,
0.05772049777400001
],
[
-0.11664452738398708,
0.054964920337300896,
0.02641487670307734
]
],
[
[
-0.10156100168212921,
-0.01253894190126446,
0.07418272070524151
],
[
-0.09231221794370488,
-0.01578584573145599,
0.03954349633990437
]
]
],
"half_couplers": [
{
"pose": [
[
4.440892098500626e-16,
-9.43689570931383e-16,
1.0000000000000002,
0.006278656503560645
],
[
-0.9562974350171114,
0.29239564938571516,
8.881784197001252e-16,
0.0
],
[
-0.2923956493857154,
-0.9562974350171113,
-8.881784197001252e-16,
0.0
],
[
0.0,
0.0,
0.0,
1.0
]
],
"at_element": 0,
"to_element": 2
},
{
"pose": [
[
-0.5910482879011938,
1.5543122344752192e-15,
-0.8066361765809091,
0.0062786565035607145
],
[
-0.7713841066563336,
-0.2923956493857134,
0.5652179616911667,
-0.010526243457532537
],
[
-0.23585690866938314,
0.9562974350171117,
0.17281994795918476,
0.034426707921105706
],
[
0.0,
0.0,
0.0,
1.0
]
],
"at_element": 2,
"to_element": 0
},
{
"pose": [
[
0.0,
0.0,
1.0,
-0.10000007282034842
],
[
-0.9832156900838223,
-0.18244699716080048,
0.0,
0.0
],
[
0.18244699716080043,
-0.9832156900838223,
0.0,
0.0
],
[
0.0,
0.0,
0.0,
1.0
]
],
"at_element": 0,
"to_element": 4
},
{
"pose": [
[
0.9473074351069712,
5.551115123125783e-17,
0.32032580818761913,
-0.10000007282034842
],
[
0.31494936054884803,
0.18244699716080026,
-0.9314075335302365,
0.006568038238451798
],
[
-0.05844248181693765,
0.9832156900838223,
0.17283339692336652,
0.03539547567025566
],
[
0.0,
0.0,
0.0,
1.0
]
],
"at_element": 4,
"to_element": 0
},
{
"pose": [
[
-0.8971409818854166,
0.25564693268743666,
0.3602536667810287,
-0.004031287770181337
],
[
0.38883942587743014,
0.0700183958160483,
0.9186410208186101,
0.005667594929517308
],
[
0.2096233753782764,
0.9642313363788032,
-0.16222197890596046,
0.07331994624446864
],
[
0.0,
0.0,
0.0,
1.0
]
],
"at_element": 1,
"to_element": 2
},
{
"pose": [
[
0.5329002950256626,
-0.2556469326874365,
-0.8066361765809087,
-0.013234638733085405
],
[
0.8219647681190656,
-0.07001839581604785,
0.5652179616911674,
0.003146915867263518
],
[
-0.20097560929757757,
-0.9642313363788031,
0.17281994795918354,
0.038607386602792775
],
[
0.0,
0.0,
0.0,
1.0
]
],
"at_element": 2,
"to_element": 1
},
{
"pose": [
[
0.8327467434408125,
0.4204166467440904,
0.36025366678102855,
0.018002075700143075
],
[
-0.23832156543853733,
-0.3151214151978041,
0.9186410208186101,
0.06185231524424248
],
[
0.4997356228403641,
-0.8508515363000692,
-0.16222197890595935,
0.06339833779548962
],
[
0.0,
0.0,
0.0,
1.0
]
],
"at_element": 1,
"to_element": 3
},
{
"pose": [
[
0.4883743837398369,
-0.42041664674409074,
-0.7646831398999124,
0.002867102229157925
],
[
-0.7117290979779903,
0.31512141519780346,
-0.6278058495866139,
0.07319666684424268
],
[
0.5049080633126896,
0.8508515363000693,
-0.1453255338116506,
0.09402894086361017
],
[
0.0,
0.0,
0.0,
1.0
]
],
"at_element": 3,
"to_element": 1
},
{
"pose": [
[
-0.9327772847416527,
-0.011993024673254249,
0.3602536667810286,
-0.05404858919859873
],
[
0.35249968598907566,
0.17844507907741625,
0.9186410208186099,
-0.12187571435405425
],
[
-0.07530277848521083,
0.9838767814682087,
-0.16222197890596046,
0.09584270275033267
],
[
0.0,
0.0,
0.0,
1.0
]
],
"at_element": 1,
"to_element": 4
},
{
"pose": [
[
-0.9472315155061806,
0.011993024673254332,
0.320325808187619,
-0.05361682387556423
],
[
-0.3172339203745017,
-0.17844507907741636,
-0.9314075335302366,
-0.12829998173537618
],
[
0.045990170642093875,
-0.9838767814682087,
0.17283339692336586,
0.06042179034913345
],
[
0.0,
0.0,
0.0,
1.0
]
],
"at_element": 4,
"to_element": 1
},
{
"pose": [
[
0.5904253634460093,
-0.02712874546639621,
-0.8066361765809089,
-0.05718025665365693
],
[
0.7839918973831297,
0.2566814380107816,
0.565217961691167,
0.033940045790606124
],
[
0.1917148795405515,
-0.9661152470332599,
0.17281994795918387,
0.04802263429755764
],
[
0.0,
0.0,
0.0,
1.0
]
],
"at_element": 2,
"to_element": 3
},
{
"pose": [
[
0.6438351704607557,
0.027128745466396542,
-0.7646831398999125,
-0.05620362296157169
],
[
-0.7348295411900283,
-0.256681438010782,
-0.6278058495866137,
0.024699524852963325
],
[
-0.21331155306785954,
0.9661152470332599,
-0.1453255338116506,
0.08280274242525087
],
[
0.0,
0.0,
0.0,
1.0
]
],
"at_element": 3,
"to_element": 2
},
{
"pose": [
[
-0.4401836253495026,
0.3944318123644474,
-0.8066361765809082,
-0.10244498221351328
],
[
-0.7696169802554276,
0.29701575628945676,
0.5652179616911681,
0.06565748750751116
],
[
0.46252359904840046,
0.8696005898748571,
0.1728199479591841,
0.05772049777400002
],
[
0.0,
0.0,
0.0,
1.0
]
],
"at_element": 2,
"to_element": 4
},
{
"pose": [
[
-0.8612867826710486,
-0.394431812364448,
0.3203258081876187,
-0.11664452738398709
],
[
-0.21038452176650624,
-0.29701575628945864,
-0.931407533530237,
0.05496492033730101
],
[
0.46251857367810933,
-0.8696005898748562,
0.1728333969233652,
0.02641487670307732
],
[
0.0,
0.0,
0.0,
1.0
]
],
"at_element": 4,
"to_element": 2
},
{
"pose": [
[
0.5909775649728881,
-0.25691479764997405,
-0.7646831398999121,
-0.10156100168212923
],
[
-0.7731267666018827,
0.09019322584622325,
-0.6278058495866139,
-0.012538941901264478
],
[
0.23026185194780674,
0.9622161756902265,
-0.1453255338116506,
0.07418272070524151
],
[
0.0,
0.0,
0.0,
1.0
]
],
"at_element": 3,
"to_element": 4
},
{
"pose": [
[
-0.9118037965250099,
0.25691479764997416,
0.320325808187619,
-0.09231221794370487
],
[
-0.35262613132689624,
-0.0901932258462228,
-0.9314075335302366,
-0.015785845731456
],
[
-0.2104011600443424,
-0.9622161756902267,
0.1728333969233664,
0.03954349633990438
],
[
0.0,
0.0,
0.0,
1.0
]
],
"at_element": 4,
"to_element": 3
}
],
"nstatus": 0,
"opt_line_pos": [
[
3.700743415417188e-17,
0.0,
0.0
],
[
-0.018023256644711768,
-0.030011699288391754,
0.07962052022584766
],
[
-0.04266588248814005,
0.023769679993438726,
0.044912962972652536
],
[
-0.07360120007240557,
0.01041609148179562,
0.07949638970379266
],
[
-0.0851796719048165,
-0.03652506481423676,
0.04339189734008647
]
],
"opt_line_orient": [
[
1.0,
0.0,
0.0
],
[
0.36025366678102866,
0.9186410208186099,
-0.16222197890596043
],
[
-0.8066361765809088,
0.5652179616911672,
0.1728199479591839
],
[
-0.7646831398999124,
-0.6278058495866138,
-0.14532553381165025
],
[
0.32032580818761913,
-0.9314075335302366,
0.17283339692336636
]
],
"opt_edge_ids": [
[
0,
1
],
[
0,
2
],
[
0,
3
],
[
0,
4
],
[
0,
5
]
],
"opt_parameters": {
"layers": [],
"orient_devi": 0.17453292519943295,
"clamp_t_bnd": 0.1,