{
"line_pt_pairs": [
[
[
-0.100000038094665,
0.0,
0.0
],
[
0.899999961905335,
0.0,
0.0
]
],
[
[
-0.03710815529791665,
-0.09980016592770721,
-0.019550976797593104
],
[
0.3625246388370515,
0.8116269494686039,
-0.11750118441471656
]
],
[
[
0.1044062329769787,
-0.024770052432161745,
0.04059040452449672
],
[
-0.7918773755943549,
0.40770506813338625,
-0.05759800160455422
]
],
[
[
0.0567329656590499,
0.1067265397065165,
-0.003072017134179504
],
[
-0.7007915879006582,
-0.5148956319011746,
-0.2024270434563244
]
],
[
[
0.0369862610275721,
0.12730810812228763,
-0.05228987130993976
],
[
0.3309328660899128,
-0.8234270352572727,
-0.15076870413898585
]
]
],
"contact_id_pairs": [
[
0,
1
],
[
0,
2
],
[
0,
3
],
[
1,
3
],
[
1,
4
]
],
"coupler_pt_pairs": [
[
[
0.005240760283687383,
0.0,
0.0
],
[
0.0052407602836873875,
-0.003216625900039821,
-0.029930718236373065
]
],
[
[
0.03742530010925495,
0.0,
0.0
],
[
0.03742530010925495,
0.0075496137321405705,
0.0332526032120282
]
],
[
[
-0.060108998986864746,
0.0,
0.0
],
[
-0.060108998986864746,
0.01084640558175811,
-0.03382089890713378
]
],
[
[
0.037424832671690465,
0.07018434791593015,
-0.03781905127268729
],
[
0.023198249564837656,
0.07920806133538799,
-0.01189722838080136
]
],
[
[
0.049862995292971356,
0.09855158615342971,
-0.04086765146018478
],
[
0.04580467725117466,
0.09878599537004362,
-0.05524424234925463
]
]
],
"half_couplers": [
{
"pose": [
[
0.0,
0.0,
1.0,
0.005240760283687362
],
[
0.9942747472962256,
0.1068537640377113,
0.0,
0.0
],
[
-0.10685376403771135,
0.9942747472962256,
0.0,
0.0
],
[
0.0,
0.0,
0.0,
1.0
]
],
"at_element": 0,
"to_element": 1
},
{
"pose": [
[
0.91667531321176,
8.326672684688674e-17,
0.399632794134968,
0.005240760283687362
],
[
-0.3973447953998299,
-0.10685376403771074,
0.911427115396311,
-0.003216625900039863
],
[
0.042702268286229,
-0.9942747472962256,
-0.09795020761712392,
-0.02993071823637306
],
[
0.0,
0.0,
0.0,
1.0
]
],
"at_element": 1,
"to_element": 0
},
{
"pose": [
[
6.661338147750939e-16,
8.326672684688674e-16,
1.0,
0.037425300109255114
],
[
-0.9751822412108635,
-0.22140369560365825,
8.881784197001252e-16,
0.0
],
[
0.2214036956036583,
-0.9751822412108634,
6.661338147750939e-16,
0.0
],
[
0.0,
0.0,
0.0,
1.0
]
],
"at_element": 0,
"to_element": 2
},
{
"pose": [
[
-0.4434813333234542,
-1.2212453270876722e-15,
-0.8962836085713337,
0.03742530010925506
],
[
-0.8740398581671538,
0.22140369560365702,
0.43247512056554777,
0.007549613732140512
],
[
0.19844050324667445,
0.9751822412108639,
-0.09818840612905122,
0.033252603212028206
],
[
0.0,
0.0,
0.0,
1.0
]
],
"at_element": 2,
"to_element": 0
},
{
"pose": [
[
0.0,
-5.551115123125783e-17,
1.0,
-0.06010899898686473
],
[
0.9522301141441376,
-0.3053814167840654,
-1.1102230246251565e-16,
0.0
],
[
0.3053814167840653,
0.9522301141441375,
0.0,
0.0
],
[
0.0,
0.0,
0.0,
1.0
]
],
"at_element": 0,
"to_element": 3
},
{
"pose": [
[
-0.6528066718057994,
5.551115123125783e-17,
-0.7575245535597082,
-0.060108998986864726
],
[
0.7213376921031478,
0.30538141678406494,
-0.6216221716076908,
0.010846405581758131
],
[
0.23133392141477999,
-0.9522301141441376,
-0.1993550263221453,
-0.03382089890713378
],
[
0.0,
0.0,
0.0,
1.0
]
],
"at_element": 3,
"to_element": 0
},
{
"pose": [
[
0.7927990911411934,
0.4601773907283754,
0.39963279413496805,
0.03742483267169044
],
[
-0.2900077077529817,
-0.2918837829757259,
0.9114271153963109,
0.07018434791593008
],
[
0.5360644835554383,
-0.8384751792976362,
-0.09795020761712459,
-0.03781905127268728
],
[
0.0,
0.0,
0.0,
1.0
]
],
"at_element": 1,
"to_element": 3
},
{
"pose": [
[
0.46302626255601187,
-0.46017739072837516,
-0.7575245535597083,
0.02319824956483764
],
[
-0.7269042117098493,
0.29188378297572615,
-0.6216221716076911,
0.07920806133538798
],
[
0.5071656013393392,
0.8384751792976364,
-0.1993550263221442,
-0.011897228380801367
],
[
0.0,
0.0,
0.0,
1.0
]
],
"at_element": 3,
"to_element": 1
},
{
"pose": [
[
-0.8755040114867934,
0.2716364403433585,
0.3996327941349681,
0.04986299529297132
],
[
0.4111623090359962,
-0.01568977209989697,
0.9114271153963115,
0.09855158615342965
],
[
0.2538469647222922,
0.9622720381103477,
-0.09795020761712037,
-0.04086765146018477
],
[
0.0,
0.0,
0.0,
1.0
]
],
"at_element": 1,
"to_element": 4
},
{
"pose": [
[
-0.9164109545667349,
-0.27163644034335677,
0.2939466050623406,
0.045804677251174646
],
[
-0.30960703834780745,
0.015689772099897192,
-0.95073514337956,
0.09878599537004365
],
[
0.253642354813988,
-0.9622720381103481,
-0.09847883282904868,
-0.05524424234925463
],
[
0.0,
0.0,
0.0,
1.0
]
],
"at_element": 4,
"to_element": 1
}
],
"nstatus": true,
"opt_line_pos": [
[
3.700743415417188e-17,
0.0,
0.0
],
[
0.029018098031880525,
0.05101143214146414,
-0.035758556199619415
],
[
-0.019693915099058774,
0.03511079999906418,
0.02699515897561471
],
[
-0.020674266257811352,
0.04320641831086482,
-0.023443001393099558
],
[
0.06000000000000034,
0.05287292144268314,
-0.060000000000000345
]
],
"opt_line_orient": [
[
1.0,
0.0,
0.0
],
[
0.39963279413496816,
0.9114271153963112,
-0.09795020761712346
],
[
-0.8962836085713335,
0.43247512056554793,
-0.09818840612905093
],
[
-0.7575245535597082,
-0.6216221716076911,
-0.19935502632214488
],
[
0.2939466050623407,
-0.9507351433795603,
-0.09847883282904607
]
],
"opt_edge_ids": [
[
0,
1
],
[
0,
2
],
[
0,
3
],
[
0,
4
],
[
0,
5
]
],
"opt_parameters": {
"layers": [],
"orient_devi": 0.17266462599716473,
"clamp_t_bnd": 0.0600000000000003,
"bar_collision_distance": 0.02,
"pos_devi": 0.0600000000000003,
"debug_mode": false,
"adjustopt_trust_region_start": 0.010000000000000004,
"bar_available_lengths": [
1.0
],
"clamp_collision_dist": 0.024,
"time_out": 200,
"contactopt_trust_region_start": 0.10000000000000003,
"clamp_gap": 0.016,
"opt_tol": 0.001,
"trust_region_lobnd": 1e-06,
"trust_region_upbnd": 1.0,
"contact_ignore_para_tol": 1e-06,
"line_para_tol": 0.0001,
"bigM": 1,
"pos_tol": 1e-06,
"duplicate_vertices_tol": 0.001,
"bar_contact_distance_tol": 1e-05,
"bar_contact_distance": 0.018000000000000002,
"fixed_contact_pairs": [
[
0,
1
],
[
0,
2
],
[
0,
3
],
[
1,
4
],
[
3,
4
]
],
"clamp_extension_length": 0.03,
"number_clamp_on_joint": [
5,
5.1
],
"radius": 0.01769906598983221,
"tr_size": 0.10000000000000003
}
}