{
"line_pt_pairs": [
[
[
-0.09999999976703666,
0.0,
0.0
],
[
0.9000000002329633,
0.0,
0.0
]
],
[
[
-0.022602812195484014,
-0.097818022609242,
0.0011153078240343976
],
[
0.2863657143581458,
0.853197456292315,
-0.009277405436763982
]
],
[
[
0.08972737715588083,
-0.04635829881585718,
0.0018468688775707693
],
[
-0.7333054276253275,
0.5212834474606227,
-0.018149384225590006
]
],
[
[
0.08124346456492713,
0.0584136842748654,
0.001896422831852278
],
[
-0.7276331919038049,
-0.5292245597735817,
-0.018099795601200074
]
],
[
[
-0.01870671553319885,
0.09912795833924881,
0.002149278469015476
],
[
0.2902462903543594,
-0.8517391019927246,
-0.0178475644986614
]
]
],
"contact_id_pairs": [
[
0,
2
],
[
1,
4
],
[
2,
3
],
[
2,
4
]
],
"coupler_pt_pairs": [
[
[
0.022500834637680267,
0.0,
0.0
],
[
0.022500834637680264,
7.522533518870833e-06,
0.0002135452097472299
]
],
[
[
0.011333525745875836,
0.00663916285060254,
-2.6202067863561237e-05
],
[
0.011344857463949712,
0.006637999252881811,
0.00020420405736088854
]
],
[
[
0.011396003611328738,
0.0076664708029977905,
-5.6255715052830826e-05
],
[
0.011390469772256743,
0.007666403001237838,
0.00016958879491144258
]
],
[
[
0.010923437633877197,
0.0079923972728944,
-6.77370908110858e-05
],
[
0.010908426300876036,
0.007981206825428175,
0.00023245186614693125
]
]
],
"half_couplers": [
{
"pose": [
[
-1.567634910770721e-13,
-1.6231460620019789e-13,
1.0,
0.022500834637680267
],
[
-0.9993801099983304,
-0.035205052758447763,
-1.6237011735142914e-13,
0.0
],
[
0.035205052758447763,
-0.9993801099983304,
-1.567634910770721e-13,
0.0
],
[
0.0,
0.0,
0.0,
1.0
]
],
"at_element": 0,
"to_element": 2
},
{
"pose": [
[
-0.5679938399789857,
2.1832535779253703e-13,
-0.8230328047811502,
0.022500834637680336
],
[
-0.8225226149744054,
0.03520505275881247,
0.5676417462765716,
7.522533518815322e-06
],
[
0.028974913314677886,
0.9993801099983176,
-0.01999625310296138,
0.00021354520974723205
],
[
0.0,
0.0,
0.0,
1.0
]
],
"at_element": 2,
"to_element": 0
},
{
"pose": [
[
0.9498028889986116,
-0.04912149884888117,
0.30896852655364476,
0.011333525745875872
],
[
-0.3091021134317775,
0.0050440421943358515,
0.9510154789015532,
0.0066391628506026895
],
[
-0.04827375603678924,
-0.9987800738847274,
-0.01039271326071467,
-2.620206786356277e-05
],
[
0.0,
0.0,
0.0,
1.0
]
],
"at_element": 1,
"to_element": 4
},
{
"pose": [
[
0.949807937692605,
0.049121498848873596,
0.30895300588756325,
0.011344857463949667
],
[
0.3095583809461053,
-0.0050440421944502045,
-0.9508670603319722,
0.006637999252881957
],
[
-0.045149643211729706,
0.998780073884727,
-0.019996842967648476,
0.0002042040573608918
],
[
0.0,
0.0,
0.0,
1.0
]
],
"at_element": 4,
"to_element": 1
},
{
"pose": [
[
0.5674653926318536,
0.02449551834824315,
-0.823032804781211,
0.011396003611328712
],
[
0.8232756268769481,
0.00030012424173220253,
0.5676417462764762,
0.007666470802997802
],
[
0.014151690907599879,
-0.9996998947215561,
-0.019996253103152783,
-5.625571505283103e-05
],
[
0.0,
0.0,
0.0,
1.0
]
],
"at_element": 2,
"to_element": 3
},
{
"pose": [
[
0.5874678920594981,
-0.024495518348225553,
-0.8088766564687236,
0.011390469772256717
],
[
-0.8091237260500304,
-0.00030012424171332874,
-0.5876382440484578,
0.0076664030012378315
],
[
0.014151739896045568,
0.9996998947215565,
-0.019996218433078417,
0.00016958879491144226
],
[
0.0,
0.0,
0.0,
1.0
]
],
"at_element": 3,
"to_element": 2
},
{
"pose": [
[
0.5657968404523642,
0.04990929360498536,
-0.8230328047811784,
0.010923437633877209
],
[
0.8224345462707754,
0.037205711719122236,
0.5676417462765203,
0.007992397272894379
],
[
0.058952119847430706,
-0.9980605179182899,
-0.01999625310325026,
-6.773709081108522e-05
],
[
0.0,
0.0,
0.0,
1.0
]
],
"at_element": 2,
"to_element": 4
},
{
"pose": [
[
0.949766867481111,
-0.04990929360501212,
0.30895300588757235,
0.010908426300876024
],
[
0.3073557687617207,
-0.037205711719136,
-0.950867060331971,
0.007981206825428216
],
[
0.05895191976525668,
0.9980605179182879,
-0.01999684296756632,
0.00023245186614693244
],
[
0.0,
0.0,
0.0,
1.0
]
],
"at_element": 4,
"to_element": 2
}
],
"nstatus": true,
"opt_line_pos": [
[
3.700743415417188e-17,
0.0,
0.0
],
[
0.009176576243992318,
0.0,
4.635081621541526e-05
],
[
0.014946790995665303,
0.00521750991129057,
3.0013559805026728e-05
],
[
-0.01999999999999997,
-0.01513836010980871,
-0.0006064141781777395
],
[
0.020000000000000046,
-0.020000000000000007,
-0.0003559961117847333
]
],
"opt_line_orient": [
[
1.0,
0.0,
0.0
],
[
0.30896852655362983,
0.951015478901557,
-0.010392713260798379
],
[
-0.8230328047812083,
0.5676417462764799,
-0.019996253103160777
],
[
-0.8088766564687321,
-0.5876382440484471,
-0.019996218433052354
],
[
0.3089530058875582,
-0.9508670603319733,
-0.019996842967676877
]
],
"opt_edge_ids": [
[
0,
1
],
[
0,
2
],
[
0,
3
],
[
0,
4
],
[
0,
5
]
],
"opt_parameters": {
"layers": [],
"orient_devi": 0.18726646259971647,
"clamp_t_bnd": 0.05,
"bar_collision_distance": 0.02,
"pos_devi": 0.05,
"debug_mode": false,
"adjustopt_trust_region_start": 0.010000000000000004,
"bar_available_lengths": [
1.0
],
"clamp_collision_dist": 0.024,
"time_out": 200,
"contactopt_trust_region_start": 0.010000000000000004,
"clamp_gap": 0.016,
"opt_tol": 0.001,
"trust_region_lobnd": 1e-06,
"trust_region_upbnd": 1.0,
"contact_ignore_para_tol": 1e-06,
"line_para_tol": 0.0001,
"bigM": 1,
"pos_tol": 1e-06,
"duplicate_vertices_tol": 0.001,
"bar_contact_distance_tol": 1e-05,
"bar_contact_distance": 0.018000000000000002,
"fixed_contact_pairs": [
[
0,
2
],
[
0,
4
],
[
1,
4
],
[
2,
3
]
],
"clamp_extension_length": 0.03,
"radius": 1.882117389580138e-05
}
}