{
"line_pt_pairs": [
[
[
-0.10000005042126484,
0.0,
0.0
],
[
0.8999999495787352,
0.0,
0.0
]
],
[
[
-0.0332330340548838,
-0.09479247526551421,
0.02887535395790711
],
[
0.21237201900758004,
0.8733958947614751,
-0.018972718674812535
]
],
[
[
0.11564448184833777,
-0.000762949284517353,
-0.04090785697784456
],
[
-0.7688972732008101,
0.46282864880594987,
0.010751738011855597
]
],
[
[
0.04725331470626738,
0.10898824256988401,
0.0006033770193265599
],
[
-0.685376487676837,
-0.554199522863583,
-0.15248339719535847
]
],
[
[
-0.005191632002933,
0.10899888761259122,
0.0402931983708158
],
[
0.1363239572380531,
-0.8796031686644201,
0.09166743633734403
]
]
],
"contact_id_pairs": [
[
0,
1
],
[
0,
3
],
[
1,
3
],
[
1,
4
],
[
2,
3
]
],
"coupler_pt_pairs": [
[
[
-0.008884034099880738,
0.0,
0.0
],
[
-0.008884034099880736,
0.0011925962314718735,
0.024131751561075436
]
],
[
[
-0.06720216948881838,
0.0,
0.0
],
[
-0.06720216948881838,
0.0053813778777319216,
-0.023312686468141552
]
],
[
[
0.013367918692455067,
0.08891099467358327,
0.01979668988318419
],
[
0.021463138418496817,
0.08564257832474056,
-0.004785613274926185
]
],
[
[
0.0033293656333200027,
0.049338476915646204,
0.02175237202372527
],
[
0.003190865314671262,
0.05044029255343982,
0.043336286515790724
]
],
[
[
-0.006872147761549488,
0.06344846842334387,
-0.03375255941385538
],
[
-0.0077780171499406215,
0.05917303455646262,
-0.010895703481086073
]
]
],
"half_couplers": [
{
"pose": [
[
1.1102230246251565e-16,
2.220446049250313e-16,
1.0,
-0.008884034099880728
],
[
-0.9987810537909986,
-0.049359969490899935,
2.220446049250313e-16,
0.0
],
[
0.049359969490899824,
-0.9987810537909986,
1.1102230246251565e-16,
0.0
],
[
0.0,
0.0,
0.0,
1.0
]
],
"at_element": 0,
"to_element": 1
},
{
"pose": [
[
-0.9693699798890951,
-4.440892098500626e-16,
0.24560505306246383,
-0.008884034099880738
],
[
0.2453056737141217,
0.04935996949089949,
0.9681883700269894,
0.0011925962314718735
],
[
-0.012123057925974443,
0.9987810537909986,
-0.04784807263271973,
0.024131751561075436
],
[
0.0,
0.0,
0.0,
1.0
]
],
"at_element": 1,
"to_element": 0
},
{
"pose": [
[
-4.440892098500626e-16,
4.996003610813204e-16,
1.0,
-0.06720216948881833
],
[
0.9743772088148561,
-0.2249201079098313,
5.551115123125783e-16,
0.0
],
[
0.22492010790983136,
0.9743772088148562,
-4.440892098500626e-16,
0.0
],
[
0.0,
0.0,
0.0,
1.0
]
],
"at_element": 0,
"to_element": 3
},
{
"pose": [
[
-0.6806273375791583,
-1.2212453270876722e-15,
-0.7326298023831046,
-0.06720216948881835
],
[
0.7138577819406289,
0.22492010790983175,
-0.6631877654334671,
0.005381377877731949
],
[
0.16478317420996746,
-0.9743772088148562,
-0.15308677421468508,
-0.023312686468141552
],
[
0.0,
0.0,
0.0,
1.0
]
],
"at_element": 3,
"to_element": 0
},
{
"pose": [
[
-0.9183562465465245,
-0.3103223523034766,
0.24560505306246422,
0.01336791869245509
],
[
0.21659479897514966,
0.1252915527934606,
0.9681883700269891,
0.08891099467358335
],
[
-0.3312227309317605,
0.9423386145433288,
-0.04784807263272106,
0.019796689883184188
],
[
0.0,
0.0,
0.0,
1.0
]
],
"at_element": 1,
"to_element": 3
},
{
"pose": [
[
-0.60576696040716,
0.3103223523034774,
-0.7326298023831043,
0.021463138418496824
],
[
0.737891600831699,
-0.1252915527934606,
-0.6631877654334676,
0.08564257832474056
],
[
-0.2975943129515458,
-0.9423386145433285,
-0.15308677421468353,
-0.0047856132749261844
],
[
0.0,
0.0,
0.0,
1.0
]
],
"at_element": 3,
"to_element": 1
},
{
"pose": [
[
0.9693487973403625,
0.006408354311158784,
0.24560505306246327,
0.003329365633319984
],
[
-0.24497400223744686,
-0.050980568575185625,
0.9681883700269892,
0.04933847691564612
],
[
0.01872557936513923,
-0.9986790849030401,
-0.047848072632723726,
0.021752372023725278
],
[
0.0,
0.0,
0.0,
1.0
]
],
"at_element": 1,
"to_element": 4
},
{
"pose": [
[
0.9899152847576398,
-0.006408354311157924,
0.1415155892409864,
0.0031908653146712485
],
[
0.14165788348205804,
0.050980568575185514,
-0.9886020562770109,
0.050440292553439924
],
[
-0.0008792329523955034,
0.9986790849030399,
0.05137423796653284,
0.04333628651579072
],
[
0.0,
0.0,
0.0,
1.0
]
],
"at_element": 4,
"to_element": 1
},
{
"pose": [
[
0.4648339110067502,
0.03892709535454769,
-0.8845417550491479,
-0.006872147761549471
],
[
0.8667919074018202,
0.183724302808967,
0.46359159809046757,
0.06344846842334384
],
[
0.18055809159625963,
-0.9822067306858658,
0.05165959498969963,
-0.03375255941385538
],
[
0.0,
0.0,
0.0,
1.0
]
],
"at_element": 2,
"to_element": 3
},
{
"pose": [
[
0.6795132477791372,
-0.03892709535454808,
-0.7326298023831046,
-0.007778017149940621
],
[
-0.7255531464591163,
-0.1837243028089668,
-0.6631877654334672,
0.05917303455646262
],
[
-0.1087859262769087,
0.982206730685866,
-0.15308677421468508,
-0.010895703481086075
],
[
0.0,
0.0,
0.0,
1.0
]
],
"at_element": 3,
"to_element": 2
}
],
"nstatus": true,
"opt_line_pos": [
[
3.700743415417188e-17,
0.0,
0.0
],
[
-0.007703519084403622,
0.005846250113488924,
0.023901767008639548
],
[
-0.0002924031674279917,
0.0600000000000003,
-0.03413683402715399
],
[
-0.019104717953041063,
0.04891993077757259,
-0.013262476007676268
],
[
0.010000000000000321,
0.0028729214426831268,
0.04580819867434831
]
],
"opt_line_orient": [
[
1.0,
0.0,
0.0
],
[
0.24560505306246386,
0.9681883700269893,
-0.04784807263271965
],
[
-0.8845417550491479,
0.4635915980904672,
0.05165959498970016
],
[
-0.7326298023831045,
-0.663187765433467,
-0.15308677421468503
],
[
0.1415155892409861,
-0.9886020562770114,
0.05137423796652823
]
],
"opt_edge_ids": [
[
0,
1
],
[
0,
2
],
[
0,
3
],
[
0,
4
],
[
0,
5
]
],
"opt_parameters": {
"layers": [],
"orient_devi": 0.17266462599716473,
"clamp_t_bnd": 0.0600000000000003,
"bar_collision_distance": 0.02,
"pos_devi": 0.0600000000000003,
"debug_mode": false,
"adjustopt_trust_region_start": 0.010000000000000004,
"bar_available_lengths": [
1.0
],
"clamp_collision_dist": 0.024,
"time_out": 200,
"contactopt_trust_region_start": 0.10000000000000003,
"clamp_gap": 0.016,
"opt_tol": 0.001,
"trust_region_lobnd": 1e-06,
"trust_region_upbnd": 1.0,
"contact_ignore_para_tol": 1e-06,
"line_para_tol": 0.0001,
"bigM": 1,
"pos_tol": 1e-06,
"duplicate_vertices_tol": 0.001,
"bar_contact_distance_tol": 1e-05,
"bar_contact_distance": 0.018000000000000002,
"fixed_contact_pairs": [
[
0,
1
],
[
0,
2
],
[
0,
3
],
[
1,
4
],
[
3,
4
]
],
"clamp_extension_length": 0.03,
"number_clamp_on_joint": [
5,
5.1
],
"radius": 0.010790796396296397,
"tr_size": 0.05000000000000002
}
}