{
"line_pt_pairs": [
[
[
-0.10000003687782621,
0.0,
0.0
],
[
0.8999999631221738,
0.0,
0.0
]
],
[
[
-0.08274853327388078,
-0.08079053030993441,
0.05004844230824341
],
[
0.1671375128921033,
0.8740807056994766,
-0.110506490887194
]
],
[
[
0.08686259824179239,
-0.0681268486360155,
-0.022996740724119703
],
[
-0.7953374786709027,
0.39358440504981546,
-0.11543992606026608
]
],
[
[
0.10042492704707325,
0.03513032628280759,
0.04617492504125906
],
[
-0.6610041299160294,
-0.5927989245047459,
-0.11485503247491845
]
],
[
[
-0.05371237152176078,
0.08743982741917425,
0.06937379784664206
],
[
0.17648327616354137,
-0.8827265311985143,
-0.006699853263575792
]
]
],
"contact_id_pairs": [
[
0,
1
],
[
0,
2
],
[
0,
3
],
[
1,
4
],
[
3,
4
]
],
"coupler_pt_pairs": [
[
[
-0.06004557901726696,
0.0,
0.0
],
[
-0.06004557901726696,
0.0059626050679342305,
0.03546150814390635
]
],
[
[
-0.029832914408335794,
0.0,
0.0
],
[
-0.029832914408335805,
-0.007052685466866842,
-0.03522492476777174
]
],
[
[
0.04698156710324771,
0.0,
0.0
],
[
0.04698156710324772,
-0.008942918180625196,
0.03487251688835737
]
],
[
[
-0.05510523462264853,
0.02484078106367585,
0.03228727462262544
],
[
-0.03915660233108218,
0.026094108094777795,
0.06456349618287502
]
],
[
[
-0.013697175124162955,
-0.05898298008416693,
0.02203994214792622
],
[
-0.018062739209623438,
-0.06280660127789653,
0.0575925251857939
]
]
],
"half_couplers": [
{
"pose": [
[
2.220446049250313e-16,
1.6653345369377348e-16,
1.0,
-0.06004557901726695
],
[
-0.9861568122147408,
-0.16581538445651045,
1.6653345369377348e-16,
0.0
],
[
0.16581538445651045,
-0.9861568122147408,
2.220446049250313e-16,
0.0
],
[
0.0,
0.0,
0.0,
1.0
]
],
"at_element": 0,
"to_element": 1
},
{
"pose": [
[
-0.9682752521527811,
-3.885780586188048e-16,
0.2498860461659841,
-0.06004557901726697
],
[
0.2464268267039924,
0.16581538445651012,
0.954871236009411,
0.005962605067934251
],
[
-0.04143495081533026,
0.9861568122147409,
-0.16055493319543768,
0.03546150814390634
],
[
0.0,
0.0,
0.0,
1.0
]
],
"at_element": 1,
"to_element": 0
},
{
"pose": [
[
0.0,
0.0,
1.0,
-0.029832914408335687
],
[
0.9805394318146363,
0.19632224187959468,
0.0,
0.0
],
[
-0.19632224187959468,
0.9805394318146363,
0.0,
0.0
],
[
0.0,
0.0,
0.0,
1.0
]
],
"at_element": 0,
"to_element": 2
},
{
"pose": [
[
0.4708747437432115,
-2.7755575615628914e-16,
-0.882200076912695,
-0.029832914408335687
],
[
0.8650319621628024,
-0.19632224187959446,
0.4617112536858311,
-0.007052685466866895
],
[
-0.17319549688585112,
-0.9805394318146364,
-0.0924431853361467,
-0.035224924767771726
],
[
0.0,
0.0,
0.0,
1.0
]
],
"at_element": 2,
"to_element": 0
},
{
"pose": [
[
0.0,
0.0,
1.0,
0.046981567103247746
],
[
-0.9686555306434915,
0.24840785606291926,
0.0,
0.0
],
[
-0.24840785606291926,
-0.9686555306434915,
0.0,
0.0
],
[
0.0,
0.0,
0.0,
1.0
]
],
"at_element": 0,
"to_element": 3
},
{
"pose": [
[
0.6482482481366841,
-5.551115123125783e-17,
-0.7614290569631028,
0.046981567103247746
],
[
-0.7375624672199677,
-0.24840785606291926,
-0.6279292507875536,
-0.008942918180625169
],
[
-0.1891449595842148,
0.9686555306434914,
-0.1610299575161771,
0.03487251688835738
],
[
0.0,
0.0,
0.0,
1.0
]
],
"at_element": 3,
"to_element": 0
},
{
"pose": [
[
0.8611313030385617,
-0.44272998865972546,
0.24988604616598392,
-0.05510523462264856
],
[
-0.29497531515784203,
-0.03479204060401675,
0.9548712360094109,
0.024840781063675793
],
[
-0.4140560860253604,
-0.8959797269201841,
-0.1605549331954379,
0.03228727462262545
],
[
0.0,
0.0,
0.0,
1.0
]
],
"at_element": 1,
"to_element": 4
},
{
"pose": [
[
0.8666026315031033,
0.4427299886597254,
0.23019564768530232,
-0.03915660233108218
],
[
0.23993072024462264,
0.03479204060401697,
-0.9701663586176884,
0.0260941080947778
],
[
-0.43753071726999127,
0.8959797269201842,
-0.07607365111021758,
0.06456349618287502
],
[
0.0,
0.0,
0.0,
1.0
]
],
"at_element": 4,
"to_element": 1
},
{
"pose": [
[
-0.636819668258253,
0.12118787617467591,
-0.7614290569631026,
-0.013697175124162964
],
[
0.770998313736661,
0.10614356419777404,
-0.6279292507875535,
-0.05898298008416693
],
[
0.004723381698914453,
-0.9869382161248313,
-0.16102995751617732,
0.022039942147926227
],
[
0.0,
0.0,
0.0,
1.0
]
],
"at_element": 3,
"to_element": 4
},
{
"pose": [
[
0.9655689837888413,
-0.12118787617467588,
0.23019564768530207,
-0.018062739209623438
],
[
0.21796967767533162,
-0.10614356419777371,
-0.9701663586176882,
-0.06280660127789653
],
[
0.1420061870451296,
0.9869382161248313,
-0.0760736511102178,
0.05759252518579391
],
[
0.0,
0.0,
0.0,
1.0
]
],
"at_element": 4,
"to_element": 3
}
],
"nstatus": true,
"opt_line_pos": [
[
3.700743415417188e-17,
0.0,
0.0
],
[
-0.05081100657803107,
0.041250000000000314,
0.02952817899720761
],
[
-0.05375000000000027,
0.005464642361627064,
-0.037731126743845156
],
[
0.001296825841597772,
-0.04661784677773704,
0.025210931377236612
],
[
-0.025347656077086052,
-0.032104103897056264,
0.0600000000000003
]
],
"opt_line_orient": [
[
1.0,
0.0,
0.0
],
[
0.24988604616598403,
0.954871236009411,
-0.1605549331954374
],
[
-0.8822000769126951,
0.46171125368583094,
-0.09244318533614637
],
[
-0.7614290569631027,
-0.6279292507875535,
-0.1610299575161775
],
[
0.23019564768530215,
-0.9701663586176885,
-0.07607365111021785
]
],
"opt_edge_ids": [
[
0,
1
],
[
0,
2
],
[
0,
3
],
[
0,
4
],
[
0,
5
]
],
"opt_parameters": {
"layers": [],
"orient_devi": 0.17266462599716473,
"clamp_t_bnd": 0.0600000000000003,
"bar_collision_distance": 0.02,
"pos_devi": 0.0600000000000003,
"debug_mode": false,
"adjustopt_trust_region_start": 0.010000000000000004,
"bar_available_lengths": [
1.0
],
"clamp_collision_dist": 0.024,
"time_out": 200,
"contactopt_trust_region_start": 0.10000000000000003,
"clamp_gap": 0.016,
"opt_tol": 0.001,
"trust_region_lobnd": 1e-06,
"trust_region_upbnd": 1.0,
"contact_ignore_para_tol": 1e-06,
"line_para_tol": 0.0001,
"bigM": 1,
"pos_tol": 1e-06,
"duplicate_vertices_tol": 0.001,
"bar_contact_distance_tol": 1e-05,
"bar_contact_distance": 0.018000000000000002,
"fixed_contact_pairs": [
[
0,
1
],
[
0,
2
],
[
0,
3
],
[
1,
4
],
[
3,
4
]
],
"clamp_extension_length": 0.03,
"number_clamp_on_joint": [
5,
5.1
],
"radius": 0.018000000000000002,
"tr_size": 0.006250000000000002
}
}