{
"line_pt_pairs": [
[
[
-0.10000001505841867,
0.0,
0.0
],
[
0.8999999849415814,
0.0,
0.0
]
],
[
[
-0.08014778427747557,
-0.08158090070996438,
0.04724804935495687
],
[
0.16371811417610785,
0.8811530730274105,
-0.06968235466072231
]
],
[
[
0.0946353221928667,
-0.052482425726639456,
-0.030484783320481972
],
[
-0.8025351985107951,
0.38650484912512706,
-0.07922110754112593
]
],
[
[
0.10641839006953972,
0.02966952008615331,
0.04515891219036044
],
[
-0.6478866391537824,
-0.6049344150589236,
-0.12307238212429933
]
],
[
[
-0.03934269688761043,
0.09909751074265052,
0.06458447479830191
],
[
0.2347426292674689,
-0.8613782778490203,
0.01596870044807907
]
]
],
"contact_id_pairs": [
[
0,
1
],
[
0,
2
],
[
0,
3
],
[
1,
4
],
[
3,
4
]
],
"coupler_pt_pairs": [
[
[
-0.05835081216047374,
0.0,
0.0
],
[
-0.05835081216047374,
0.004469201886229818,
0.0367966956719628
]
],
[
[
-0.004485933454246639,
0.0,
0.0
],
[
-0.004485933454246668,
-0.003982203202292776,
-0.03586927327071595
]
],
[
[
0.06017289420657322,
0.0,
0.0
],
[
0.06017289420657323,
-0.009237251737431028,
0.03484486240434643
]
],
[
[
-0.04203050499675777,
0.0688985225414481,
0.02897132885185975
],
[
-0.03112011821513077,
0.07028317089638507,
0.06312599821757446
]
],
[
[
0.00946005821310523,
-0.05190243894552745,
0.02353446978197095
],
[
0.00462157410223563,
-0.05496625633745291,
0.05678632993627061
]
]
],
"half_couplers": [
{
"pose": [
[
0.0,
0.0,
1.0,
-0.05835081216047374
],
[
-0.9927047604763476,
-0.12057055414817253,
0.0,
0.0
],
[
0.12057055414817253,
-0.9927047604763476,
0.0,
0.0
],
[
0.0,
0.0,
0.0,
1.0
]
],
"at_element": 0,
"to_element": 1
},
{
"pose": [
[
-0.9698089624103434,
0.0,
0.24386589845358342,
-0.05835081216047374
],
[
0.24208683831271385,
0.1205705541481723,
0.962733973737375,
0.004469201886229818
],
[
-0.029403046514390505,
0.9927047604763477,
-0.11693040401567933,
0.036796695671962795
],
[
0.0,
0.0,
0.0,
1.0
]
],
"at_element": 1,
"to_element": 0
},
{
"pose": [
[
0.0,
0.0,
1.0,
-0.004485933454246707
],
[
0.9938936802700054,
0.11034197895336273,
0.0,
0.0
],
[
-0.11034197895336267,
0.9938936802700054,
0.0,
0.0
],
[
0.0,
0.0,
0.0,
1.0
]
],
"at_element": 0,
"to_element": 2
},
{
"pose": [
[
0.4416843406555411,
1.1102230246251565e-16,
-0.897170520703662,
-0.004485933454246707
],
[
0.8916921106519196,
-0.11034197895336262,
0.43898727485176653,
-0.0039822032022927625
],
[
-0.09899557071306081,
-0.9938936802700054,
-0.048736324220643557,
-0.03586927327071596
],
[
0.0,
0.0,
0.0,
1.0
]
],
"at_element": 2,
"to_element": 0
},
{
"pose": [
[
-2.220446049250313e-16,
1.1102230246251565e-16,
1.0000000000000002,
0.06017289420657328
],
[
-0.9666117569650345,
0.25624541224570085,
-5.551115123125783e-17,
0.0
],
[
-0.256245412245701,
-0.9666117569650345,
0.0,
0.0
],
[
0.0,
0.0,
0.0,
1.0
]
],
"at_element": 0,
"to_element": 3
},
{
"pose": [
[
0.6565241220917954,
-3.3306690738754696e-16,
-0.7543050292233224,
0.06017289420657327
],
[
-0.7291201095851173,
-0.2562454122457014,
-0.6346039351450771,
-0.00923725173743099
],
[
-0.19328720317233594,
0.9666117569650344,
-0.16823129431465977,
0.034844862404346436
],
[
0.0,
0.0,
0.0,
1.0
]
],
"at_element": 3,
"to_element": 0
},
{
"pose": [
[
0.920909070549654,
-0.3040656300057588,
0.2438658984535834,
-0.04203050499675774
],
[
-0.26768295286204136,
-0.038589280362576917,
0.962733973737375,
0.0688985225414482
],
[
-0.2833237027261056,
-0.9518691927414709,
-0.11693040401567911,
0.028971328851859733
],
[
0.0,
0.0,
0.0,
1.0
]
],
"at_element": 1,
"to_element": 4
},
{
"pose": [
[
0.9123712657880368,
0.304065630005759,
0.2740853261550796,
-0.031120118215130804
],
[
0.2756757642055366,
0.03858928036257636,
-0.9604757885916708,
0.0702831708963852
],
[
-0.3026244312576711,
0.9518691927414709,
-0.04861577435022224,
0.06312599821757447
],
[
0.0,
0.0,
0.0,
1.0
]
],
"at_element": 4,
"to_element": 1
},
{
"pose": [
[
-0.6406720511807353,
0.1433989041948086,
-0.7543050292233223,
0.009460058213105249
],
[
0.7674846521717729,
0.09080283133887268,
-0.6346039351450768,
-0.05190243894552746
],
[
-0.022508476550888612,
-0.9854905378016433,
-0.16823129431466,
0.023534469781970952
],
[
0.0,
0.0,
0.0,
1.0
]
],
"at_element": 3,
"to_element": 4
},
{
"pose": [
[
0.9509542514033952,
-0.14339890419480897,
0.27408532615507936,
0.00462157410223564
],
[
0.2631370467077038,
-0.09080283133887268,
-0.9604757885916707,
-0.05496625633745293
],
[
0.16261889923301015,
0.9854905378016433,
-0.04861577435022335,
0.056786329936270606
],
[
0.0,
0.0,
0.0,
1.0
]
],
"at_element": 4,
"to_element": 3
}
],
"nstatus": true,
"opt_line_pos": [
[
3.700743415417188e-17,
0.0,
0.0
],
[
-0.04428455051055155,
0.060000000000000324,
0.03005211322666977
],
[
-0.06000000000000027,
0.023180937166771446,
-0.0388849224517192
],
[
0.014692031872479111,
-0.04750073016170463,
0.024701347459351618
],
[
-0.012896575776277078,
0.006422505531949346,
0.05989360471626115
]
],
"opt_line_orient": [
[
1.0,
0.0,
0.0
],
[
0.24386589845358342,
0.9627339737373749,
-0.11693040401567918
],
[
-0.8971705207036619,
0.43898727485176653,
-0.048736324220643966
],
[
-0.7543050292233222,
-0.634603935145077,
-0.16823129431465977
],
[
0.2740853261550793,
-0.9604757885916708,
-0.04861577435022284
]
],
"opt_edge_ids": [
[
0,
1
],
[
0,
2
],
[
0,
3
],
[
0,
4
],
[
0,
5
]
],
"opt_parameters": {
"layers": [],
"orient_devi": 0.17266462599716473,
"clamp_t_bnd": 0.0600000000000003,
"bar_collision_distance": 0.02,
"pos_devi": 0.0600000000000003,
"debug_mode": false,
"adjustopt_trust_region_start": 0.010000000000000004,
"bar_available_lengths": [
1.0
],
"clamp_collision_dist": 0.024,
"time_out": 200,
"contactopt_trust_region_start": 0.10000000000000003,
"clamp_gap": 0.016,
"opt_tol": 0.001,
"trust_region_lobnd": 1e-06,
"trust_region_upbnd": 1.0,
"contact_ignore_para_tol": 1e-06,
"line_para_tol": 0.0001,
"bigM": 1,
"pos_tol": 1e-06,
"duplicate_vertices_tol": 0.001,
"bar_contact_distance_tol": 1e-05,
"bar_contact_distance": 0.018000000000000002,
"fixed_contact_pairs": [
[
0,
1
],
[
0,
2
],
[
0,
3
],
[
1,
4
],
[
3,
4
]
],
"clamp_extension_length": 0.03,
"number_clamp_on_joint": [
5,
5.1
],
"radius": 0.018000000000000002,
"tr_size": 0.05000000000000002
}
}