{
"line_pt_pairs": [
[
[
-0.10000003602893576,
0.0,
0.0
],
[
0.8999999639710643,
0.0,
0.0
]
],
[
[
-0.08255031294884509,
-0.08099265087607599,
0.050005371264557424
],
[
0.16537443776634256,
0.8745860181843277,
-0.10937695278538155
]
],
[
[
0.08929580000271183,
-0.06392518363660327,
-0.022833374083378884
],
[
-0.7887157151627219,
0.403599683475459,
-0.1253822788495823
]
],
[
[
0.1037974279482151,
0.03149503545386498,
0.045136982824328625
],
[
-0.6562615561805902,
-0.5983775659560633,
-0.11477188696774479
]
],
[
[
-0.051397973584608715,
0.08869374559100383,
0.06835276687160562
],
[
0.17059665711663355,
-0.8835417705875955,
-0.005650510223068825
]
]
],
"contact_id_pairs": [
[
0,
1
],
[
0,
2
],
[
0,
3
],
[
1,
4
],
[
3,
4
]
],
"coupler_pt_pairs": [
[
[
-0.060000178858977946,
0.0,
0.0
],
[
-0.06000017885897794,
0.005922540360652918,
0.03550866301532893
]
],
[
[
-0.01627093517893947,
0.0,
0.0
],
[
-0.016270935178939436,
-0.007712852722063537,
-0.03516322726370124
]
],
[
[
0.05510361588542335,
0.0,
0.0
],
[
0.05510361588542335,
-0.008858277535010992,
0.0348922878527222
]
],
[
[
-0.05404996476994787,
0.02885650578128046,
0.03168347433461603
],
[
-0.03801151759410903,
0.03006715670183056,
0.06389030933895562
]
],
[
[
-0.011307856671821567,
-0.06389448900883912,
0.020919972888208044
],
[
-0.015709745150867694,
-0.06760446343853471,
0.0564558761699811
]
]
],
"half_couplers": [
{
"pose": [
[
-2.220446049250313e-16,
-1.6653345369377348e-16,
1.0,
-0.060000178858977946
],
[
-0.986373961800707,
-0.16451871468491852,
-1.1102230246251565e-16,
0.0
],
[
0.16451871468491847,
-0.9863739618007069,
-2.220446049250313e-16,
0.0
],
[
0.0,
0.0,
0.0,
1.0
]
],
"at_element": 0,
"to_element": 1
},
{
"pose": [
[
-0.9687792927095482,
1.6653345369377348e-16,
0.24792475071518766,
-0.06000017885897794
],
[
0.24454651859139234,
0.1645187146849183,
0.9555786690604036,
0.005922540360652928
],
[
-0.04078826132624129,
0.986373961800707,
-0.15938232404993924,
0.03550866301532892
],
[
0.0,
0.0,
0.0,
1.0
]
],
"at_element": 1,
"to_element": 0
},
{
"pose": [
[
6.661338147750939e-16,
9.43689570931383e-16,
1.0000000000000002,
-0.01627093517893942
],
[
0.976778679291656,
0.21425081489051256,
-9.43689570931383e-16,
0.0
],
[
-0.21425081489051273,
0.976778679291656,
-8.881784197001252e-16,
0.0
],
[
0.0,
0.0,
0.0,
1.0
]
],
"at_element": 0,
"to_element": 2
},
{
"pose": [
[
0.4786395086460151,
-1.4432899320127035e-15,
-0.878011515165434,
-0.01627093517893949
],
[
0.857622928186158,
-0.21425081489051268,
0.4675248671120618,
-0.007712852722063512
],
[
-0.18811468260744868,
-0.9767786792916557,
-0.10254890476620204,
-0.03516322726370125
],
[
0.0,
0.0,
0.0,
1.0
]
],
"at_element": 2,
"to_element": 0
},
{
"pose": [
[
2.220446049250313e-16,
-5.551115123125783e-17,
1.0,
0.05510361588542331
],
[
-0.96925234348133,
0.2460688819333926,
1.1102230246251565e-16,
0.0
],
[
-0.24606888193339255,
-0.96925234348133,
0.0,
0.0
],
[
0.0,
0.0,
0.0,
1.0
]
],
"at_element": 0,
"to_element": 3
},
{
"pose": [
[
0.6498540918122225,
2.7755575615628914e-16,
-0.7600589841288052,
0.05510361588542333
],
[
-0.7366889515508834,
-0.24606888193339227,
-0.6298726014099283,
-0.008858277535011002
],
[
-0.1870268644280051,
0.96925234348133,
-0.15990886979207342,
0.03489228785272219
],
[
0.0,
0.0,
0.0,
1.0
]
],
"at_element": 3,
"to_element": 0
},
{
"pose": [
[
0.8602607642810387,
-0.4455162571909303,
0.24792475071518785,
-0.05404996476994785
],
[
-0.2928113132936598,
-0.03362948176808267,
0.9555786690604035,
0.02885650578128056
],
[
-0.41738825120724876,
-0.8946420080314778,
-0.15938232404993835,
0.031683474334616005
],
[
0.0,
0.0,
0.0,
1.0
]
],
"at_element": 1,
"to_element": 4
},
{
"pose": [
[
0.867314042615709,
0.4455162571909304,
0.22199463070124217,
-0.03801151759410903
],
[
0.23157538521384852,
0.03362948176808234,
-0.9722355161785997,
0.03006715670183062
],
[
-0.4406122926617616,
0.894642008031478,
-0.07400327709467502,
0.06389030933895562
],
[
0.0,
0.0,
0.0,
1.0
]
],
"at_element": 4,
"to_element": 1
},
{
"pose": [
[
-0.6382464743987728,
0.12227746547351037,
-0.7600589841288052,
-0.011307856671821603
],
[
0.7698309690956785,
0.10305719292848092,
-0.6298726014099284,
-0.06389448900883915
],
[
0.0013103200927749303,
-0.9871309114920251,
-0.1599088697920732,
0.02091997288820804
],
[
0.0,
0.0,
0.0,
1.0
]
],
"at_element": 3,
"to_element": 4
},
{
"pose": [
[
0.9673503012751863,
-0.12227746547351007,
0.22199463070124226,
-0.01570974515086768
],
[
0.21008882899058215,
-0.10305719292848048,
-0.9722355161785994,
-0.06760446343853474
],
[
0.14176063824691365,
0.987130911492025,
-0.07400327709467458,
0.0564558761699811
],
[
0.0,
0.0,
0.0,
1.0
]
],
"at_element": 4,
"to_element": 3
}
],
"nstatus": true,
"opt_line_pos": [
[
3.700743415417188e-17,
0.0,
0.0
],
[
-0.053368163508024855,
0.03148437871672819,
0.031245167673615085
],
[
-0.06000000000000027,
0.015572064236627069,
-0.0402706405793514
],
[
0.009500074792704705,
-0.04665063531432173,
0.02529775523495211
],
[
-0.024691812530597424,
-0.028267093486398904,
0.0594501036388415
]
],
"opt_line_orient": [
[
1.0,
0.0,
0.0
],
[
0.24792475071518763,
0.9555786690604038,
-0.159382324049939
],
[
-0.8780115151654337,
0.46752486711206226,
-0.10254890476620343
],
[
-0.7600589841288053,
-0.6298726014099283,
-0.15990886979207342
],
[
0.22199463070124228,
-0.9722355161785995,
-0.07400327709467444
]
],
"opt_edge_ids": [
[
0,
1
],
[
0,
2
],
[
0,
3
],
[
0,
4
],
[
0,
5
]
],
"opt_parameters": {
"layers": [],
"orient_devi": 0.17266462599716473,
"clamp_t_bnd": 0.0600000000000003,
"bar_collision_distance": 0.02,
"pos_devi": 0.0600000000000003,
"debug_mode": false,
"adjustopt_trust_region_start": 0.010000000000000004,
"bar_available_lengths": [
1.0
],
"clamp_collision_dist": 0.024,
"time_out": 200,
"contactopt_trust_region_start": 0.10000000000000003,
"clamp_gap": 0.016,
"opt_tol": 0.001,
"trust_region_lobnd": 1e-06,
"trust_region_upbnd": 1.0,
"contact_ignore_para_tol": 1e-06,
"line_para_tol": 0.0001,
"bigM": 1,
"pos_tol": 1e-06,
"duplicate_vertices_tol": 0.001,
"bar_contact_distance_tol": 1e-05,
"bar_contact_distance": 0.018000000000000002,
"fixed_contact_pairs": [
[
0,
1
],
[
0,
2
],
[
0,
3
],
[
1,
4
],
[
3,
4
]
],
"clamp_extension_length": 0.03,
"number_clamp_on_joint": [
5,
5.1
],
"radius": 0.017999590118033985,
"tr_size": 4.8828125000000016e-05
}
}