{
"line_pt_pairs": [
[
[
-0.09999999976703666,
0.0,
0.0
],
[
0.9000000002329633,
0.0,
0.0
]
],
[
[
-0.02893647095758106,
-0.09585218257230764,
0.002069554620220817
],
[
0.2600262645019645,
0.8613381021885671,
-0.014880261754360458
]
],
[
[
0.08182270116536662,
-0.05762060056486866,
0.0017721935422534611
],
[
-0.7270539553033654,
0.5300176434835787,
-0.0182240248907989
]
],
[
[
0.08156929669197437,
0.05795897087399352,
0.0020789318116936372
],
[
-0.7273073597767576,
-0.5296792731744535,
-0.017917286621358712
]
],
[
[
-0.028797001271972777,
0.0957893561286586,
0.00023945016009839417
],
[
0.28015620745496295,
-0.8552878830145262,
0.00024050267020602647
]
]
],
"contact_id_pairs": [
[
0,
2
],
[
0,
3
],
[
1,
4
],
[
3,
4
]
],
"coupler_pt_pairs": [
[
[
0.0025174889963744326,
0.0,
0.0
],
[
0.002517488996374441,
-6.407782587994348e-06,
-0.00018830851047456273
]
],
[
[
0.0017845099559258726,
0.0,
0.0
],
[
0.0017845099559258744,
-3.626518831276182e-06,
0.00010657420877621942
]
],
[
[
0.0011183915931605747,
0.003704676887935297,
0.0003066131094817307
],
[
0.0011164969473284297,
0.0037040613464549904,
0.00023955206633642997
]
],
[
[
0.002220688490172992,
0.00031325144507929337,
0.0001173569667861868
],
[
0.0022182443295006202,
0.00031245760559310586,
0.00023955581965642484
]
]
],
"half_couplers": [
{
"pose": [
[
-2.4913404672588513e-13,
-2.5779378631796135e-13,
1.0,
0.002517488996374398
],
[
0.9994215461872759,
0.0340084256712192,
2.5779378631796135e-13,
0.0
],
[
-0.0340084256712192,
0.9994215461872759,
2.4913404672588513e-13,
0.0
],
[
0.0,
0.0,
0.0,
1.0
]
],
"at_element": 0,
"to_element": 2
},
{
"pose": [
[
0.587978362374088,
3.6376457401843254e-13,
-0.8088766564686396,
0.002517488996374495
],
[
0.80840875868269,
-0.03400842567117879,
0.5876382440485642,
-6.4077825880498596e-06
],
[
-0.027508621648451637,
-0.9994215461872772,
-0.01999621843335464,
-0.00018830851047456137
],
[
0.0,
0.0,
0.0,
1.0
]
],
"at_element": 2,
"to_element": 0
},
{
"pose": [
[
-1.887379141862766e-13,
1.9517720772910252e-13,
1.0,
0.0017845099559259253
],
[
-0.9994215461872881,
0.03400842567085882,
-1.9523271888033378e-13,
0.0
],
[
-0.03400842567085882,
-0.999421546187288,
1.887379141862766e-13,
0.0
],
[
0.0,
0.0,
0.0,
1.0
]
],
"at_element": 0,
"to_element": 3
},
{
"pose": [
[
0.5879783623740131,
-3.2779334802057747e-13,
-0.8088766564686941,
0.0017845099559258837
],
[
-0.8084087586827506,
-0.034008425670930986,
-0.5876382440484953,
-3.6265188312623042e-06
],
[
-0.027508621648274056,
0.9994215461872857,
-0.019996218433177226,
0.00010657420877622039
],
[
0.0,
0.0,
0.0,
1.0
]
],
"at_element": 3,
"to_element": 0
},
{
"pose": [
[
-0.9569237348898829,
0.02824009773537886,
0.2889627354595974,
0.00111839159316059
],
[
0.2893139855596011,
0.009174776240232552,
0.9571902847608518,
0.003704676887935354
],
[
0.024379978753394232,
0.9995590629676856,
-0.016949816374997484,
0.00030661310948172974
],
[
0.0,
0.0,
0.0,
1.0
]
],
"at_element": 1,
"to_element": 4
},
{
"pose": [
[
-0.9506578836243835,
-0.02824009773548658,
0.30895320872698206,
0.0011164969473284152
],
[
-0.3088169500930045,
-0.009174776240362004,
-0.9510772391431697,
0.003704061346454998
],
[
0.029693090746211764,
-0.9995590629676814,
1.0525103886216414e-06,
0.00023955206633642997
],
[
0.0,
0.0,
0.0,
1.0
]
],
"at_element": 4,
"to_element": 1
},
{
"pose": [
[
-0.5876382146926504,
0.01999708110676207,
-0.8088766564687374,
0.002220688490172998
],
[
0.8090977141062652,
0.006494856402060933,
-0.5876382440484391,
0.00031325144507929337
],
[
-0.006497511896928265,
-0.999778942360523,
-0.019996218433070867,
0.00011735696678618745
],
[
0.0,
0.0,
0.0,
1.0
]
],
"at_element": 3,
"to_element": 4
},
{
"pose": [
[
0.9508669894178332,
-0.019997081106759323,
0.3089532087269461,
0.0022182443295006085
],
[
0.30888493330704736,
-0.006494856402152749,
-0.9510772391431815,
0.0003124576055931194
],
[
0.021025375415604702,
0.9997789423605227,
1.0525101808989135e-06,
0.00023955581965642487
],
[
0.0,
0.0,
0.0,
1.0
]
],
"at_element": 4,
"to_element": 3
}
],
"nstatus": true,
"opt_line_pos": [
[
3.700743415417188e-17,
0.0,
0.0
],
[
3.642919299551295e-17,
0.0,
0.00037221510521588674
],
[
0.020000000000000046,
-0.012707221912369126,
0.00024387618170446275
],
[
-0.01999999999999997,
-0.015829786262200073,
-0.00043196008573217516
],
[
0.0023197447922034473,
0.0,
0.00023955616543779208
]
],
"opt_line_orient": [
[
1.0,
0.0,
0.0
],
[
0.28896273545954554,
0.9571902847608748,
-0.016949816374581275
],
[
-0.808876656468732,
0.5876382440484474,
-0.019996218433052357
],
[
-0.8088766564687321,
-0.5876382440484471,
-0.019996218433052354
],
[
0.30895320872693577,
-0.9510772391431848,
1.0525101076322934e-06
]
],
"opt_edge_ids": [
[
0,
1
],
[
0,
2
],
[
0,
3
],
[
0,
4
],
[
0,
5
]
],
"opt_parameters": {
"layers": [],
"orient_devi": 0.18726646259971647,
"clamp_t_bnd": 0.05,
"bar_collision_distance": 0.02,
"pos_devi": 0.05,
"debug_mode": false,
"adjustopt_trust_region_start": 0.010000000000000004,
"bar_available_lengths": [
1.0
],
"clamp_collision_dist": 0.024,
"time_out": 200,
"contactopt_trust_region_start": 0.010000000000000004,
"clamp_gap": 0.016,
"opt_tol": 0.001,
"trust_region_lobnd": 1e-06,
"trust_region_upbnd": 1.0,
"contact_ignore_para_tol": 1e-06,
"line_para_tol": 0.0001,
"bigM": 1,
"pos_tol": 1e-06,
"duplicate_vertices_tol": 0.001,
"bar_contact_distance_tol": 1e-05,
"bar_contact_distance": 0.018000000000000002,
"fixed_contact_pairs": [
[
0,
2
],
[
0,
4
],
[
1,
4
],
[
2,
3
]
],
"clamp_extension_length": 0.03,
"radius": 2.7949944115771865e-05
}
}