{
"line_pt_pairs": [
[
[
-0.10000000028009187,
0.0,
0.0
],
[
0.8999999997199082,
0.0,
0.0
]
],
[
[
0.007172619439834938,
-0.10608257169265335,
0.06019939132595619
],
[
0.27001827370631853,
0.8442452172284811,
-0.10650170536357287
]
],
[
[
0.060007037918139695,
-0.10035529898872933,
-0.009551847216191397
],
[
-0.6996959626635192,
0.5263065835941217,
-0.18317856124643767
]
],
[
[
0.12098101811475608,
0.035917427675302545,
-0.03586359318096337
],
[
-0.6050310446136447,
-0.6368301853631032,
-0.17840177727203504
]
],
[
[
-0.042971664879782455,
0.09238661533214901,
0.0500806489331537
],
[
0.17615148252910157,
-0.8727758706332922,
-0.09291033663808423
]
]
],
"contact_id_pairs": [
[
0,
2
],
[
0,
4
],
[
1,
4
],
[
2,
3
]
],
"coupler_pt_pairs": [
[
[
-0.05000066790753514,
0.0,
0.0
],
[
-0.050000667907535136,
-0.009612421866279554,
-0.034693615072701064
]
],
[
[
-0.02079909771332726,
0.0,
0.0
],
[
-0.020799097713327264,
-0.0052759561472526945,
0.035611720071613645
]
],
[
[
0.015058014099875026,
-0.07757264752077037,
0.05519834254952962
],
[
-0.004401133743652102,
-0.07750337646725555,
0.024911065863639104
]
],
[
[
0.010118979687301903,
-0.059203764158139535,
-0.020953539210744596
],
[
0.01762994849874101,
-0.05985120890608568,
-0.05615454224808339
]
]
],
"half_couplers": [
{
"pose": [
[
2.220446049250313e-16,
2.7755575615628914e-16,
1.0,
-0.05000066790753515
],
[
0.9636945831434942,
0.2670070231658468,
-2.7755575615628914e-16,
0.0
],
[
-0.2670070231658468,
0.9636945831434942,
-2.220446049250313e-16,
0.0
],
[
0.0,
0.0,
0.0,
1.0
]
],
"at_element": 0,
"to_element": 2
},
{
"pose": [
[
0.6502702137628816,
-4.440892098500626e-16,
-0.7597030005816591,
-0.05000066790753517
],
[
0.7321216664584035,
-0.267007023165847,
0.6266618825828509,
-0.00961242186627953
],
[
-0.20284603667547074,
-0.963694583143494,
-0.17362671403024565,
-0.03469361507270108
],
[
0.0,
0.0,
0.0,
1.0
]
],
"at_element": 2,
"to_element": 0
},
{
"pose": [
[
-2.220446049250313e-16,
2.220446049250313e-16,
1.0,
-0.020799097713327247
],
[
-0.9892028753745222,
0.1465526231453318,
-2.220446049250313e-16,
0.0
],
[
-0.14655262314533196,
-0.9892028753745222,
1.1102230246251565e-16,
0.0
],
[
0.0,
0.0,
0.0,
1.0
]
],
"at_element": 0,
"to_element": 4
},
{
"pose": [
[
0.9756972103422376,
-4.440892098500626e-16,
0.219123147408884,
-0.020799097713327264
],
[
0.21675724747798328,
-0.14655262314533224,
-0.9651624859654411,
-0.0052759561472526945
],
[
0.03211307204463369,
0.9892028753745219,
-0.14299098557123768,
0.035611720071613645
],
[
0.0,
0.0,
0.0,
1.0
]
],
"at_element": 4,
"to_element": 0
},
{
"pose": [
[
-0.7992080251556737,
0.5405355627153432,
0.2628456542664833,
0.01505801409987507
],
[
0.3112449052175756,
-0.0019242090245974453,
0.9503277889211345,
-0.07757264752077021
],
[
0.5141917361285291,
0.8413189661832409,
-0.16670109668953081,
0.05519834254952959
],
[
0.0,
0.0,
0.0,
1.0
]
],
"at_element": 1,
"to_element": 4
},
{
"pose": [
[
-0.8122846494361633,
-0.5405355627153441,
0.21912314740888422,
-0.004401133743652121
],
[
-0.26164417269383045,
0.0019242090245970012,
-0.9651624859654413,
-0.0775033764672555
],
[
0.521283008725328,
-0.8413189661832401,
-0.14299098557123702,
0.02491106586363911
],
[
0.0,
0.0,
0.0,
1.0
]
],
"at_element": 4,
"to_element": 1
},
{
"pose": [
[
-0.6158893249943409,
-0.20864249391061013,
-0.7597030005816587,
0.010118979687301896
],
[
-0.7790837092816671,
0.017984961763531593,
0.6266618825828512,
-0.059203764158139535
],
[
-0.11708506860370266,
0.9778265955092065,
-0.1736267140302461,
-0.020953539210744603
],
[
0.0,
0.0,
0.0,
1.0
]
],
"at_element": 2,
"to_element": 3
},
{
"pose": [
[
-0.6552669643035682,
0.20864249391061013,
-0.7260120627284007,
0.017629948498741
],
[
0.7396534258025793,
-0.017984961763531704,
-0.6727476130384058,
-0.05985120890608568
],
[
-0.1534210389447761,
-0.9778265955092065,
-0.14253818409107133,
-0.05615454224808338
],
[
0.0,
0.0,
0.0,
1.0
]
],
"at_element": 3,
"to_element": 2
}
],
"nstatus": true,
"opt_line_pos": [
[
3.700743415417188e-17,
0.0,
0.0
],
[
0.02423995898713452,
-0.044375,
0.049375
],
[
-0.012819767048400292,
-0.040282108981734496,
-0.02619608691246835
],
[
0.04897784268704642,
-0.03080317778975921,
-0.05
],
[
-0.012206138770113777,
-0.043125,
0.030004299391540583
]
],
"opt_line_orient": [
[
1.0,
0.0,
0.0
],
[
0.2628456542664836,
0.9503277889211346,
-0.16670109668952907
],
[
-0.759703000581659,
0.626661882582851,
-0.17362671403024627
],
[
-0.7260120627284008,
-0.6727476130384058,
-0.1425381840910717
],
[
0.21912314740888403,
-0.9651624859654413,
-0.14299098557123793
]
],
"opt_edge_ids": [
[
0,
1
],
[
0,
2
],
[
0,
3
],
[
0,
4
],
[
0,
5
]
],
"opt_parameters": {
"layers": [],
"orient_devi": 0.18726646259971647,
"clamp_t_bnd": 0.05,
"bar_collision_distance": 0.02,
"pos_devi": 0.05,
"debug_mode": false,
"adjustopt_trust_region_start": 0.010000000000000004,
"bar_available_lengths": [
1.0
],
"clamp_collision_dist": 0.024,
"time_out": 200,
"contactopt_trust_region_start": 0.010000000000000004,
"clamp_gap": 0.016,
"opt_tol": 0.001,
"trust_region_lobnd": 1e-06,
"trust_region_upbnd": 1.0,
"contact_ignore_para_tol": 1e-06,
"line_para_tol": 0.0001,
"bigM": 1,
"pos_tol": 1e-06,
"duplicate_vertices_tol": 0.001,
"bar_contact_distance_tol": 1e-05,
"bar_contact_distance": 0.018000000000000002,
"fixed_contact_pairs": [
[
0,
2
],
[
0,
4
],
[
1,
4
],
[
2,
3
]
],
"clamp_extension_length": 0.03,
"radius": 0.018000000000000002
}
}