{
"line_pt_pairs": [
[
[
-0.10000000027017715,
0.0,
0.0
],
[
0.8999999997298228,
0.0,
0.0
]
],
[
[
-0.01194068813803866,
-0.12472780558300817,
0.051636685402265035
],
[
0.2569036953122559,
0.8376256986847334,
0.011656311331620275
]
],
[
[
0.07212012300727753,
-0.07770618985216482,
-0.020600856898756507
],
[
-0.7765689292069305,
0.4496721873807712,
-0.060587603189303285
]
],
[
[
0.10503965151680236,
0.029202919004128573,
-0.047858864641289474
],
[
-0.6891486141845181,
-0.5781397792326568,
-0.0678550022880919
]
],
[
[
-0.05802833800077718,
0.08750327437087255,
0.028363673174156848
],
[
0.2108152790169594,
-0.875473092268749,
0.008373003291088955
]
]
],
"contact_id_pairs": [
[
0,
2
],
[
0,
4
],
[
1,
4
],
[
2,
3
]
],
"coupler_pt_pairs": [
[
[
-0.04971528156114605,
0.0,
0.0
],
[
-0.04971528156114605,
-0.0019972387549660256,
-0.026341241317494175
]
],
[
[
-0.033445395631014306,
0.0,
0.0
],
[
-0.033445395631014306,
-0.000550862034321295,
0.02653573509208592
]
],
[
[
-0.0038753238137678556,
-0.09585708297000231,
0.05043726929930599
],
[
-0.006762786079119174,
-0.0961258386090951,
0.02455166998729476
]
],
[
[
0.012298918575901955,
-0.04053308194552978,
-0.02341938662781515
],
[
0.013296168545469849,
-0.04095643350688526,
-0.05016878962119564
]
]
],
"half_couplers": [
{
"pose": [
[
-2.220446049250313e-15,
-2.275957200481571e-15,
0.9999999999999999,
-0.04971528156114619
],
[
0.9971378666302662,
0.0756047282386576,
2.3314683517128287e-15,
0.0
],
[
-0.07560472823865749,
0.9971378666302662,
2.220446049250313e-15,
0.0
],
[
0.0,
0.0,
0.0,
1.0
]
],
"at_element": 0,
"to_element": 2
},
{
"pose": [
[
0.5288921370674274,
3.608224830031759e-15,
-0.8486890522142073,
-0.04971528156114607
],
[
0.8462599909573374,
-0.07560472823865783,
0.5273783772329367,
-0.0019972387549660187
],
[
-0.06416490515177742,
-0.9971378666302663,
-0.03998674629054877,
-0.026341241317494178
],
[
0.0,
0.0,
0.0,
1.0
]
],
"at_element": 2,
"to_element": 0
},
{
"pose": [
[
0.0,
-1.1102230246251565e-16,
1.0000000000000002,
-0.033445395631014306
],
[
-0.9997845963286743,
0.020754781230120978,
1.1102230246251565e-16,
0.0
],
[
-0.0207547812301212,
-0.9997845963286743,
-4.440892098500626e-16,
0.0
],
[
0.0,
0.0,
0.0,
1.0
]
],
"at_element": 0,
"to_element": 4
},
{
"pose": [
[
0.963183839974914,
2.7755575615628914e-16,
0.2688436170177365,
-0.0334453956310143
],
[
0.2687857071156184,
-0.020754781230120978,
-0.9629763666396215,
-0.0005508620343212811
],
[
0.005579790456317374,
0.9997845963286741,
-0.019990669883067413,
0.02653573509208592
],
[
0.0,
0.0,
0.0,
1.0
]
],
"at_element": 4,
"to_element": 0
},
{
"pose": [
[
-0.9567832463161907,
0.11085358386575513,
0.2688443834502947,
-0.0038753238137678057
],
[
0.2716049961142065,
0.010317892682121244,
0.9623535042677414,
-0.09585708297000214
],
[
0.10390642739721628,
0.9937831876393954,
-0.03998037407064592,
0.05043726929930598
],
[
0.0,
0.0,
0.0,
1.0
]
],
"at_element": 1,
"to_element": 4
},
{
"pose": [
[
-0.9567834616740294,
-0.1108535838657556,
0.2688436170177365,
-0.006762786079119197
],
[
-0.26938830409680625,
-0.010317892682122132,
-0.9629763666396216,
-0.096125838609095
],
[
0.10952328100868844,
-0.9937831876393957,
-0.01999066988306719,
0.024551669987294765
],
[
0.0,
0.0,
0.0,
1.0
]
],
"at_element": 4,
"to_element": 1
},
{
"pose": [
[
-0.5275786961399445,
-0.03725066484004513,
-0.8486890522142081,
0.012298918575901936
],
[
-0.8494833587577747,
0.01581361504417611,
0.5273783772329357,
-0.04053308194552978
],
[
-0.006224353210268763,
0.99918082324883,
-0.039986746290547215,
-0.023419386627815154
],
[
0.0,
0.0,
0.0,
1.0
]
],
"at_element": 2,
"to_element": 3
},
{
"pose": [
[
-0.6065289659952797,
0.03725066484004541,
-0.7941882657013204,
0.013296168545469833
],
[
0.7942825545595822,
-0.015813615044176554,
-0.6073426982367852,
-0.04095643350688528
],
[
-0.03518290680147024,
-0.9991808232488296,
-0.019996137646802303,
-0.05016878962119564
],
[
0.0,
0.0,
0.0,
1.0
]
],
"at_element": 3,
"to_element": 2
}
],
"nstatus": true,
"opt_line_pos": [
[
3.700743415417188e-17,
0.0,
0.0
],
[
0.008935373235940552,
-0.05000000000000002,
0.04853216548579173
],
[
-0.017856973422522883,
-0.02179410405409947,
-0.024840208540575955
],
[
0.020000000000000046,
-0.035829786262200077,
-0.05
],
[
-0.01999999999999997,
-0.048711195451990624,
0.02553596255335714
]
],
"opt_line_orient": [
[
1.0,
0.0,
0.0
],
[
0.26884438345029454,
0.9623535042677416,
-0.03998037407064476
],
[
-0.848689052214208,
0.527378377232936,
-0.03998674629054678
],
[
-0.7941882657013204,
-0.6073426982367852,
-0.01999613764680242
],
[
0.26884361701773657,
-0.9629763666396215,
-0.019990669883067892
]
],
"opt_edge_ids": [
[
0,
1
],
[
0,
2
],
[
0,
3
],
[
0,
4
],
[
0,
5
]
],
"opt_parameters": {
"layers": [],
"orient_devi": 0.18726646259971647,
"clamp_t_bnd": 0.05,
"bar_collision_distance": 0.02,
"pos_devi": 0.05,
"debug_mode": false,
"adjustopt_trust_region_start": 0.010000000000000004,
"bar_available_lengths": [
1.0
],
"clamp_collision_dist": 0.024,
"time_out": 200,
"contactopt_trust_region_start": 0.010000000000000004,
"clamp_gap": 0.016,
"opt_tol": 0.001,
"trust_region_lobnd": 1e-06,
"trust_region_upbnd": 1.0,
"contact_ignore_para_tol": 1e-06,
"line_para_tol": 0.0001,
"bigM": 1,
"pos_tol": 1e-06,
"duplicate_vertices_tol": 0.001,
"bar_contact_distance_tol": 1e-05,
"bar_contact_distance": 0.018000000000000002,
"fixed_contact_pairs": [
[
0,
2
],
[
0,
4
],
[
1,
4
],
[
2,
3
]
],
"clamp_extension_length": 0.03,
"radius": 0.013270446696788831
}
}