{
"line_pt_pairs": [
[
[
-0.10000003601345024,
0.0,
0.0
],
[
0.8999999639865498,
0.0,
0.0
]
],
[
[
-0.0825707928200088,
-0.08094999789687649,
0.04994985145343915
],
[
0.16574685310124002,
0.8745922261423125,
-0.10903884249166376
]
],
[
[
0.08901637201647282,
-0.06440503504371409,
-0.022790248858884695
],
[
-0.7893151865323254,
0.4026785482583656,
-0.12460674785059196
]
],
[
[
0.10364633360951987,
0.031626953339356556,
0.045175423667655853
],
[
-0.6566977448769934,
-0.597852038549398,
-0.11492792133554025
]
],
[
[
-0.051458902509238964,
0.08864943709676143,
0.0683631684389986
],
[
0.17092027910773466,
-0.8834919245248585,
-0.005722407807853561
]
]
],
"contact_id_pairs": [
[
0,
1
],
[
0,
2
],
[
0,
3
],
[
1,
4
],
[
3,
4
]
],
"coupler_pt_pairs": [
[
[
-0.0599993415051713,
0.0,
0.0
],
[
-0.05999934150517129,
0.005906394081050634,
0.035498177865451064
]
],
[
[
-0.01768273298714981,
0.0,
0.0
],
[
-0.017682732987149823,
-0.007664047184232463,
-0.035158846128652325
]
],
[
[
0.05472997594090892,
0.0,
0.0
],
[
0.05472997594090891,
-0.00887026414854572,
0.034875254691911974
]
],
[
[
-0.054042637570011806,
0.028828172777158278,
0.03168431850255662
],
[
-0.0380499870909792,
0.03003171399070055,
0.06389599116824976
]
],
[
[
-0.011377397569601813,
-0.06359970048037317,
0.020955225684155088
],
[
-0.015781894133743916,
-0.06731433275143386,
0.056477380816959
]
]
],
"half_couplers": [
{
"pose": [
[
0.0,
-1.1102230246251565e-16,
1.0,
-0.0599993415051713
],
[
-0.9864388091746495,
-0.16412944816241626,
-1.1102230246251565e-16,
0.0
],
[
0.16412944816241626,
-0.9864388091746495,
0.0,
0.0
],
[
0.0,
0.0,
0.0,
1.0
]
],
"at_element": 0,
"to_element": 1
},
{
"pose": [
[
-0.9686786601985871,
2.3592239273284576e-16,
0.24831764592124883,
-0.05999934150517129
],
[
0.24495016293960897,
0.16412944816241648,
0.9555422240391891,
0.005906394081050634
],
[
-0.04075623819404468,
0.9864388091746497,
-0.1589886939451033,
0.03549817786545106
],
[
0.0,
0.0,
0.0,
1.0
]
],
"at_element": 1,
"to_element": 0
},
{
"pose": [
[
-2.220446049250313e-16,
-2.7755575615628914e-16,
0.9999999999999998,
-0.01768273298714987
],
[
0.9770561061497676,
0.2129820777329725,
3.3306690738754696e-16,
0.0
],
[
-0.21298207773297245,
0.9770561061497675,
4.440892098500626e-16,
0.0
],
[
0.0,
0.0,
0.0,
1.0
]
],
"at_element": 0,
"to_element": 2
},
{
"pose": [
[
0.4780519566503616,
6.661338147750939e-16,
-0.8783315585487983,
-0.01768273298714984
],
[
0.8581792125041455,
-0.21298207773297273,
0.4670835833020797,
-0.007664047184232463
],
[
-0.18706888027816287,
-0.9770561061497678,
-0.10181649899170764,
-0.035158846128652325
],
[
0.0,
0.0,
0.0,
1.0
]
],
"at_element": 2,
"to_element": 0
},
{
"pose": [
[
-2.220446049250313e-16,
2.7755575615628914e-16,
0.9999999999999999,
0.05472997594090899
],
[
-0.9691441457283061,
0.24649467499431243,
-3.3306690738754696e-16,
0.0
],
[
-0.24649467499431232,
-0.9691441457283061,
3.3306690738754696e-16,
0.0
],
[
0.0,
0.0,
0.0,
1.0
]
],
"at_element": 0,
"to_element": 3
},
{
"pose": [
[
0.6495205018400073,
-5.551115123125783e-16,
-0.7603440784865132,
0.05472997594090897
],
[
-0.736883012404388,
-0.24649467499431266,
-0.6294789918887543,
-0.008870264148545678
],
[
-0.18742076651038303,
0.969144145728306,
-0.1601033450031959,
0.03487525469191198
],
[
0.0,
0.0,
0.0,
1.0
]
],
"at_element": 3,
"to_element": 0
},
{
"pose": [
[
0.8607013472111076,
-0.4444452020588296,
0.24831764592124872,
-0.05404263757001184
],
[
-0.292951102005153,
-0.03344712113481285,
0.9555422240391892,
0.02882817277715817
],
[
-0.4163806464558012,
-0.8951814075675834,
-0.1589886939451035,
0.03168431850255664
],
[
0.0,
0.0,
0.0,
1.0
]
],
"at_element": 1,
"to_element": 4
},
{
"pose": [
[
0.8677649232080377,
0.4444452020588292,
0.22237918161697362,
-0.038049987090979176
],
[
0.2319966877182866,
0.03344712113481341,
-0.9721413616216197,
0.030031713990700475
],
[
-0.4395015073210697,
0.895181407567583,
-0.07408557624685175,
0.06389599116824975
],
[
0.0,
0.0,
0.0,
1.0
]
],
"at_element": 4,
"to_element": 1
},
{
"pose": [
[
-0.6378845927513901,
0.12239333576991895,
-0.7603440784865134,
-0.01137739756960178
],
[
0.770130618476277,
0.10322320115199335,
-0.6294789918887542,
-0.06359970048037317
],
[
0.0014411161439900622,
-0.987099205806107,
-0.16010334500319656,
0.020955225684155084
],
[
0.0,
0.0,
0.0,
1.0
]
],
"at_element": 3,
"to_element": 4
},
{
"pose": [
[
0.9672473163273584,
-0.12239333576991915,
0.22237918161697362,
-0.015781894133743913
],
[
0.21044273275263772,
-0.1032232011519938,
-0.9721413616216197,
-0.06731433275143386
],
[
0.14193831508484595,
0.9870992058061068,
-0.07408557624685219,
0.056477380816958994
],
[
0.0,
0.0,
0.0,
1.0
]
],
"at_element": 4,
"to_element": 3
}
],
"nstatus": true,
"opt_line_pos": [
[
3.700743415417188e-17,
0.0,
0.0
],
[
-0.053250855747637924,
0.03187500000000031,
0.031177369601033067
],
[
-0.06000000000000027,
0.014839642361627069,
-0.04006427840216015
],
[
0.009109325841597776,
-0.04663900812428168,
0.02526905285673892
],
[
-0.02470770902425456,
-0.02829470070606941,
0.05945101411674872
]
],
"opt_line_orient": [
[
1.0,
0.0,
0.0
],
[
0.24831764592124878,
0.9555422240391889,
-0.1589886939451029
],
[
-0.8783315585487982,
0.46708358330207966,
-0.10181649899170728
],
[
-0.7603440784865133,
-0.6294789918887544,
-0.1601033450031961
],
[
0.22237918161697362,
-0.9721413616216199,
-0.07408557624685216
]
],
"opt_edge_ids": [
[
0,
1
],
[
0,
2
],
[
0,
3
],
[
0,
4
],
[
0,
5
]
],
"opt_parameters": {
"layers": [],
"orient_devi": 0.17266462599716473,
"clamp_t_bnd": 0.0600000000000003,
"bar_collision_distance": 0.02,
"pos_devi": 0.0600000000000003,
"debug_mode": false,
"adjustopt_trust_region_start": 0.010000000000000004,
"bar_available_lengths": [
1.0
],
"clamp_collision_dist": 0.024,
"time_out": 200,
"contactopt_trust_region_start": 0.10000000000000003,
"clamp_gap": 0.016,
"opt_tol": 0.001,
"trust_region_lobnd": 1e-06,
"trust_region_upbnd": 1.0,
"contact_ignore_para_tol": 1e-06,
"line_para_tol": 0.0001,
"bigM": 1,
"pos_tol": 1e-06,
"duplicate_vertices_tol": 0.001,
"bar_contact_distance_tol": 1e-05,
"bar_contact_distance": 0.018000000000000002,
"fixed_contact_pairs": [
[
0,
1
],
[
0,
2
],
[
0,
3
],
[
1,
4
],
[
3,
4
]
],
"clamp_extension_length": 0.03,
"number_clamp_on_joint": [
5,
5.1
],
"radius": 0.017992792520032642,
"tr_size": 0.0007812500000000003
}
}