{
"line_pt_pairs": [
[
[
-0.10000000028007264,
0.0,
0.0
],
[
0.8999999997199273,
0.0,
0.0
]
],
[
[
0.007384265561208224,
-0.10825266319380933,
0.05987255061431569
],
[
0.2699027370383588,
0.8421081234371028,
-0.10715567265221579
]
],
[
[
0.060007768992564936,
-0.100355145871588,
-0.009550525372908736
],
[
-0.6996961929076176,
0.5263037724236,
-0.18318373185793232
]
],
[
[
0.12125965650244482,
0.0356030133502941,
-0.03579955971186021
],
[
-0.6047491695987183,
-0.6371494428998763,
-0.17833137031066498
]
],
[
[
-0.04327819498324321,
0.09231630251931275,
0.05006987251576512
],
[
0.1758811761571917,
-0.8728385477894387,
-0.09291713726771342
]
]
],
"contact_id_pairs": [
[
0,
2
],
[
0,
4
],
[
1,
4
],
[
2,
3
]
],
"coupler_pt_pairs": [
[
[
-0.050000050113317214,
0.0,
0.0
],
[
-0.050000050113317214,
-0.009612719371036846,
-0.03469322743543719
]
],
[
[
-0.021117778712493682,
0.0,
0.0
],
[
-0.021117778712493682,
-0.005275843037947217,
0.03561166504043347
]
],
[
[
0.015259821303120879,
-0.07974183381130945,
0.05486170289984279
],
[
-0.004222520069764347,
-0.07968078744619714,
0.024588625047795784
]
],
[
[
0.01044649734297478,
-0.05947341504109004,
-0.020877940978942272
],
[
0.017957728661098578,
-0.060121202653878526,
-0.056080044306853996
]
]
],
"half_couplers": [
{
"pose": [
[
0.0,
-1.6653345369377348e-16,
1.0,
-0.05000005011331722
],
[
0.9636916890131793,
0.26701746858010234,
1.6653345369377348e-16,
0.0
],
[
-0.2670174685801023,
0.9636916890131793,
0.0,
0.0
],
[
0.0,
0.0,
0.0,
1.0
]
],
"at_element": 0,
"to_element": 2
},
{
"pose": [
[
0.6502690906641388,
1.6653345369377348e-16,
-0.7597039619001825,
-0.050000050113317214
],
[
0.7321203941935908,
-0.26701746858010256,
0.6266589182951879,
-0.009612719371036846
],
[
-0.20285422877686132,
-0.9636916890131791,
-0.17363320648502367,
-0.03469322743543719
],
[
0.0,
0.0,
0.0,
1.0
]
],
"at_element": 2,
"to_element": 0
},
{
"pose": [
[
0.0,
-1.1102230246251565e-16,
1.0000000000000002,
-0.02111777871249368
],
[
-0.9892032980203442,
0.14654977033647743,
1.1102230246251565e-16,
0.0
],
[
-0.1465497703364776,
-0.9892032980203442,
-2.220446049250313e-16,
0.0
],
[
0.0,
0.0,
0.0,
1.0
]
],
"at_element": 0,
"to_element": 4
},
{
"pose": [
[
0.9756890744706169,
1.5265566588595902e-16,
0.21915937114043485,
-0.021117778712493672
],
[
0.2167931727241828,
-0.14654977033647687,
-0.9651548503087514,
-0.005275843037947245
],
[
0.03211775550771731,
0.9892032980203441,
-0.14298700978347867,
0.03561166504043346
],
[
0.0,
0.0,
0.0,
1.0
]
],
"at_element": 4,
"to_element": 0
},
{
"pose": [
[
-0.7988854645353096,
0.5411710142713697,
0.26251847147715035,
0.01525982130312091
],
[
0.31114546402059523,
-0.001695716274193071,
0.950360786630912,
-0.07974183381130931
],
[
0.5147528676691476,
0.8409108501255137,
-0.16702822326653255,
0.05486170289984277
],
[
0.0,
0.0,
0.0,
1.0
]
],
"at_element": 1,
"to_element": 4
},
{
"pose": [
[
-0.811851651075383,
-0.5411710142713704,
0.21915937114043496,
-0.004222520069764361
],
[
-0.26167391821083125,
0.0016957162741928489,
-0.9651548503087516,
-0.07968078744619707
],
[
0.521942197158235,
-0.8409108501255135,
-0.142987009783478,
0.024588625047795784
],
[
0.0,
0.0,
0.0,
1.0
]
],
"at_element": 4,
"to_element": 1
},
{
"pose": [
[
-0.6158879009800968,
-0.20864319710811707,
-0.7597039619001826,
0.0104464973429748
],
[
-0.7790858868218067,
0.017993917755281696,
0.6266589182951883,
-0.05947341504109007
],
[
-0.11707806960062883,
0.9778262806983251,
-0.17363320648502345,
-0.020877940978942265
],
[
0.0,
0.0,
0.0,
1.0
]
],
"at_element": 2,
"to_element": 3
},
{
"pose": [
[
-0.6552703264483402,
0.20864319710811668,
-0.7260088261011632,
0.017957728661098613
],
[
0.7396488028336008,
-0.01799391775528192,
-0.6727524562501701,
-0.060121202653878505
],
[
-0.15342896644084703,
-0.9778262806983251,
-0.14253181059880538,
-0.05608004430685399
],
[
0.0,
0.0,
0.0,
1.0
]
],
"at_element": 3,
"to_element": 2
}
],
"nstatus": true,
"opt_line_pos": [
[
3.700743415417188e-17,
0.0,
0.0
],
[
0.024857918220891468,
-0.044995117187499996,
0.048754882812500004
],
[
-0.012819130751640947,
-0.04028223786364936,
-0.026195388049840868
],
[
0.04892741754189885,
-0.03142329497725921,
-0.05
],
[
-0.012523333448357326,
-0.04312487723269731,
0.030004357341602884
]
],
"opt_line_orient": [
[
1.0,
0.0,
0.0
],
[
0.26251847147715063,
0.9503607866309122,
-0.1670282232665315
],
[
-0.7597039619001825,
0.626658918295188,
-0.1736332064850236
],
[
-0.7260088261011631,
-0.6727524562501703,
-0.1425318105988048
],
[
0.2191593711404349,
-0.9651548503087515,
-0.14298700978347853
]
],
"opt_edge_ids": [
[
0,
1
],
[
0,
2
],
[
0,
3
],
[
0,
4
],
[
0,
5
]
],
"opt_parameters": {
"layers": [],
"orient_devi": 0.18726646259971647,
"clamp_t_bnd": 0.05,
"bar_collision_distance": 0.02,
"pos_devi": 0.05,
"debug_mode": false,
"adjustopt_trust_region_start": 0.010000000000000004,
"bar_available_lengths": [
1.0
],
"clamp_collision_dist": 0.024,
"time_out": 200,
"contactopt_trust_region_start": 0.010000000000000004,
"clamp_gap": 0.016,
"opt_tol": 0.001,
"trust_region_lobnd": 1e-06,
"trust_region_upbnd": 1.0,
"contact_ignore_para_tol": 1e-06,
"line_para_tol": 0.0001,
"bigM": 1,
"pos_tol": 1e-06,
"duplicate_vertices_tol": 0.001,
"bar_contact_distance_tol": 1e-05,
"bar_contact_distance": 0.018000000000000002,
"fixed_contact_pairs": [
[
0,
2
],
[
0,
4
],
[
1,
4
],
[
2,
3
]
],
"clamp_extension_length": 0.03,
"radius": 0.01800017000960833
}
}