{
"line_pt_pairs": [
[
[
-0.10000003602558273,
0.0,
0.0
],
[
0.8999999639744173,
0.0,
0.0
]
],
[
[
-0.08254726262390807,
-0.08099722620062266,
0.05000401737822452
],
[
0.16533707158588598,
0.8745925091879294,
-0.10937482209993214
]
],
[
[
0.08931190050874978,
-0.06389710140895148,
-0.022833443668328828
],
[
-0.7886809201884737,
0.4036534994878848,
-0.12542507298154604
]
],
[
[
0.10379744938005583,
0.03149593462508397,
0.0451353377272479
],
[
-0.6562580080141937,
-0.5983815209021262,
-0.11477117465978888
]
],
[
[
-0.05139945216296222,
0.08869423313140833,
0.06834897511003503
],
[
0.17058904211729184,
-0.8835429291004012,
-0.0056510842319924745
]
]
],
"contact_id_pairs": [
[
0,
1
],
[
0,
2
],
[
0,
3
],
[
1,
4
],
[
3,
4
]
],
"coupler_pt_pairs": [
[
[
-0.059999997576023555,
0.0,
0.0
],
[
-0.059999997576023555,
0.005922082796969579,
0.03550710716324952
]
],
[
[
-0.016189688622298855,
0.0,
0.0
],
[
-0.01618968862229885,
-0.007715171180158083,
-0.03516108424686199
]
],
[
[
0.05510385188454607,
0.0,
0.0
],
[
0.05510385188454608,
-0.008857698774364708,
0.03489079139140572
]
],
[
[
-0.054051181511119414,
0.028854663782606992,
0.031682277313812526
],
[
-0.03801289386656934,
0.030065476301764944,
0.06388655415650592
]
],
[
[
-0.011310044005222477,
-0.0638965980385238,
0.020918107737270833
],
[
-0.015711749136301016,
-0.06760625996265629,
0.05645244799354613
]
]
],
"half_couplers": [
{
"pose": [
[
-4.440892098500626e-16,
-1.6653345369377348e-16,
1.0000000000000002,
-0.05999999757602357
],
[
-0.9863748546441233,
-0.16451336154180618,
-1.1102230246251565e-16,
0.0
],
[
0.16451336154180596,
-0.9863748546441233,
-4.440892098500626e-16,
0.0
],
[
0.0,
0.0,
0.0,
1.0
]
],
"at_element": 0,
"to_element": 1
},
{
"pose": [
[
-0.9687896349844822,
1.6653345369377348e-16,
0.24788433420979405,
-0.05999999757602356
],
[
0.24450687412474087,
0.16451336154180618,
0.9555897353885521,
0.005922082796969569
],
[
-0.040780285094405566,
0.9863748546441231,
-0.15937883947815634,
0.03550710716324953
],
[
0.0,
0.0,
0.0,
1.0
]
],
"at_element": 1,
"to_element": 0
},
{
"pose": [
[
3.3306690738754696e-16,
3.885780586188048e-16,
1.0,
-0.016189688622298887
],
[
0.9767624651676985,
0.214324722417925,
-3.885780586188048e-16,
0.0
],
[
-0.21432472241792494,
0.9767624651676985,
-4.440892098500626e-16,
0.0
],
[
0.0,
0.0,
0.0,
1.0
]
],
"at_element": 0,
"to_element": 2
},
{
"pose": [
[
0.4786737999975901,
-4.440892098500626e-16,
-0.8779928206972237,
-0.016189688622298914
],
[
0.8575904319437613,
-0.21432472241792522,
0.467550600896836,
-0.007715171180158048
],
[
-0.18817556758086373,
-0.9767624651676985,
-0.10259162931321653,
-0.035161084246862005
],
[
0.0,
0.0,
0.0,
1.0
]
],
"at_element": 2,
"to_element": 0
},
{
"pose": [
[
-2.220446049250313e-16,
4.440892098500626e-16,
1.0,
0.05510385188454607
],
[
-0.969253660930333,
0.24606369251303006,
-4.440892098500626e-16,
0.0
],
[
-0.24606369251303,
-0.969253660930333,
4.440892098500626e-16,
0.0
],
[
0.0,
0.0,
0.0,
1.0
]
],
"at_element": 0,
"to_element": 3
},
{
"pose": [
[
0.6498582166020664,
-6.106226635438361e-16,
-0.7600554573942494,
0.05510385188454604
],
[
-0.7366865345894551,
-0.24606369251302973,
-0.6298774555272102,
-0.008857698774364726
],
[
-0.18702205236110836,
0.969253660930333,
-0.15990651238703713,
0.034890791391405704
],
[
0.0,
0.0,
0.0,
1.0
]
],
"at_element": 3,
"to_element": 0
},
{
"pose": [
[
0.860259616300334,
-0.4455409626691683,
0.24788433420979428,
-0.05405118151111938
],
[
-0.29277442795428354,
-0.033636170353936734,
0.9555897353885523,
0.028854663782607134
],
[
-0.4174164909282385,
-0.8946294532529946,
-0.159378839478157,
0.03168227731381251
],
[
0.0,
0.0,
0.0,
1.0
]
],
"at_element": 1,
"to_element": 4
},
{
"pose": [
[
0.8673029222774569,
0.4455409626691682,
0.22198849428025422,
-0.03801289386656938
],
[
0.2315675029432217,
0.03363617035393618,
-0.9722371622318096,
0.0300654763017651
],
[
-0.44063832401372505,
0.8946294532529946,
-0.07400005934202714,
0.06388655415650593
],
[
0.0,
0.0,
0.0,
1.0
]
],
"at_element": 4,
"to_element": 1
},
{
"pose": [
[
-0.6382506103679115,
0.12227779868073624,
-0.7600554573942496,
-0.01131004400522248
],
[
0.7698275473427283,
0.1030530852078041,
-0.6298774555272103,
-0.0638965980385238
],
[
0.0013060311130155267,
-0.9871312990574995,
-0.15990651238703646,
0.020918107737270826
],
[
0.0,
0.0,
0.0,
1.0
]
],
"at_element": 3,
"to_element": 4
},
{
"pose": [
[
0.9673516673666196,
-0.12227779868073621,
0.22198849428025405,
-0.015711749136301013
],
[
0.21008322637609847,
-0.10305308520780421,
-0.9722371622318096,
-0.06760625996265628
],
[
0.14175961920952665,
0.9871312990574994,
-0.07400005934202758,
0.05645244799354612
],
[
0.0,
0.0,
0.0,
1.0
]
],
"at_element": 4,
"to_element": 3
}
],
"nstatus": true,
"opt_line_pos": [
[
3.700743415417188e-17,
0.0,
0.0
],
[
-0.053372126768157876,
0.0314724078373472,
0.031245674665160494
],
[
-0.06000000000000027,
0.015614788846002068,
-0.04028022772845514
],
[
0.009500522401046428,
-0.04665034779646896,
0.025296400219024757
],
[
-0.02469353976488239,
-0.028268948086177633,
0.0594465357802473
]
],
"opt_line_orient": [
[
1.0,
0.0,
0.0
],
[
0.24788433420979405,
0.9555897353885521,
-0.15937883947815665
],
[
-0.8779928206972235,
0.4675506008968363,
-0.1025916293132172
],
[
-0.7600554573942495,
-0.6298774555272102,
-0.15990651238703676
],
[
0.22198849428025408,
-0.9722371622318096,
-0.07400005934202751
]
],
"opt_edge_ids": [
[
0,
1
],
[
0,
2
],
[
0,
3
],
[
0,
4
],
[
0,
5
]
],
"opt_parameters": {
"layers": [],
"orient_devi": 0.17266462599716473,
"clamp_t_bnd": 0.0600000000000003,
"bar_collision_distance": 0.02,
"pos_devi": 0.0600000000000003,
"debug_mode": false,
"adjustopt_trust_region_start": 0.010000000000000004,
"bar_available_lengths": [
1.0
],
"clamp_collision_dist": 0.024,
"time_out": 200,
"contactopt_trust_region_start": 0.10000000000000003,
"clamp_gap": 0.016,
"opt_tol": 0.001,
"trust_region_lobnd": 1e-06,
"trust_region_upbnd": 1.0,
"contact_ignore_para_tol": 1e-06,
"line_para_tol": 0.0001,
"bigM": 1,
"pos_tol": 1e-06,
"duplicate_vertices_tol": 0.001,
"bar_contact_distance_tol": 1e-05,
"bar_contact_distance": 0.018000000000000002,
"fixed_contact_pairs": [
[
0,
1
],
[
0,
2
],
[
0,
3
],
[
1,
4
],
[
3,
4
]
],
"clamp_extension_length": 0.03,
"number_clamp_on_joint": [
5,
5.1
],
"radius": 0.017998788447584957,
"tr_size": 6.103515625000002e-06
}
}