{
"line_pt_pairs": [
[
[
-0.10000000027939983,
0.0,
0.0
],
[
0.8999999997206002,
0.0,
0.0
]
],
[
[
-0.003170070077781499,
-0.1253002550375507,
0.05477842510530877
],
[
0.27558994189104863,
0.8325088284938748,
-0.015183101692128928
]
],
[
[
0.0680054642123675,
-0.08306977772671217,
-0.01887613744182578
],
[
-0.7594375563265013,
0.4741043785487415,
-0.08884046649777577
]
],
[
[
0.12348514303825651,
0.013472315933798315,
-0.04522497784496301
],
[
-0.6456816434649191,
-0.6236182999000981,
-0.09520499141803603
]
],
[
[
-0.05449796238253197,
0.08739393220912121,
0.033768266748210644
],
[
0.22426152090402762,
-0.8716656780673248,
-0.016209872614935714
]
]
],
"contact_id_pairs": [
[
0,
2
],
[
0,
4
],
[
1,
4
],
[
2,
3
]
],
"coupler_pt_pairs": [
[
[
-0.049978651553840216,
0.0,
0.0
],
[
-0.049978651553840216,
-0.0036229777366284834,
-0.02885226787491159
]
],
[
[
-0.028654815158538825,
0.0,
0.0
],
[
-0.028654815158538825,
-0.0015182669840485968,
0.029134908993650222
]
],
[
[
0.005192774163165913,
-0.09656583175508383,
0.05267956828817224
],
[
-0.0009419693733648179,
-0.09686308096140218,
0.024166337332979515
]
],
[
[
0.032846593267424916,
-0.05939489768290168,
-0.021848990864923923
],
[
0.03505338540888744,
-0.05977453236486523,
-0.05097122238407029
]
]
],
"half_couplers": [
{
"pose": [
[
3.3306690738754696e-16,
2.7755575615628914e-16,
1.0,
-0.049978651553840146
],
[
0.9922081197951591,
0.12459152062863332,
-3.3306690738754696e-16,
0.0
],
[
-0.12459152062863327,
0.9922081197951591,
-2.220446049250313e-16,
0.0
],
[
0.0,
0.0,
0.0,
1.0
]
],
"at_element": 0,
"to_element": 2
},
{
"pose": [
[
0.5615496841433649,
-6.661338147750939e-16,
-0.827443020538869,
-0.04997865155384017
],
[
0.8209956836464983,
-0.12459152062863321,
0.5571741562754537,
-0.0036229777366285076
],
[
-0.10309238416248745,
-0.9922081197951591,
-0.06996432905594996,
-0.02885226787491158
],
[
0.0,
0.0,
0.0,
1.0
]
],
"at_element": 2,
"to_element": 0
},
{
"pose": [
[
0.0,
-5.551115123125783e-17,
1.0,
-0.028654815158538835
],
[
-0.9986449493348053,
0.05204099507200577,
5.551115123125783e-17,
0.0
],
[
-0.05204099507200588,
-0.9986449493348053,
-2.220446049250313e-16,
0.0
],
[
0.0,
0.0,
0.0,
1.0
]
],
"at_element": 0,
"to_element": 4
},
{
"pose": [
[
0.9603609480178847,
1.6653345369377348e-16,
0.27875948328655964,
-0.02865481515853883
],
[
0.27838175006330285,
-0.052040995072006435,
-0.959059610276446,
-0.001518266984048569
],
[
0.014506920895990733,
0.9986449493348052,
-0.04997813936314621,
0.02913490899365022
],
[
0.0,
0.0,
0.0,
1.0
]
],
"at_element": 4,
"to_element": 0
},
{
"pose": [
[
-0.9370454473953802,
0.21032994376153175,
0.27876001196883005,
0.005192774163165888
],
[
0.2872244747794015,
0.010191201714594422,
0.9578090835314256,
-0.0965658317550839
],
[
0.1986150311615119,
0.9775773392243109,
-0.06996152679743561,
0.052679568288172246
],
[
0.0,
0.0,
0.0,
1.0
]
],
"at_element": 1,
"to_element": 4
},
{
"pose": [
[
-0.9370456046719828,
-0.21032994376153094,
0.27875948328655964,
-0.0009419693733648329
],
[
-0.2830208531963757,
-0.0101912017145942,
-0.9590596102764458,
-0.09686308096140216
],
[
0.20455984801743,
-0.9775773392243111,
-0.04997813936314843,
0.02416633733297951
],
[
0.0,
0.0,
0.0,
1.0
]
],
"at_element": 4,
"to_element": 1
},
{
"pose": [
[
-0.5564437609239903,
-0.0755538793860247,
-0.827443020538869,
0.0328465932674249
],
[
-0.8302939380047489,
0.012997541740754404,
0.5571741562754535,
-0.059394897682901654
],
[
-0.03134194380269578,
0.9970570070053264,
-0.06996432905595018,
-0.02184899086492392
],
[
0.0,
0.0,
0.0,
1.0
]
],
"at_element": 2,
"to_element": 3
},
{
"pose": [
[
-0.6345660453019057,
0.07555387938602492,
-0.7691667865031757,
0.0350533854088874
],
[
0.770679317955973,
-0.012997541740754404,
-0.6370906158338966,
-0.059774532364865234
],
[
-0.05813194495985946,
-0.9970570070053263,
-0.04998001357307258,
-0.0509712223840703
],
[
0.0,
0.0,
0.0,
1.0
]
],
"at_element": 3,
"to_element": 2
}
],
"nstatus": true,
"opt_line_pos": [
[
3.700743415417188e-17,
0.0,
0.0
],
[
0.019079709891183842,
-0.048850834583251686,
0.0491943079052065
],
[
-0.008617902354091624,
-0.03147400791787588,
-0.025355015502020378
],
[
0.05000000000000005,
-0.04739445035719717,
-0.05
],
[
-0.0148193814818145,
-0.04911846150860409,
0.02665438627100592
]
],
"opt_line_orient": [
[
1.0,
0.0,
0.0
],
[
0.27876001196883016,
0.9578090835314255,
-0.0699615267974377
],
[
-0.8274430205388689,
0.5571741562754536,
-0.06996432905595
],
[
-0.7691667865031756,
-0.6370906158338965,
-0.049980013573073016
],
[
0.2787594832865596,
-0.9590596102764459,
-0.04997813936314636
]
],
"opt_edge_ids": [
[
0,
1
],
[
0,
2
],
[
0,
3
],
[
0,
4
],
[
0,
5
]
],
"opt_parameters": {
"layers": [],
"orient_devi": 0.18726646259971647,
"clamp_t_bnd": 0.05,
"bar_collision_distance": 0.02,
"pos_devi": 0.05,
"debug_mode": false,
"adjustopt_trust_region_start": 0.010000000000000004,
"bar_available_lengths": [
1.0
],
"clamp_collision_dist": 0.024,
"time_out": 200,
"contactopt_trust_region_start": 0.010000000000000004,
"clamp_gap": 0.016,
"opt_tol": 0.001,
"trust_region_lobnd": 1e-06,
"trust_region_upbnd": 1.0,
"contact_ignore_para_tol": 1e-06,
"line_para_tol": 0.0001,
"bigM": 1,
"pos_tol": 1e-06,
"duplicate_vertices_tol": 0.001,
"bar_contact_distance_tol": 1e-05,
"bar_contact_distance": 0.018000000000000002,
"fixed_contact_pairs": [
[
0,
2
],
[
0,
4
],
[
1,
4
],
[
2,
3
]
],
"clamp_extension_length": 0.03,
"radius": 0.01453483612629041
}
}