{
"line_pt_pairs": [
[
[
-0.10000003623301416,
0.0,
0.0
],
[
0.8999999637669859,
0.0,
0.0
]
],
[
[
-0.08271589055334881,
-0.08079422958185395,
0.050079343937338316
],
[
0.16716522155971816,
0.874078822210812,
-0.11047246941055672
]
],
[
[
0.08783459363713601,
-0.06646945140111177,
-0.02268066447131344
],
[
-0.7918386257381107,
0.3987562564127043,
-0.12137244681980813
]
],
[
[
0.10304715457757979,
0.032138238628002525,
0.04539754893283314
],
[
-0.6584211391515107,
-0.595780521160261,
-0.11548771686635775
]
],
[
[
-0.05155081319481151,
0.08857614256295022,
0.06828347965965738
],
[
0.17239166545322543,
-0.8833181956891828,
-0.004319285648710522
]
]
],
"contact_id_pairs": [
[
0,
1
],
[
0,
2
],
[
0,
3
],
[
1,
4
],
[
3,
4
]
],
"coupler_pt_pairs": [
[
[
-0.060011183046626414,
0.0,
0.0
],
[
-0.06001118304662641,
0.005967483473088717,
0.03549127871339127
]
],
[
[
-0.023730952485572165,
0.0,
0.0
],
[
-0.02373095248557212,
-0.007466677394380027,
-0.03519736084562514
]
],
[
[
0.05323781146848467,
0.0,
0.0
],
[
0.05323781146848467,
-0.00893533095920123,
0.03487368408989211
]
],
[
[
-0.05401499664674126,
0.028880767147707844,
0.03163865219219209
],
[
-0.03808598550249476,
0.030139753545971308,
0.06391814562046724
]
],
[
[
-0.011468897481186681,
-0.062293503280047735,
0.021202259876840795
],
[
-0.015938668468174266,
-0.06597801813843082,
0.056737924741605036
]
]
],
"half_couplers": [
{
"pose": [
[
-2.220446049250313e-16,
-1.1102230246251565e-16,
1.0,
-0.060011183046626414
],
[
-0.9861573906404764,
-0.16581194433805768,
-1.1102230246251565e-16,
0.0
],
[
0.16581194433805757,
-0.9861573906404764,
-2.220446049250313e-16,
0.0
],
[
0.0,
0.0,
0.0,
1.0
]
],
"at_element": 0,
"to_element": 1
},
{
"pose": [
[
-0.968276525486979,
1.942890293094024e-16,
0.2498811121130669,
-0.06001118304662641
],
[
0.2464221054917624,
0.1658119443380578,
0.954873051792666,
0.005967483473088703
],
[
-0.04143327305282361,
0.9861573906404761,
-0.1605518133478947,
0.035491278713391264
],
[
0.0,
0.0,
0.0,
1.0
]
],
"at_element": 1,
"to_element": 0
},
{
"pose": [
[
1.7763568394002505e-15,
2.1094237467877974e-15,
1.0,
-0.023730952485571874
],
[
0.9782309061888308,
0.20751938265371472,
-2.0539125955565396e-15,
0.0
],
[
-0.20751938265371478,
0.9782309061888308,
-1.7763568394002505e-15,
0.0
],
[
0.0,
0.0,
0.0,
1.0
]
],
"at_element": 0,
"to_element": 2
},
{
"pose": [
[
0.47557862348300295,
-3.2751579226442118e-15,
-0.8796732193752472,
-0.023730952485572027
],
[
0.8605235305394943,
-0.20751938265371384,
0.4652257078138154,
-0.007466677394380075
],
[
-0.18254924342175788,
-0.978230906188831,
-0.09869178234849296,
-0.035197360845625136
],
[
0.0,
0.0,
0.0,
1.0
]
],
"at_element": 2,
"to_element": 0
},
{
"pose": [
[
0.0,
-1.1102230246251565e-16,
1.0,
0.05323781146848468
],
[
-0.9687082217045042,
0.24820229894603574,
1.1102230246251565e-16,
0.0
],
[
-0.24820229894603585,
-0.9687082217045042,
-2.220446049250313e-16,
0.0
],
[
0.0,
0.0,
0.0,
1.0
]
],
"at_element": 0,
"to_element": 3
},
{
"pose": [
[
0.6482021580072896,
1.1102230246251565e-16,
-0.7614682937290906,
0.053237811468484685
],
[
-0.7376405967026705,
-0.24820229894603574,
-0.6279187597882635,
-0.008935330959201217
],
[
-0.1889981810780756,
0.9687082217045041,
-0.1608852657991906,
0.03487368408989212
],
[
0.0,
0.0,
0.0,
1.0
]
],
"at_element": 3,
"to_element": 0
},
{
"pose": [
[
0.8613775516636287,
-0.44225348308307244,
0.2498811121130672,
-0.0540149966467412
],
[
-0.2949502257951969,
-0.03495453137323867,
0.9548730517926661,
0.028880767147708042
],
[
-0.41356145588453364,
-0.8962087019424482,
-0.16055181334789426,
0.03163865219219206
],
[
0.0,
0.0,
0.0,
1.0
]
],
"at_element": 1,
"to_element": 4
},
{
"pose": [
[
0.8684823676724036,
0.44225348308307255,
0.2239424786480371,
-0.038085985502494805
],
[
0.23280802393802014,
0.03495453137323812,
-0.9718943382521331,
0.030139753545971495
],
[
-0.43765146067642724,
0.8962087019424482,
-0.07260276530836762,
0.06391814562046724
],
[
0.0,
0.0,
0.0,
1.0
]
],
"at_element": 4,
"to_element": 1
},
{
"pose": [
[
-0.6362030143317625,
0.12414411867054692,
-0.7614682937290906,
-0.011468897481186721
],
[
0.7715216936453855,
0.10233429210447864,
-0.6279187597882638,
-0.062293503280047756
],
[
-2.810223184518401e-05,
-0.9869731153678851,
-0.1608852657991906,
0.021202259876840792
],
[
0.0,
0.0,
0.0,
1.0
]
],
"at_element": 3,
"to_element": 4
},
{
"pose": [
[
0.9666633354257762,
-0.1241441186705467,
0.2239424786480369,
-0.01593866846817425
],
[
0.21201199950220717,
-0.10233429210447764,
-0.971894338252133,
-0.06597801813843085
],
[
0.14357196108777426,
0.9869731153678851,
-0.07260276530836807,
0.05673792474160503
],
[
0.0,
0.0,
0.0,
1.0
]
],
"at_element": 4,
"to_element": 3
}
],
"nstatus": true,
"opt_line_pos": [
[
3.700743415417188e-17,
0.0,
0.0
],
[
-0.05241365214598379,
0.03500000000000031,
0.030609767851086097
],
[
-0.060000000000000275,
0.011714642361627066,
-0.039266436571067063
],
[
0.007546825841597774,
-0.04661283803941778,
0.025219957956123498
],
[
-0.024649572112293565,
-0.028173319432361232,
0.05956202357589445
]
],
"opt_line_orient": [
[
1.0,
0.0,
0.0
],
[
0.24988111211306696,
0.954873051792666,
-0.16055181334789503
],
[
-0.8796732193752468,
0.46522570781381606,
-0.0986917823484947
],
[
-0.7614682937290905,
-0.6279187597882636,
-0.1608852657991909
],
[
0.22394247864803693,
-0.971894338252133,
-0.07260276530836791
]
],
"opt_edge_ids": [
[
0,
1
],
[
0,
2
],
[
0,
3
],
[
0,
4
],
[
0,
5
]
],
"opt_parameters": {
"layers": [],
"orient_devi": 0.17266462599716473,
"clamp_t_bnd": 0.0600000000000003,
"bar_collision_distance": 0.02,
"pos_devi": 0.0600000000000003,
"debug_mode": false,
"adjustopt_trust_region_start": 0.010000000000000004,
"bar_available_lengths": [
1.0
],
"clamp_collision_dist": 0.024,
"time_out": 200,
"contactopt_trust_region_start": 0.10000000000000003,
"clamp_gap": 0.016,
"opt_tol": 0.001,
"trust_region_lobnd": 1e-06,
"trust_region_upbnd": 1.0,
"contact_ignore_para_tol": 1e-06,
"line_para_tol": 0.0001,
"bigM": 1,
"pos_tol": 1e-06,
"duplicate_vertices_tol": 0.001,
"bar_contact_distance_tol": 1e-05,
"bar_contact_distance": 0.018000000000000002,
"fixed_contact_pairs": [
[
0,
1
],
[
0,
2
],
[
0,
3
],
[
1,
4
],
[
3,
4
]
],
"clamp_extension_length": 0.03,
"number_clamp_on_joint": [
5,
5.1
],
"radius": 0.018000000000000002,
"tr_size": 0.003125000000000001
}
}