{
"line_pt_pairs": [
[
[
-0.10000000028009186,
0.0,
0.0
],
[
0.8999999997199081,
0.0,
0.0
]
],
[
[
0.007382867152032389,
-0.1081938814210803,
0.059881341178743344
],
[
0.2699077102004813,
0.8421660033202355,
-0.1071419992765956
]
],
[
[
0.06000681918437276,
-0.10035552199668885,
-0.009550996731998471
],
[
-0.699694230950603,
0.5263082791285965,
-0.18317932040939788
]
],
[
[
0.12125285709858212,
0.03560888548267895,
-0.035801705749094824
],
[
-0.6047614501241547,
-0.6371386900870347,
-0.17832863398710214
]
],
[
[
-0.0432639814111214,
0.09232034453454951,
0.050069623090887944
],
[
0.17588114498407934,
-0.8728384636111217,
-0.09291250389028054
]
]
],
"contact_id_pairs": [
[
0,
2
],
[
0,
4
],
[
1,
4
],
[
2,
3
]
],
"coupler_pt_pairs": [
[
[
-0.05000066790312586,
0.0,
0.0
],
[
-0.05000066790312586,
-0.009612314522848331,
-0.03469301222818869
]
],
[
[
-0.021104233160794173,
0.0,
0.0
],
[
-0.021104233160794173,
-0.005275602780856252,
0.0356114054233633
]
],
[
[
0.015258614153104588,
-0.07968307868989108,
0.05487063987739094
],
[
-0.0042234741626554035,
-0.07962182942637264,
0.024597485714933774
]
],
[
[
0.010438473755704834,
-0.05946748089644119,
-0.020879753909197038
],
[
0.01794941189550433,
-0.06011531942207101,
-0.05608164042079669
]
]
],
"half_couplers": [
{
"pose": [
[
-4.440892098500626e-16,
-4.996003610813204e-16,
1.0,
-0.05000066790312587
],
[
0.9636941565436745,
0.26700856286564234,
4.996003610813204e-16,
0.0
],
[
-0.2670085628656424,
0.9636941565436745,
3.3306690738754696e-16,
0.0
],
[
0.0,
0.0,
0.0,
1.0
]
],
"at_element": 0,
"to_element": 2
},
{
"pose": [
[
0.6502724924397579,
8.326672684688674e-16,
-0.7597010501349758,
-0.05000066790312584
],
[
0.7321194627351695,
-0.26700856286564245,
0.6266638011252854,
-0.009612314522848331
],
[
-0.20284668560405872,
-0.9636941565436745,
-0.17362832367739967,
-0.034693012228188685
],
[
0.0,
0.0,
0.0,
1.0
]
],
"at_element": 2,
"to_element": 0
},
{
"pose": [
[
0.0,
-5.551115123125783e-17,
1.0,
-0.021104233160794184
],
[
-0.9892041106071792,
0.14654428531287012,
0.0,
0.0
],
[
-0.14654428531287017,
-0.989204110607179,
0.0,
0.0
],
[
0.0,
0.0,
0.0,
1.0
]
],
"at_element": 0,
"to_element": 4
},
{
"pose": [
[
0.975692274017393,
2.7755575615628914e-17,
0.21914512639520073,
-0.021104233160794184
],
[
0.21677925984966237,
-0.14654428531287067,
-0.9651588081456712,
-0.005275602780856231
],
[
0.03211446592738336,
0.9892041106071789,
-0.1429821269811684,
0.0356114054233633
],
[
0.0,
0.0,
0.0,
1.0
]
],
"at_element": 4,
"to_element": 0
},
{
"pose": [
[
-0.7988873948842414,
0.5411650737782859,
0.2625248430484488,
0.015258614153104633
],
[
0.31114818794783133,
-0.0017013557106195787,
0.9503598847413158,
-0.07968307868989091
],
[
0.5147482252828575,
0.8409146617292912,
-0.16702334045533984,
0.05487063987739092
],
[
0.0,
0.0,
0.0,
1.0
]
],
"at_element": 1,
"to_element": 4
},
{
"pose": [
[
-0.8118594561251187,
-0.5411650737782865,
0.21914512639520073,
-0.004223474162655436
],
[
-0.2616592831289832,
0.0017013557106189126,
-0.9651588081456713,
-0.07962182942637253
],
[
0.5219373938056684,
-0.840914661729291,
-0.1429821269811684,
0.02459748571493379
],
[
0.0,
0.0,
0.0,
1.0
]
],
"at_element": 4,
"to_element": 1
},
{
"pose": [
[
-0.6158937169187264,
-0.20863663121285925,
-0.7597010501349759,
0.010438473755704815
],
[
-0.7790819234764306,
0.017995468081557497,
0.6266638011252852,
-0.05946748089644117
],
[
-0.11707384837059492,
0.9778276531396906,
-0.1736283236773999,
-0.020879753909197045
],
[
0.0,
0.0,
0.0,
1.0
]
],
"at_element": 2,
"to_element": 3
},
{
"pose": [
[
-0.6552663441868802,
0.20863663121285936,
-0.7260143072227369,
0.017949411895504322
],
[
0.7396532043421418,
-0.01799546808155794,
-0.6727475755697137,
-0.06011531942207102
],
[
-0.15342475511586462,
-0.9778276531396906,
-0.14252692823800706,
-0.05608164042079669
],
[
0.0,
0.0,
0.0,
1.0
]
],
"at_element": 3,
"to_element": 2
}
],
"nstatus": true,
"opt_line_pos": [
[
3.700743415417188e-17,
0.0,
0.0
],
[
0.024844812564958033,
-0.04498031185073493,
0.048771716581510964
],
[
-0.012819891042628071,
-0.04028207199133004,
-0.02619541181265064
],
[
0.048928525887979135,
-0.031409102995758546,
-0.05
],
[
-0.012510379078500965,
-0.04312464875272933,
0.03000431045454274
]
],
"opt_line_orient": [
[
1.0,
0.0,
0.0
],
[
0.262524843048449,
0.9503598847413158,
-0.16702334045533895
],
[
-0.7597010501349758,
0.6266638011252853,
-0.17362832367739942
],
[
-0.7260143072227369,
-0.6727475755697137,
-0.14252692823800733
],
[
0.21914512639520076,
-0.9651588081456712,
-0.1429821269811685
]
],
"opt_edge_ids": [
[
0,
1
],
[
0,
2
],
[
0,
3
],
[
0,
4
],
[
0,
5
]
],
"opt_parameters": {
"layers": [],
"orient_devi": 0.18726646259971647,
"clamp_t_bnd": 0.05,
"bar_collision_distance": 0.02,
"pos_devi": 0.05,
"debug_mode": false,
"adjustopt_trust_region_start": 0.010000000000000004,
"bar_available_lengths": [
1.0
],
"clamp_collision_dist": 0.024,
"time_out": 200,
"contactopt_trust_region_start": 0.010000000000000004,
"clamp_gap": 0.016,
"opt_tol": 0.001,
"trust_region_lobnd": 1e-06,
"trust_region_upbnd": 1.0,
"contact_ignore_para_tol": 1e-06,
"line_para_tol": 0.0001,
"bigM": 1,
"pos_tol": 1e-06,
"duplicate_vertices_tol": 0.001,
"bar_contact_distance_tol": 1e-05,
"bar_contact_distance": 0.018000000000000002,
"fixed_contact_pairs": [
[
0,
2
],
[
0,
4
],
[
1,
4
],
[
2,
3
]
],
"clamp_extension_length": 0.03,
"radius": 0.018000028749308904
}
}