{
"line_pt_pairs": [
[
[
-0.1000000395972231,
0.0,
0.0
],
[
0.8999999604027769,
0.0,
0.0
]
],
[
[
-0.08321418597524764,
-0.08007240549661568,
0.049251692137035535
],
[
0.17293167675512647,
0.8741693553131225,
-0.10505954832470997
]
],
[
[
0.08590894114774429,
-0.0698724818631337,
-0.023456280901183665
],
[
-0.798779589195469,
0.38827212126623395,
-0.10965214450611152
]
],
[
[
0.10142762039049108,
0.03338723288005243,
0.04606195352299948
],
[
-0.6644056879330688,
-0.5883136016584131,
-0.11821651797088478
]
],
[
[
-0.05220760757888104,
0.0876930938996634,
0.06820919779888318
],
[
0.18424716485359124,
-0.8814371229573456,
-0.0016174688020255887
]
]
],
"contact_id_pairs": [
[
0,
1
],
[
0,
2
],
[
0,
3
],
[
1,
4
],
[
3,
4
]
],
"coupler_pt_pairs": [
[
[
-0.0601847745195795,
0.0,
0.0
],
[
-0.0601847745195795,
0.0057210010554973045,
0.035377967959148666
]
],
[
[
-0.03617339420017984,
0.0,
0.0
],
[
-0.03617339420017987,
-0.00665095116759884,
-0.035350853923553874
]
],
[
[
0.04896960783528841,
0.0,
0.0
],
[
0.04896960783528841,
-0.009198000524316442,
0.034809214804909214
]
],
[
[
-0.0535342540262628,
0.030496745306045524,
0.03137146144719216
],
[
-0.03856670338399721,
0.031784675116156645,
0.06418094808519594
]
],
[
[
-0.011135559482700716,
-0.05799116775213886,
0.02191608922710172
],
[
-0.015762550862063237,
-0.061680104856231724,
0.0574467302096819
]
]
],
"half_couplers": [
{
"pose": [
[
0.0,
-1.6653345369377348e-16,
1.0,
-0.06018477451957953
],
[
-0.9871757792661879,
-0.15963702838061855,
-1.6653345369377348e-16,
0.0
],
[
0.1596370283806186,
-0.9871757792661879,
0.0,
0.0
],
[
0.0,
0.0,
0.0,
1.0
]
],
"at_element": 0,
"to_element": 1
},
{
"pose": [
[
-0.9666381417087331,
4.163336342344337e-16,
0.25614586273037415,
-0.060184774519579515
],
[
0.2528609916466672,
0.15963702838061866,
0.9542417608097383,
0.0057210010554973045
],
[
-0.04089036435826643,
0.987175779266188,
-0.1543112404617457,
0.03537796795914867
],
[
0.0,
0.0,
0.0,
1.0
]
],
"at_element": 1,
"to_element": 0
},
{
"pose": [
[
-8.881784197001252e-16,
-1.1657341758564144e-15,
1.0,
-0.03617339420017977
],
[
0.9827578636692744,
0.18489721846529694,
1.1657341758564144e-15,
0.0
],
[
-0.184897218465297,
0.9827578636692744,
8.881784197001252e-16,
0.0
],
[
0.0,
0.0,
0.0,
1.0
]
],
"at_element": 0,
"to_element": 2
},
{
"pose": [
[
0.46618258684679126,
1.3322676295501878e-15,
-0.884688530343213,
-0.03617339420017969
],
[
0.8694346100928062,
-0.18489721846529683,
0.45814460312936856,
-0.006650951167598923
],
[
-0.1635764484686107,
-0.9827578636692746,
-0.08619586360492959,
-0.03535085392355385
],
[
0.0,
0.0,
0.0,
1.0
]
],
"at_element": 2,
"to_element": 0
},
{
"pose": [
[
0.0,
1.1102230246251565e-16,
1.0,
0.0489696078352885
],
[
-0.9668164651785007,
0.25547196061358446,
-1.1102230246251565e-16,
0.0
],
[
-0.25547196061358446,
-0.9668164651785007,
1.1102230246251565e-16,
0.0
],
[
0.0,
0.0,
0.0,
1.0
]
],
"at_element": 0,
"to_element": 3
},
{
"pose": [
[
0.6430391464461485,
-4.440892098500626e-16,
-0.76583330832356,
0.04896960783528849
],
[
-0.7404202520693413,
-0.2554719606135849,
-0.6217008345384655,
-0.009198000524316397
],
[
-0.19564893678060763,
0.9668164651785008,
-0.16427847149388408,
0.03480921480490923
],
[
0.0,
0.0,
0.0,
1.0
]
],
"at_element": 3,
"to_element": 0
},
{
"pose": [
[
0.8731235679460885,
-0.41478251180974857,
0.25614586273037454,
-0.05353425402626277
],
[
-0.296898628811771,
-0.03569126134532641,
0.9542417608097382,
0.030496745306045667
],
[
-0.3866606254931866,
-0.909220326301813,
-0.15431124046174438,
0.03137146144719214
],
[
0.0,
0.0,
0.0,
1.0
]
],
"at_element": 1,
"to_element": 4
},
{
"pose": [
[
0.8786606901931505,
0.4147825118097488,
0.23645477243247193,
-0.03856670338399722
],
[
0.24395236551070032,
0.035691261345326075,
-0.9691302168570092,
0.03178467511615666
],
[
-0.4104176346979137,
0.9092203263018132,
-0.06982666660090975,
0.06418094808519594
],
[
0.0,
0.0,
0.0,
1.0
]
],
"at_element": 4,
"to_element": 1
},
{
"pose": [
[
-0.6300780887700923,
0.12845600769920767,
-0.7658333083235597,
-0.011135559482700744
],
[
0.7765304619628595,
0.10241344627500437,
-0.6217008345384656,
-0.0579911677521389
],
[
-0.001429578810473342,
-0.9864129663118069,
-0.16427847149388364,
0.021916089227101712
],
[
0.0,
0.0,
0.0,
1.0
]
],
"at_element": 3,
"to_element": 4
},
{
"pose": [
[
0.9631138015208218,
-0.1284560076992076,
0.23645477243247232,
-0.01576255086206322
],
[
0.22427239865120194,
-0.10241344627500393,
-0.9691302168570091,
-0.061680104856231766
],
[
0.1487067467310999,
0.9864129663118071,
-0.06982666660090886,
0.05744673020968189
],
[
0.0,
0.0,
0.0,
1.0
]
],
"at_element": 4,
"to_element": 3
}
],
"nstatus": true,
"opt_line_pos": [
[
3.700743415417188e-17,
0.0,
0.0
],
[
-0.04897009269767916,
0.04750000000000032,
0.028621850780934276
],
[
-0.047500000000000264,
-0.0007853576383729378,
-0.03645441357776274
],
[
0.0030238515240773277,
-0.04649660680289396,
0.024953416504677396
],
[
-0.024408715094405155,
-0.026243057292034827,
0.0600000000000003
]
],
"opt_line_orient": [
[
1.0,
0.0,
0.0
],
[
0.2561458627303741,
0.9542417608097381,
-0.15431124046174552
],
[
-0.8846885303432134,
0.4581446031293677,
-0.08619586360492786
],
[
-0.7658333083235599,
-0.6217008345384655,
-0.16427847149388425
],
[
0.2364547724324723,
-0.969130216857009,
-0.06982666660090878
]
],
"opt_edge_ids": [
[
0,
1
],
[
0,
2
],
[
0,
3
],
[
0,
4
],
[
0,
5
]
],
"opt_parameters": {
"layers": [],
"orient_devi": 0.17266462599716473,
"clamp_t_bnd": 0.0600000000000003,
"bar_collision_distance": 0.02,
"pos_devi": 0.0600000000000003,
"debug_mode": false,
"adjustopt_trust_region_start": 0.010000000000000004,
"bar_available_lengths": [
1.0
],
"clamp_collision_dist": 0.024,
"time_out": 200,
"contactopt_trust_region_start": 0.10000000000000003,
"clamp_gap": 0.016,
"opt_tol": 0.001,
"trust_region_lobnd": 1e-06,
"trust_region_upbnd": 1.0,
"contact_ignore_para_tol": 1e-06,
"line_para_tol": 0.0001,
"bigM": 1,
"pos_tol": 1e-06,
"duplicate_vertices_tol": 0.001,
"bar_contact_distance_tol": 1e-05,
"bar_contact_distance": 0.018000000000000002,
"fixed_contact_pairs": [
[
0,
1
],
[
0,
2
],
[
0,
3
],
[
1,
4
],
[
3,
4
]
],
"clamp_extension_length": 0.03,
"number_clamp_on_joint": [
5,
5.1
],
"radius": 0.018000000000000002,
"tr_size": 0.012500000000000004
}
}