{
"line_pt_pairs": [
[
[
-0.10000000028179003,
0.0,
0.0
],
[
0.89999999971821,
0.0,
0.0
]
],
[
[
-0.0006262322687559425,
-0.108269879537,
0.05850417545365956
],
[
0.24793439528519498,
0.8501926980428935,
-0.08137828166263748
]
],
[
[
0.05954104517159793,
-0.09699988949188587,
-0.013284251062253635
],
[
-0.7071470696657924,
0.5296012853124382,
-0.15314240170400079
]
],
[
[
0.12970192807699044,
0.027692468950774263,
-0.03655768146512173
],
[
-0.5812083360954983,
-0.6652941997362678,
-0.1564579455025222
]
],
[
[
-0.04965921443127507,
0.09046220249332428,
0.04559860773039674
],
[
0.1789147218226887,
-0.8756509475485231,
-0.07431526545193237
]
]
],
"contact_id_pairs": [
[
0,
2
],
[
0,
4
],
[
1,
4
],
[
2,
3
]
],
"coupler_pt_pairs": [
[
[
-0.050056776340296864,
0.0,
0.0
],
[
-0.050056776340296864,
-0.007427451382664301,
-0.03327692909440091
]
],
[
[
-0.027262648656367888,
0.0,
0.0
],
[
-0.027262648656367888,
-0.004201332052775106,
0.033848978739154566
]
],
[
[
0.00683067088531771,
-0.07951567703859443,
0.05430765428321119
],
[
-0.009410625533295811,
-0.0796564542627203,
0.024483496077782455
]
],
[
[
0.02475851471328683,
-0.06857271809577331,
-0.01962923057921326
],
[
0.030681999075893855,
-0.06883095206351023,
-0.053258123462559946
]
]
],
"half_couplers": [
{
"pose": [
[
6.661338147750939e-16,
8.326672684688674e-16,
1.0,
-0.05005677634029686
],
[
0.9759842959223508,
0.21784089173741739,
-8.326672684688674e-16,
0.0
],
[
-0.21784089173741733,
0.9759842959223508,
-6.661338147750939e-16,
0.0
],
[
0.0,
0.0,
0.0,
1.0
]
],
"at_element": 0,
"to_element": 2
},
{
"pose": [
[
0.6420197306680596,
-1.0547118733938987e-15,
-0.7666881148373909,
-0.05005677634029691
],
[
0.7482755599516051,
-0.2178408917374175,
0.6266011748043236,
-0.007427451382664263
],
[
-0.1670160226206574,
-0.9759842959223508,
-0.139858150641746,
-0.033276929094400914
],
[
0.0,
0.0,
0.0,
1.0
]
],
"at_element": 2,
"to_element": 0
},
{
"pose": [
[
0.0,
1.1102230246251565e-16,
1.0,
-0.027262648656367877
],
[
-0.9923849985080702,
0.12317473253933886,
-1.1102230246251565e-16,
0.0
],
[
-0.12317473253933886,
-0.9923849985080702,
1.1102230246251565e-16,
0.0
],
[
0.0,
0.0,
0.0,
1.0
]
],
"at_element": 0,
"to_element": 4
},
{
"pose": [
[
0.9735265562198953,
-2.0816681711721685e-16,
0.2285739362539638,
-0.027262648656367884
],
[
0.22683334538837358,
-0.12317473253933886,
-0.9661131500418474,
-0.004201332052775106
],
[
0.028154533463546044,
0.9923849985080702,
-0.11991387318232927,
0.033848978739154566
],
[
0.0,
0.0,
0.0,
1.0
]
],
"at_element": 4,
"to_element": 0
},
{
"pose": [
[
-0.8423160304868276,
0.47824817742977266,
0.24856062755395092,
0.0068306708853177285
],
[
0.2851881890080653,
0.004145386496650527,
0.9584625775798934,
-0.07951567703859436
],
[
0.457352600993165,
0.8782149489480886,
-0.13988245711629688,
0.05430765428321118
],
[
0.0,
0.0,
0.0,
1.0
]
],
"at_element": 1,
"to_element": 4
},
{
"pose": [
[
-0.8479579213914274,
-0.4782481774297726,
0.22857393625396383,
-0.009410625533295823
],
[
-0.2580856390561324,
-0.004145386496650971,
-0.9661131500418475,
-0.07965645426272022
],
[
0.46298938050728344,
-0.8782149489480889,
-0.11991387318232949,
0.02448349607778247
],
[
0.0,
0.0,
0.0,
1.0
]
],
"at_element": 4,
"to_element": 1
},
{
"pose": [
[
-0.6181411338355023,
-0.1734672108141725,
-0.7666881148373903,
0.02475851471328684
],
[
-0.7793033937138046,
0.00756229330216085,
0.6266011748043241,
-0.06857271809577331
],
[
-0.10289683769050856,
0.98481061046902,
-0.13985815064174711,
-0.01962923057921326
],
[
0.0,
0.0,
0.0,
1.0
]
],
"at_element": 2,
"to_element": 3
},
{
"pose": [
[
-0.6815539032729208,
0.17346721081417255,
-0.7109102641724887,
0.030681999075893876
],
[
0.7209107356268514,
-0.007562293302161294,
-0.692986668687042,
-0.06883095206351023
],
[
-0.12558657647773552,
-0.9848106104690199,
-0.1199002640374005,
-0.05325812346255995
],
[
0.0,
0.0,
0.0,
1.0
]
],
"at_element": 3,
"to_element": 2
}
],
"nstatus": true,
"opt_line_pos": [
[
3.700743415417188e-17,
0.0,
0.0
],
[
0.014485049239783271,
-0.05,
0.05
],
[
-0.013567156001571762,
-0.037249798344777166,
-0.026620544680151882
],
[
0.05000000000000005,
-0.05,
-0.05
],
[
-0.01642708368405379,
-0.05,
0.02816445238744799
]
],
"opt_line_orient": [
[
1.0,
0.0,
0.0
],
[
0.2485606275539509,
0.9584625775798935,
-0.13988245711629704
],
[
-0.7666881148373903,
0.6266011748043241,
-0.13985815064174714
],
[
-0.7109102641724887,
-0.692986668687042,
-0.11990026403740048
],
[
0.22857393625396377,
-0.9661131500418474,
-0.11991387318232911
]
],
"opt_edge_ids": [
[
0,
1
],
[
0,
2
],
[
0,
3
],
[
0,
4
],
[
0,
5
]
],
"opt_parameters": {
"layers": [],
"orient_devi": 0.18726646259971647,
"clamp_t_bnd": 0.05,
"bar_collision_distance": 0.02,
"pos_devi": 0.05,
"debug_mode": false,
"adjustopt_trust_region_start": 0.010000000000000004,
"bar_available_lengths": [
1.0
],
"clamp_collision_dist": 0.024,
"time_out": 200,
"contactopt_trust_region_start": 0.010000000000000004,
"clamp_gap": 0.016,
"opt_tol": 0.001,
"trust_region_lobnd": 1e-06,
"trust_region_upbnd": 1.0,
"contact_ignore_para_tol": 1e-06,
"line_para_tol": 0.0001,
"bigM": 1,
"pos_tol": 1e-06,
"duplicate_vertices_tol": 0.001,
"bar_contact_distance_tol": 1e-05,
"bar_contact_distance": 0.018000000000000002,
"fixed_contact_pairs": [
[
0,
2
],
[
0,
4
],
[
1,
4
],
[
2,
3
]
],
"clamp_extension_length": 0.03,
"radius": 0.017055911870107195
}
}