{
"line_pt_pairs": [
[
[
-0.10000000027423597,
0.0,
0.0
],
[
0.899999999725764,
0.0,
0.0
]
],
[
[
-0.006985704981522059,
-0.10321062000834988,
0.050657925040007774
],
[
0.2518861918544509,
0.8614068659534301,
0.0006734593999678934
]
],
[
[
0.07061104534144644,
-0.07824716809080795,
-0.02158298096950208
],
[
-0.7721570345047131,
0.45919350337608306,
-0.05157445051726997
]
],
[
[
0.09657046672027912,
0.03866856067128342,
-0.048920516332887715
],
[
-0.7052950772109079,
-0.5587522920265684,
-0.05891922713544838
]
],
[
[
-0.04746158922149947,
0.09070755951573231,
0.02882539116096433
],
[
0.21140966621871687,
-0.8747385081403803,
-0.0011673338595325697
]
]
],
"contact_id_pairs": [
[
0,
2
],
[
0,
4
],
[
1,
4
],
[
2,
3
]
],
"coupler_pt_pairs": [
[
[
-0.04982568678719361,
0.0,
0.0
],
[
-0.0498256867871936,
-0.0014435969395252685,
-0.025868946077160337
]
],
[
[
-0.022923156082407237,
0.0,
0.0
],
[
-0.022923156082407237,
-0.0008071733204520481,
0.025982377647072643
]
],
[
[
0.0007804724502126487,
-0.07427201894235716,
0.04915838710740259
],
[
-0.0031538254895596934,
-0.07453580127724008,
0.023691910537071294
]
],
[
[
-0.0006186561436057689,
-0.032823356356622806,
-0.0241178223737654
],
[
2.9563107565910272e-05,
-0.03325814748201982,
-0.05012431487884973
]
]
],
"half_couplers": [
{
"pose": [
[
-1.7763568394002505e-15,
-1.6653345369377348e-15,
1.0,
-0.04982568678719364
],
[
0.9984465704875171,
0.05571755452023841,
1.7208456881689926e-15,
0.0
],
[
-0.05571755452023852,
0.998446570487517,
1.5543122344752192e-15,
0.0
],
[
0.0,
0.0,
0.0,
1.0
]
],
"at_element": 0,
"to_element": 2
},
{
"pose": [
[
0.5382768466062965,
2.220446049250313e-15,
-0.8427680798461588,
-0.04982568678719355
],
[
0.8414588990387473,
-0.055717554520237966,
0.5374406714668918,
-0.001443596939525324
],
[
-0.046956976436743514,
-0.998446570487517,
-0.029991469547769878,
-0.025868946077160337
],
[
0.0,
0.0,
0.0,
1.0
]
],
"at_element": 2,
"to_element": 0
},
{
"pose": [
[
0.0,
-1.1102230246251565e-16,
1.0000000000000002,
-0.022923156082407248
],
[
-0.999517795117672,
0.031051203569390062,
1.1102230246251565e-16,
0.0
],
[
-0.03105120356939023,
-0.999517795117672,
-2.220446049250313e-16,
0.0
],
[
0.0,
0.0,
0.0,
1.0
]
],
"at_element": 0,
"to_element": 4
},
{
"pose": [
[
0.9659118350588765,
2.7755575615628914e-16,
0.2588712554402164,
-0.02292315608240724
],
[
0.2587464264569487,
-0.031051203569390617,
-0.9654460676561127,
-0.0008071733204520343
],
[
0.008038264050937521,
0.9995177951176719,
-0.02999272502049677,
0.025982377647072643
],
[
0.0,
0.0,
0.0,
1.0
]
],
"at_element": 4,
"to_element": 0
},
{
"pose": [
[
-0.9537699903517181,
0.15267005774882414,
0.25887189683597306,
0.0007804724502126596
],
[
0.2634546053669455,
0.010236048442744727,
0.9646174859617801,
-0.07427201894235712
],
[
0.14461838201083227,
0.9882242037003793,
-0.049984465640041664,
0.04915838710740259
],
[
0.0,
0.0,
0.0,
1.0
]
],
"at_element": 1,
"to_element": 4
},
{
"pose": [
[
-0.9537701644388847,
-0.15267005774882486,
0.2588712554402163,
-0.0031538254895596834
],
[
-0.2604018313292487,
-0.010236048442744838,
-0.9654460676561126,
-0.07453580127724012
],
[
0.15004452561355483,
-0.9882242037003791,
-0.029992725020495214,
0.023691910537071294
],
[
0.0,
0.0,
0.0,
1.0
]
],
"at_element": 4,
"to_element": 1
},
{
"pose": [
[
-0.5376999654620165,
-0.0249140670016767,
-0.8427680798461596,
-0.0006186561436057475
],
[
-0.8431359711989881,
0.016711035980951583,
0.5374406714668911,
-0.03282335635662282
],
[
0.0006936948075546012,
0.9995499139822281,
-0.029991469547767657,
-0.0241178223737654
],
[
0.0,
0.0,
0.0,
1.0
]
],
"at_element": 2,
"to_element": 3
},
{
"pose": [
[
-0.5969848731093426,
0.02491406700167642,
-0.801865543931187,
2.956310756592473e-05
],
[
0.8017537440125958,
-0.016711035980951694,
-0.5974208526978518,
-0.03325814748201982
],
[
-0.028284187108832404,
-0.999549913982228,
-0.009998710802560762,
-0.05012431487884973
],
[
0.0,
0.0,
0.0,
1.0
]
],
"at_element": 3,
"to_element": 2
}
],
"nstatus": true,
"opt_line_pos": [
[
3.700743415417188e-17,
0.0,
0.0
],
[
0.007294291321515646,
-0.05000000000000002,
0.0479006617245489
],
[
-0.007856973422522878,
-0.02820741729616177,
-0.02437541135635638
],
[
0.01000000000000004,
-0.025829786262200075,
-0.0499999904009904
],
[
-0.009999999999999966,
-0.0490033710800275,
0.024485105707329938
]
],
"opt_line_orient": [
[
1.0,
0.0,
0.0
],
[
0.258871896835973,
0.9646174859617801,
-0.04998446564003988
],
[
-0.8427680798461595,
0.537440671466891,
-0.029991469547767886
],
[
-0.801865543931187,
-0.5974208526978518,
-0.00999871080256067
],
[
0.25887125544021633,
-0.9654460676561126,
-0.0299927250204969
]
],
"opt_edge_ids": [
[
0,
1
],
[
0,
2
],
[
0,
3
],
[
0,
4
],
[
0,
5
]
],
"opt_parameters": {
"layers": [],
"orient_devi": 0.18726646259971647,
"clamp_t_bnd": 0.05,
"bar_collision_distance": 0.02,
"pos_devi": 0.05,
"debug_mode": false,
"adjustopt_trust_region_start": 0.010000000000000004,
"bar_available_lengths": [
1.0
],
"clamp_collision_dist": 0.024,
"time_out": 200,
"contactopt_trust_region_start": 0.010000000000000004,
"clamp_gap": 0.016,
"opt_tol": 0.001,
"trust_region_lobnd": 1e-06,
"trust_region_upbnd": 1.0,
"contact_ignore_para_tol": 1e-06,
"line_para_tol": 0.0001,
"bigM": 1,
"pos_tol": 1e-06,
"duplicate_vertices_tol": 0.001,
"bar_contact_distance_tol": 1e-05,
"bar_contact_distance": 0.018000000000000002,
"fixed_contact_pairs": [
[
0,
2
],
[
0,
4
],
[
1,
4
],
[
2,
3
]
],
"clamp_extension_length": 0.03,
"radius": 0.01295292019185831
}
}