{
"line_pt_pairs": [
[
[
-0.10000000055214649,
0.0,
0.0
],
[
0.8999999994478536,
0.0,
0.0
]
],
[
[
-0.017937187761665727,
-0.09916087846122212,
0.005934301002525443
],
[
0.28104833148104397,
0.8550443826511147,
-0.004064646377294777
]
],
[
[
0.0736463047108398,
-0.06920696085934573,
-0.003975277395460845
],
[
-0.7425329619515442,
0.5085052771473498,
-0.013974013703016503
]
],
[
[
0.08311744353233887,
0.05591087141984718,
-0.00885924967523257
],
[
-0.7330618231300453,
-0.5218013665868482,
-0.018857985982788227
]
],
[
[
-0.041840257324862795,
0.09161743328408885,
0.011064831027126751
],
[
0.2571452619178467,
-0.862587827828248,
0.0010658836473065314
]
]
],
"contact_id_pairs": [
[
0,
1
],
[
0,
2
],
[
1,
4
],
[
2,
3
]
],
"coupler_pt_pairs": [
[
[
0.01314941701589328,
0.0,
0.0
],
[
0.013149417015893282,
5.129042240515497e-05,
0.004894674313663121
]
],
[
[
-0.02400133004041345,
0.0,
0.0
],
[
-0.024001330040413455,
-8.950601527155794e-05,
-0.005171525561537039
]
],
[
[
-7.234209284932905e-05,
-0.042145643177180156,
0.005336848482940049
],
[
7.234209284932094e-05,
-0.04214564317718016,
0.009663151517059957
]
],
[
[
-0.010030622059220144,
-0.009978324935357913,
-0.0050003751404965125
],
[
-0.009969377940779863,
-0.009978324935357913,
-0.009999624859503495
]
]
],
"half_couplers": [
{
"pose": [
[
9.992007221626409e-16,
1.0547118733938987e-15,
1.0,
0.013149417015893283
],
[
-0.9999451016625551,
-0.010478247041495026,
1.0547118733938987e-15,
0.0
],
[
0.01047824704149497,
-0.9999451016625551,
9.992007221626409e-16,
0.0
],
[
0.0,
0.0,
0.0,
1.0
]
],
"at_element": 0,
"to_element": 1
},
{
"pose": [
[
-0.9542576482707212,
-1.7486012637846216e-15,
0.29898551924270933,
0.013149417015893273
],
[
0.2989691054347827,
0.010478247041496691,
0.9542052611123369,
5.129042240513415e-05
],
[
-0.0031328441324569023,
0.999945101662555,
-0.009998947379817658,
0.0048946743136631206
],
[
0.0,
0.0,
0.0,
1.0
]
],
"at_element": 1,
"to_element": 0
},
{
"pose": [
[
7.771561172376096e-15,
8.049116928532385e-15,
1.0,
-0.02400133004041345
],
[
0.9998502594087562,
0.017304876776302436,
-8.049116928532385e-15,
0.0
],
[
-0.017304876776302547,
0.9998502594087562,
-7.993605777301127e-15,
0.0
],
[
0.0,
0.0,
0.0,
1.0
]
],
"at_element": 0,
"to_element": 2
},
{
"pose": [
[
0.5777987579343247,
-1.1268763699945339e-14,
-0.8161792666623868,
-0.024001330040413535
],
[
0.8160570514964358,
-0.01730487677630399,
0.5777122380066916,
-8.950601527150243e-05
],
[
-0.014123881636973257,
-0.999850259408756,
-0.009998736307545775,
-0.00517152556153704
],
[
0.0,
0.0,
0.0,
1.0
]
],
"at_element": 2,
"to_element": 0
},
{
"pose": [
[
0.9536721030773858,
-0.03342422916275126,
0.2989855192427084,
-7.234209284937704e-05
],
[
-0.2991526694942509,
-4.218847493575595e-15,
0.9542052611123372,
-0.04214564317718031
],
[
-0.0318935753157204,
-0.9994412543540895,
-0.00999894737982876,
0.005336848482940051
],
[
0.0,
0.0,
0.0,
1.0
]
],
"at_element": 1,
"to_element": 4
},
{
"pose": [
[
0.9536721030773851,
0.03342422916275298,
0.2989855192427102,
7.234209284934928e-05
],
[
0.29915266949425234,
9.103828801926284e-15,
-0.9542052611123367,
-0.04214564317718025
],
[
-0.03189357531572598,
0.9994412543540895,
-0.009998947379816547,
0.009663151517059956
],
[
0.0,
0.0,
0.0,
1.0
]
],
"at_element": 4,
"to_element": 1
},
{
"pose": [
[
-0.5776688917293793,
-0.01224974279745461,
-0.8161792666623839,
-0.010030622059220146
],
[
-0.8162405099339869,
1.6653345369377348e-15,
0.5777122380066959,
-0.009978324935357913
],
[
-0.007076826326522512,
0.9999249690858791,
-0.009998736307555545,
-0.005000375140496512
],
[
0.0,
0.0,
0.0,
1.0
]
],
"at_element": 2,
"to_element": 3
},
{
"pose": [
[
-0.5776688917293791,
0.012249742797455054,
-0.8161792666623839,
-0.009969377940779872
],
[
0.8162405099339868,
-2.220446049250313e-16,
-0.5777122380066957,
-0.00997832493535792
],
[
-0.007076826326524399,
-0.9999249690858789,
-0.009998736307554656,
-0.009999624859503495
],
[
0.0,
0.0,
0.0,
1.0
]
],
"at_element": 3,
"to_element": 2
}
],
"nstatus": true,
"opt_line_pos": [
[
3.700743415417188e-17,
0.0,
0.0
],
[
0.01000000000000004,
-0.010000000000000004,
0.005000000000000003
],
[
-0.009999999999999967,
-0.010000000000000004,
-0.005000000000000003
],
[
-0.009999999999999967,
-0.010000000000000004,
-0.010000000000000004
],
[
-0.009999999999999967,
-0.010000000000000004,
0.010000000000000004
]
],
"opt_line_orient": [
[
1.0,
0.0,
0.0
],
[
0.2989855192427097,
0.9542052611123368,
-0.00999894737982022
],
[
-0.8161792666623839,
0.5777122380066956,
-0.009998736307555657
],
[
-0.8161792666623842,
-0.5777122380066954,
-0.009998736307555657
],
[
0.2989855192427095,
-0.9542052611123369,
-0.00999894737982022
]
],
"opt_edge_ids": [
[
0,
1
],
[
0,
2
],
[
0,
3
],
[
0,
4
],
[
0,
5
]
],
"opt_parameters": {
"layers": [],
"orient_devi": 0.18726646259971647,
"clamp_t_bnd": 0.05,
"bar_collision_distance": 0.02,
"pos_devi": 0.05,
"debug_mode": false,
"adjustopt_trust_region_start": 0.010000000000000004,
"bar_available_lengths": [
1.0
],
"clamp_collision_dist": 0.024,
"time_out": 200,
"contactopt_trust_region_start": 0.010000000000000004,
"clamp_gap": 0.016,
"opt_tol": 0.001,
"trust_region_lobnd": 1e-06,
"trust_region_upbnd": 1.0,
"contact_ignore_para_tol": 1e-06,
"line_para_tol": 0.0001,
"bigM": 1,
"pos_tol": 1e-06,
"duplicate_vertices_tol": 0.001,
"bar_contact_distance_tol": 1e-05,
"bar_contact_distance": 0.018000000000000002,
"fixed_contact_pairs": [
[
0,
2
],
[
0,
4
],
[
1,
4
],
[
2,
3
]
],
"clamp_extension_length": 0.03,
"radius": 0.0025000000000000152
}
}