{
"line_pt_pairs": [
[
[
-0.10000000017510059,
0.0,
0.0
],
[
0.8999999998248994,
0.0,
0.0
]
],
[
[
-0.03126964754307746,
-0.10092811942052415,
0.038980123528111275
],
[
0.11346048767475984,
0.8874034397886502,
-0.008495312551915133
]
],
[
[
0.09265578454984422,
-0.0448294904768771,
-0.042814205630939586
],
[
-0.7934484238884404,
0.4158196265121492,
0.008388556064022466
]
],
[
[
0.10364167993121993,
0.028041911511084393,
0.04000975539900771
],
[
-0.6814890069331309,
-0.5775342244070186,
-0.08978757951358586
]
],
[
[
-0.008153084560242987,
0.1257649957526762,
0.05311644990348812
],
[
0.16720031774079222,
-0.8574050341921615,
0.10437926800509217
]
]
],
"contact_id_pairs": [
[
0,
1
],
[
0,
2
],
[
0,
3
],
[
1,
4
],
[
3,
4
]
],
"coupler_pt_pairs": [
[
[
-0.016250307412303107,
0.0,
0.0
],
[
-0.016250307412303107,
0.0016357856528657136,
0.034053369875393945
]
],
[
[
-0.0015683420909512044,
0.0,
0.0
],
[
-0.0015683420909512423,
0.0041537558758769424,
-0.037369546350054794
]
],
[
[
0.05825224812013719,
0.0,
0.0
],
[
0.0582522481201372,
-0.006967236886171767,
0.032506001717178545
]
],
[
[
-0.0025754637585770047,
0.0950184079373442,
0.02956764777743784
],
[
-0.002892482405723582,
0.0962698943750157,
0.05465433447152791
]
],
[
[
0.02600141133874224,
-0.03184250599099138,
0.02717431269653356
],
[
0.019835810605995843,
-0.031162914043297615,
0.061298724230327895
]
]
],
"half_couplers": [
{
"pose": [
[
0.0,
5.551115123125783e-17,
1.0,
-0.0162503074123031
],
[
-0.9988482669981997,
-0.047980616030780965,
5.551115123125783e-17,
0.0
],
[
0.047980616030780965,
-0.9988482669981997,
0.0,
0.0
],
[
0.0,
0.0,
0.0,
1.0
]
],
"at_element": 0,
"to_element": 1
},
{
"pose": [
[
-0.989471165805162,
-1.1102230246251565e-16,
0.14473013521783734,
-0.016250307412303103
],
[
0.14456344474475194,
0.047980616030780854,
0.9883315592091744,
0.0016357856528657205
],
[
-0.006944241045970162,
0.9988482669981997,
-0.04747543608002669,
0.03405336987539394
],
[
0.0,
0.0,
0.0,
1.0
]
],
"at_element": 1,
"to_element": 0
},
{
"pose": [
[
1.4432899320127035e-15,
-1.8318679906315083e-15,
1.0000000000000002,
-0.0015683420909514967
],
[
0.9938791098238855,
-0.11047314178424306,
-1.887379141862766e-15,
0.0
],
[
0.11047314178424283,
0.9938791098238854,
1.4432899320127035e-15,
0.0
],
[
0.0,
0.0,
0.0,
1.0
]
],
"at_element": 0,
"to_element": 2
},
{
"pose": [
[
0.46348606428668515,
2.942091015256665e-15,
-0.8861042084382844,
-0.001568342090951358
],
[
0.8806804618938406,
0.11047314178424239,
0.460649116989027,
0.004153755875877005
],
[
0.09789071585441772,
-0.9938791098238853,
0.05120276169496085,
-0.037369546350054794
],
[
0.0,
0.0,
0.0,
1.0
]
],
"at_element": 2,
"to_element": 0
},
{
"pose": [
[
2.220446049250313e-16,
-3.885780586188048e-16,
1.0,
0.05825224812013714
],
[
-0.9777921512821455,
0.2095769760518411,
3.885780586188048e-16,
0.0
],
[
-0.20957697605184122,
-0.9777921512821455,
-4.440892098500626e-16,
0.0
],
[
0.0,
0.0,
0.0,
1.0
]
],
"at_element": 0,
"to_element": 3
},
{
"pose": [
[
0.6193301256550603,
7.216449660063518e-16,
-0.7851306868643508,
0.058252248120137164
],
[
-0.7676946233467219,
-0.20957697605184067,
-0.6055761359181029,
-0.006967236886171787
],
[
-0.16454531515853582,
0.9777921512821455,
-0.1297973349125936,
0.03250600171717854
],
[
0.0,
0.0,
0.0,
1.0
]
],
"at_element": 3,
"to_element": 0
},
{
"pose": [
[
0.989390680075596,
0.012620227390026537,
0.1447301352178373,
-0.0025754637585769756
],
[
-0.1439397160295865,
-0.04982055018247111,
0.9883315592091744,
0.09501840793734442
],
[
0.01968350397849536,
-0.9986784480703184,
-0.047475436080026245,
0.029567647777437825
],
[
0.0,
0.0,
0.0,
1.0
]
],
"at_element": 1,
"to_element": 4
},
{
"pose": [
[
0.984424661496285,
-0.012620227390026495,
0.17535340230103524,
-0.0028924824057236275
],
[
0.17576861209494393,
0.04982055018247045,
-0.9831700299448378,
0.09626989437501594
],
[
0.0036716263619573364,
0.9986784480703186,
0.05126281810160471,
0.0546543344715279
],
[
0.0,
0.0,
0.0,
1.0
]
],
"at_element": 4,
"to_element": 1
},
{
"pose": [
[
-0.5932694846364011,
0.17776704740522636,
-0.7851306868643508,
0.026001411338742245
],
[
0.7955461124497483,
-0.01959404431432832,
-0.605576135918103,
-0.03184250599099138
],
[
-0.12303536713218627,
-0.9838775077641709,
-0.1297973349125936,
0.02717431269653356
],
[
0.0,
0.0,
0.0,
1.0
]
],
"at_element": 3,
"to_element": 4
},
{
"pose": [
[
0.9683233247001124,
-0.17776704740522647,
0.17535340230103527,
0.019835810605995846
],
[
0.18163910824950397,
0.019594044314328096,
-0.9831700299448377,
-0.031162914043297615
],
[
0.1713393509852472,
0.9838775077641709,
0.05126281810160416,
0.06129872423032789
],
[
0.0,
0.0,
0.0,
1.0
]
],
"at_element": 4,
"to_element": 3
}
],
"nstatus": true,
"opt_line_pos": [
[
3.700743415417188e-17,
0.0,
0.0
],
[
-0.007703519084403622,
0.060000000000000324,
0.031249789941332654
],
[
-0.04873339402650499,
0.02867292565292425,
-0.03464415480853063
],
[
0.06000000000000034,
-0.005619185093446513,
0.03279493901117314
],
[
0.009684697539826804,
0.02575226414130022,
0.05833114757762915
]
],
"opt_line_orient": [
[
1.0,
0.0,
0.0
],
[
0.1447301352178373,
0.9883315592091744,
-0.047475436080026405
],
[
-0.8861042084382846,
0.46064911698902633,
0.05120276169496205
],
[
-0.7851306868643508,
-0.605576135918103,
-0.12979733491259357
],
[
0.1753534023010352,
-0.9831700299448378,
0.05126281810160407
]
],
"opt_edge_ids": [
[
0,
1
],
[
0,
2
],
[
0,
3
],
[
0,
4
],
[
0,
5
]
],
"opt_parameters": {
"layers": [],
"orient_devi": 0.17266462599716473,
"clamp_t_bnd": 0.0600000000000003,
"bar_collision_distance": 0.02,
"pos_devi": 0.0600000000000003,
"debug_mode": false,
"adjustopt_trust_region_start": 0.010000000000000004,
"bar_available_lengths": [
1.0
],
"clamp_collision_dist": 0.024,
"time_out": 200,
"contactopt_trust_region_start": 0.10000000000000003,
"clamp_gap": 0.016,
"opt_tol": 0.001,
"trust_region_lobnd": 1e-06,
"trust_region_upbnd": 1.0,
"contact_ignore_para_tol": 1e-06,
"line_para_tol": 0.0001,
"bigM": 1,
"pos_tol": 1e-06,
"duplicate_vertices_tol": 0.001,
"bar_contact_distance_tol": 1e-05,
"bar_contact_distance": 0.018000000000000002,
"fixed_contact_pairs": [
[
0,
1
],
[
0,
2
],
[
0,
3
],
[
1,
4
],
[
3,
4
]
],
"clamp_extension_length": 0.03,
"number_clamp_on_joint": [
5,
5.1
],
"radius": 0.01789826278157669,
"tr_size": 0.05000000000000002
}
}