{
"line_pt_pairs": [
[
[
-0.10000000100124087,
0.0,
0.0
],
[
0.8999999989987592,
0.0,
0.0
]
],
[
[
0.015626305847362833,
-0.10622684169428417,
0.04102854827568769
],
[
0.21073404849094418,
0.8696867533963165,
-0.056570753350220174
]
],
[
[
0.09683638912274269,
-0.02833605278093651,
-0.06394025954918804
],
[
-0.7560896073123751,
0.48376028585229525,
0.03742336589702226
]
],
[
[
0.08771918254531035,
0.10070489325075019,
-0.0006335771444418575
],
[
-0.6826112848527275,
-0.5110131871806074,
-0.1806112454027441
]
],
[
[
0.019889820114119747,
0.11017810123178076,
0.05085240281196525
],
[
0.1537840038870648,
-0.8808165828411713,
0.05222487901458065
]
]
],
"contact_id_pairs": [
[
0,
1
],
[
0,
3
],
[
1,
3
],
[
1,
4
],
[
2,
3
]
],
"coupler_pt_pairs": [
[
[
0.037465409042093306,
0.0,
0.0
],
[
0.037465409042093306,
0.003010636139992827,
0.030103911502888922
]
],
[
[
-0.028778314089401714,
0.0,
0.0
],
[
-0.028778314089401704,
0.008194434386058894,
-0.027851698054374714
]
],
[
[
0.054294337465714056,
0.08718761352125629,
0.0216855287211341
],
[
0.06460926828429285,
0.08235335064795934,
-0.006032907248047998
]
],
[
[
0.03233134151123405,
-0.022669566160495522,
0.032672140721897815
],
[
0.03773687412554231,
-0.021913787701010587,
0.05103534322227468
]
],
[
[
-0.0056202104892798975,
0.03317883801782106,
-0.05176408901273821
],
[
-0.006578077282019003,
0.025823603709718323,
-0.0226649022252149
]
]
],
"half_couplers": [
{
"pose": [
[
0.0,
0.0,
1.0,
0.037465409042093306
],
[
-0.9950363884211805,
-0.09951173658284529,
0.0,
0.0
],
[
0.09951173658284534,
-0.9950363884211805,
0.0,
0.0
],
[
0.0,
0.0,
0.0,
1.0
]
],
"at_element": 0,
"to_element": 1
},
{
"pose": [
[
-0.980781815064149,
-2.7755575615628914e-17,
0.19510774264358138,
0.037465409042093306
],
[
0.19413930359307838,
0.09951173658284496,
0.9759135950906008,
0.0030106361399928477
],
[
-0.01941551029122164,
0.9950363884211806,
-0.09759930162590824,
0.03010391150288892
],
[
0.0,
0.0,
0.0,
1.0
]
],
"at_element": 1,
"to_element": 0
},
{
"pose": [
[
2.220446049250313e-16,
-2.220446049250313e-16,
1.0,
-0.028778314089401666
],
[
0.959339776984977,
-0.28225377286125775,
-2.220446049250313e-16,
0.0
],
[
0.2822537728612578,
0.959339776984977,
2.220446049250313e-16,
0.0
],
[
0.0,
0.0,
0.0,
1.0
]
],
"at_element": 0,
"to_element": 3
},
{
"pose": [
[
-0.6376448627553741,
5.551115123125783e-17,
-0.7703304673980381,
-0.028778314089401652
],
[
0.7390086587983673,
0.28225377286125675,
-0.6117180804313572,
0.008194434386058935
],
[
0.21742868077307154,
-0.9593397769849773,
-0.17997766825830275,
-0.027851698054374707
],
[
0.0,
0.0,
0.0,
1.0
]
],
"at_element": 3,
"to_element": 0
},
{
"pose": [
[
-0.9184010004913583,
-0.34419844720306003,
0.19510774264358122,
0.054294337465714056
],
[
0.14686849127077495,
0.16131429319556623,
0.9759135950906008,
0.08718761352125629
],
[
-0.3673816116360724,
0.9249352019216357,
-0.09759930162590735,
0.0216855287211341
],
[
0.0,
0.0,
0.0,
1.0
]
],
"at_element": 1,
"to_element": 3
},
{
"pose": [
[
-0.536766615896819,
0.3441984472030596,
-0.770330467398038,
0.06460926828429289
],
[
0.7744538003549281,
-0.16131429319556623,
-0.6117180804313574,
0.08235335064795937
],
[
-0.33481772828583395,
-0.9249352019216363,
-0.1799776682583034,
-0.006032907248047987
],
[
0.0,
0.0,
0.0,
1.0
]
],
"at_element": 3,
"to_element": 1
},
{
"pose": [
[
0.9393160486149436,
-0.2821672014514346,
0.1951077426435825,
0.03233134151123417
],
[
-0.21456057659602615,
-0.03945141173797562,
0.9759135950906008,
-0.022669566160494883
],
[
-0.26767353209682443,
-0.9585537316900634,
-0.09759930162590336,
0.03267214072189775
],
[
0.0,
0.0,
0.0,
1.0
]
],
"at_element": 1,
"to_element": 4
},
{
"pose": [
[
0.9499757986269135,
0.28216720145143515,
0.1338941837729444,
0.03773687412554225
],
[
0.12795750173800122,
0.03945141173797406,
-0.9909946840729522,
-0.0219137877010101
],
[
-0.28490851123146044,
0.9585537316900634,
0.0013724762026121606,
0.05103534322227468
],
[
0.0,
0.0,
0.0,
1.0
]
],
"at_element": 4,
"to_element": 1
},
{
"pose": [
[
0.5210564290677088,
0.03189737187244185,
-0.852925996435118,
-0.005620210489279895
],
[
0.8232651111730602,
0.24493243289455846,
0.5120963386332317,
0.033178838017821066
],
[
0.2252437667337691,
-0.9690153048244304,
0.10136362544621047,
-0.051764089012738206
],
[
0.0,
0.0,
0.0,
1.0
]
],
"at_element": 2,
"to_element": 3
},
{
"pose": [
[
0.6368465503290032,
-0.03189737187244174,
-0.770330467398038,
-0.006578077282018993
],
[
-0.7522028272944257,
-0.2449324328945588,
-0.6117180804313577,
0.025823603709718326
],
[
-0.16916671641998882,
0.9690153048244304,
-0.1799776682583023,
-0.0226649022252149
],
[
0.0,
0.0,
0.0,
1.0
]
],
"at_element": 3,
"to_element": 2
}
],
"nstatus": true,
"opt_line_pos": [
[
3.700743415417188e-17,
0.0,
0.0
],
[
0.042296480915596395,
0.02717527797496181,
0.02768725066426804
],
[
-0.05029240316742801,
0.0600000000000003,
-0.04645514612037181
],
[
0.016790833384773475,
0.044380814906553503,
-0.017205060988826872
],
[
0.027632374536599672,
0.05287292144268314,
0.05093176751170701
]
],
"opt_line_orient": [
[
1.0,
0.0,
0.0
],
[
0.19510774264358133,
0.9759135950906007,
-0.09759930162590787
],
[
-0.8529259964351178,
0.5120963386332318,
0.1013636254462103
],
[
-0.770330467398038,
-0.6117180804313577,
-0.17997766825830225
],
[
0.13389418377294507,
-0.9909946840729521,
0.0013724762026153991
]
],
"opt_edge_ids": [
[
0,
1
],
[
0,
2
],
[
0,
3
],
[
0,
4
],
[
0,
5
]
],
"opt_parameters": {
"layers": [],
"orient_devi": 0.17266462599716473,
"clamp_t_bnd": 0.0600000000000003,
"bar_collision_distance": 0.02,
"pos_devi": 0.0600000000000003,
"debug_mode": false,
"adjustopt_trust_region_start": 0.010000000000000004,
"bar_available_lengths": [
1.0
],
"clamp_collision_dist": 0.024,
"time_out": 200,
"contactopt_trust_region_start": 0.10000000000000003,
"clamp_gap": 0.016,
"opt_tol": 0.001,
"trust_region_lobnd": 1e-06,
"trust_region_upbnd": 1.0,
"contact_ignore_para_tol": 1e-06,
"line_para_tol": 0.0001,
"bigM": 1,
"pos_tol": 1e-06,
"duplicate_vertices_tol": 0.001,
"bar_contact_distance_tol": 1e-05,
"bar_contact_distance": 0.018000000000000002,
"fixed_contact_pairs": [
[
0,
1
],
[
0,
2
],
[
0,
3
],
[
1,
4
],
[
3,
4
]
],
"clamp_extension_length": 0.03,
"number_clamp_on_joint": [
5,
5.1
],
"radius": 0.01461624225239055,
"tr_size": 0.05000000000000002
}
}