{
"line_pt_pairs": [
[
[
-0.10000000028009189,
0.0,
0.0
],
[
0.8999999997199081,
0.0,
0.0
]
],
[
[
0.0072979501394289945,
-0.10715074480269526,
0.060036829975008574
],
[
0.26982768596397555,
0.8432118139325093,
-0.10696360344409661
]
],
[
[
0.060007245073644196,
-0.10035605458545505,
-0.009549406016758823
],
[
-0.6996936318395997,
0.5263054206096532,
-0.1831868821661749
]
],
[
[
0.12111912812472936,
0.0357588208380472,
-0.03583318345296768
],
[
-0.6048947382736183,
-0.6369909897278196,
-0.17835180743212697
]
],
[
[
-0.043114546183900385,
0.0923546719390681,
0.0500732777548593
],
[
0.17601098571715212,
-0.8728104961031249,
-0.09289594853935552
]
]
],
"contact_id_pairs": [
[
0,
2
],
[
0,
4
],
[
1,
4
],
[
2,
3
]
],
"coupler_pt_pairs": [
[
[
-0.05000066790285665,
0.0,
0.0
],
[
-0.05000066790285664,
-0.009612811917246767,
-0.034692849898666514
]
],
[
[
-0.020949246293426312,
0.0,
0.0
],
[
-0.020949246293426312,
-0.005275098576013819,
0.035611449649171976
]
],
[
[
0.015173847788771915,
-0.07863984786045916,
0.05502681342631634
],
[
-0.004306926577746668,
-0.07857822836487387,
0.02475310944185154
]
],
[
[
0.010281874631827207,
-0.0593386292504955,
-0.02091465263749937
],
[
0.017792830304206624,
-0.05998693623691328,
-0.056116434872523796
]
]
],
"half_couplers": [
{
"pose": [
[
2.220446049250313e-16,
5.551115123125783e-17,
0.9999999999999999,
-0.05000066790285661
],
[
0.9636902797785223,
0.2670225545911682,
-5.551115123125783e-17,
0.0
],
[
-0.2670225545911681,
0.9636902797785223,
1.1102230246251565e-16,
0.0
],
[
0.0,
0.0,
0.0,
1.0
]
],
"at_element": 0,
"to_element": 2
},
{
"pose": [
[
0.6502726948113756,
-1.6653345369377348e-16,
-0.7597008769132438,
-0.050000667902856614
],
[
0.7321163506205126,
-0.26702255459116797,
0.6266614751951083,
-0.009612811917246791
],
[
-0.2028572688785249,
-0.9636902797785225,
-0.17363747614941638,
-0.0346928498986665
],
[
0.0,
0.0,
0.0,
1.0
]
],
"at_element": 2,
"to_element": 0
},
{
"pose": [
[
0.0,
0.0,
1.0,
-0.020949246293426302
],
[
-0.9892061671861423,
0.14653040230922032,
0.0,
0.0
],
[
-0.14653040230922038,
-0.9892061671861423,
0.0,
0.0
],
[
0.0,
0.0,
0.0,
1.0
]
],
"at_element": 0,
"to_element": 4
},
{
"pose": [
[
0.9756966748273158,
-1.3877787807814457e-17,
0.2191255319010525,
-0.020949246293426302
],
[
0.2167603275444649,
-0.1465304023092202,
-0.965165168042193,
-0.005275098576013826
],
[
0.032108552345683106,
0.9892061671861424,
-0.14296922629421505,
0.03561144964917198
],
[
0.0,
0.0,
0.0,
1.0
]
],
"at_element": 4,
"to_element": 0
},
{
"pose": [
[
-0.7989079842988986,
0.541132303999091,
0.2625297358245463,
0.015173847788771948
],
[
0.31113996400799954,
-0.0017116516515189861,
0.9503625587352043,
-0.07863984786045902
],
[
0.5147212404987495,
0.8409357287077648,
-0.1670004334191062,
0.055026813426316316
],
[
0.0,
0.0,
0.0,
1.0
]
],
"at_element": 1,
"to_element": 4
},
{
"pose": [
[
-0.811886587423216,
-0.5411323039990913,
0.21912553190105244,
-0.004306926577746683
],
[
-0.2616357556732438,
0.001711651651518875,
-0.9651651680421928,
-0.07857822836487377
],
[
0.5219069845437736,
-0.8409357287077642,
-0.14296922629421438,
0.024753109441851558
],
[
0.0,
0.0,
0.0,
1.0
]
],
"at_element": 4,
"to_element": 1
},
{
"pose": [
[
-0.6158935891643562,
-0.20863763908627697,
-0.7597008769132438,
0.010281874631827205
],
[
-0.779083492640299,
0.01800852580541079,
0.6266614751951081,
-0.059338629250495496
],
[
-0.11706407784474543,
0.9778271976964132,
-0.17363747614941638,
-0.02091465263749937
],
[
0.0,
0.0,
0.0,
1.0
]
],
"at_element": 2,
"to_element": 3
},
{
"pose": [
[
-0.6552665116987337,
0.20863763908627708,
-0.7260138663983474,
0.017792830304206628
],
[
0.7396508537018708,
-0.018008525805411235,
-0.6727498105658667,
-0.05998693623691328
],
[
-0.15343537162032372,
-0.9778271976964132,
-0.14251862397915915,
-0.056116434872523796
],
[
0.0,
0.0,
0.0,
1.0
]
],
"at_element": 3,
"to_element": 2
}
],
"nstatus": true,
"opt_line_pos": [
[
3.700743415417188e-17,
0.0,
0.0
],
[
0.024552643593517116,
-0.04468843145858722,
0.049060773200730275
],
[
-0.0128198709710215,
-0.040282479101130156,
-0.02619479502383311
],
[
0.04895097936845838,
-0.031114706861259455,
-0.05
],
[
-0.01235619383610649,
-0.043124247632315975,
0.030004882259830206
]
],
"opt_line_orient": [
[
1.0,
0.0,
0.0
],
[
0.2625297358245466,
0.9503625587352046,
-0.16700043341910517
],
[
-0.7597008769132438,
0.6266614751951083,
-0.1736374761494161
],
[
-0.7260138663983476,
-0.6727498105658668,
-0.1425186239791593
],
[
0.2191255319010525,
-0.965165168042193,
-0.14296922629421482
]
],
"opt_edge_ids": [
[
0,
1
],
[
0,
2
],
[
0,
3
],
[
0,
4
],
[
0,
5
]
],
"opt_parameters": {
"layers": [],
"orient_devi": 0.18726646259971647,
"clamp_t_bnd": 0.05,
"bar_collision_distance": 0.02,
"pos_devi": 0.05,
"debug_mode": false,
"adjustopt_trust_region_start": 0.010000000000000004,
"bar_available_lengths": [
1.0
],
"clamp_collision_dist": 0.024,
"time_out": 200,
"contactopt_trust_region_start": 0.010000000000000004,
"clamp_gap": 0.016,
"opt_tol": 0.001,
"trust_region_lobnd": 1e-06,
"trust_region_upbnd": 1.0,
"contact_ignore_para_tol": 1e-06,
"line_para_tol": 0.0001,
"bigM": 1,
"pos_tol": 1e-06,
"duplicate_vertices_tol": 0.001,
"bar_contact_distance_tol": 1e-05,
"bar_contact_distance": 0.018000000000000002,
"fixed_contact_pairs": [
[
0,
2
],
[
0,
4
],
[
1,
4
],
[
2,
3
]
],
"clamp_extension_length": 0.03,
"radius": 0.018000000000000002
}
}