{
"line_pt_pairs": [
[
[
-0.10000000028009186,
0.0,
0.0
],
[
0.8999999997199081,
0.0,
0.0
]
],
[
[
0.007172779006533404,
-0.10608003301633669,
0.0602038666907159
],
[
0.270017401634915,
0.8442414159777485,
-0.10653499481771002
]
],
[
[
0.06000800740039063,
-0.10035666586381917,
-0.009547860274550915
],
[
-0.6996940520372495,
0.5263001212093253,
-0.1831970816991566
]
],
[
[
0.12097969933063643,
0.03591464708593712,
-0.03586722259523156
],
[
-0.6050335737960425,
-0.63683883907481,
-0.17837151762681253
]
],
[
[
-0.04297136531072075,
0.09238636414250354,
0.05007577822496884
],
[
0.1761543545998639,
-0.8727818615890011,
-0.09287251631528687
]
]
],
"contact_id_pairs": [
[
0,
2
],
[
0,
4
],
[
1,
4
],
[
2,
3
]
],
"coupler_pt_pairs": [
[
[
-0.050000667915750974,
0.0,
0.0
],
[
-0.05000066791575097,
-0.0096136144696762,
-0.03469314003427793
]
],
[
[
-0.020799097709359726,
0.0,
0.0
],
[
-0.02079909770935973,
-0.0052743221063864185,
0.03561153440640637
]
],
[
[
0.01505814285795962,
-0.07757029853442689,
0.05520168487691709
],
[
-0.004400902391836094,
-0.07750234301726464,
0.02491404962399684
]
],
[
[
0.01011890520617914,
-0.059204553528977494,
-0.020951283032164918
],
[
0.017629824904833013,
-0.05985355838336272,
-0.05615307898629198
]
]
],
"half_couplers": [
{
"pose": [
[
-4.440892098500626e-16,
-7.771561172376096e-16,
0.9999999999999999,
-0.05000066791575104
],
[
0.9636851176839945,
0.2670411840042386,
7.771561172376096e-16,
0.0
],
[
-0.2670411840042385,
0.9636851176839945,
6.661338147750939e-16,
0.0
],
[
0.0,
0.0,
0.0,
1.0
]
],
"at_element": 0,
"to_element": 2
},
{
"pose": [
[
0.6502713132886984,
1.3877787807814457e-15,
-0.7597020594376399,
-0.05000066791575099
],
[
0.7321135685539353,
-0.2670411840042386,
0.6266567870731448,
-0.009613614469676193
],
[
-0.20287173744268505,
-0.9636851176839945,
-0.17364922142460615,
-0.03469314003427794
],
[
0.0,
0.0,
0.0,
1.0
]
],
"at_element": 2,
"to_element": 0
},
{
"pose": [
[
1.1102230246251565e-16,
-1.1102230246251565e-16,
1.0,
-0.02079909770935974
],
[
-0.989209343847144,
0.1465089555129755,
1.1102230246251565e-16,
0.0
],
[
-0.1465089555129755,
-0.989209343847144,
0.0,
0.0
],
[
0.0,
0.0,
0.0,
1.0
]
],
"at_element": 0,
"to_element": 4
},
{
"pose": [
[
0.9756966326034276,
3.0531133177191805e-16,
0.21912571991058466,
-0.02079909770935973
],
[
0.21676120961278253,
-0.1465089555129755,
-0.9651682257315046,
-0.005274322106386398
],
[
0.03210388035012825,
0.9892093438471441,
-0.1429482945402556,
0.03561153440640637
],
[
0.0,
0.0,
0.0,
1.0
]
],
"at_element": 4,
"to_element": 0
},
{
"pose": [
[
-0.7992127667359008,
0.5405290536517804,
0.2628446226283817,
0.01505814285795962
],
[
0.3112644861636535,
-0.0018876533206340085,
0.950321448994085,
-0.07757029853442689
],
[
0.5141725130144769,
0.841323230942336,
-0.16673886150842487,
0.05520168487691708
],
[
0.0,
0.0,
0.0,
1.0
]
],
"at_element": 1,
"to_element": 4
},
{
"pose": [
[
-0.81228828689818,
-0.5405290536517798,
0.2191257199105844,
-0.004400902391836107
],
[
-0.2616232650267193,
0.0018876533206337864,
-0.9651682257315044,
-0.07750234301726458
],
[
0.521287834276592,
-0.8413232309423369,
-0.1429482945402567,
0.024914049623996855
],
[
0.0,
0.0,
0.0,
1.0
]
],
"at_element": 4,
"to_element": 1
},
{
"pose": [
[
-0.615892505321803,
-0.20863653269415916,
-0.7597020594376402,
0.010118905206179148
],
[
-0.7790868154275097,
0.018027901768790766,
0.6266567870731444,
-0.05920455352897751
],
[
-0.1170476651431131,
0.9778270767283824,
-0.1736492214246057,
-0.020951283032164918
],
[
0.0,
0.0,
0.0,
1.0
]
],
"at_element": 2,
"to_element": 3
},
{
"pose": [
[
-0.6552675212989314,
0.20863653269415894,
-0.7260132731266791,
0.01762982490483303
],
[
0.7396470385368799,
-0.018027901768790988,
-0.6727534861607469,
-0.05985355838336272
],
[
-0.15344945068125226,
-0.9778270767283825,
-0.14250429503158135,
-0.05615307898629198
],
[
0.0,
0.0,
0.0,
1.0
]
],
"at_element": 3,
"to_element": 2
}
],
"nstatus": true,
"opt_line_pos": [
[
3.700743415417188e-17,
0.0,
0.0
],
[
0.024240014831482373,
-0.0443730058103029,
0.04937704648762105
],
[
-0.0128198130961842,
-0.04028305222151011,
-0.026194510326602336
],
[
0.04897777139062022,
-0.03080527364406422,
-0.05
],
[
-0.012206037880882686,
-0.043123591063221445,
0.030005787861160968
]
],
"opt_line_orient": [
[
1.0,
0.0,
0.0
],
[
0.26284462262838165,
0.9503214489940852,
-0.16673886150842593
],
[
-0.7597020594376402,
0.6266567870731445,
-0.1736492214246057
],
[
-0.7260132731266788,
-0.672753486160747,
-0.14250429503158096
],
[
0.21912571991058463,
-0.9651682257315045,
-0.1429482945402557
]
],
"opt_edge_ids": [
[
0,
1
],
[
0,
2
],
[
0,
3
],
[
0,
4
],
[
0,
5
]
],
"opt_parameters": {
"layers": [],
"orient_devi": 0.18726646259971647,
"clamp_t_bnd": 0.05,
"bar_collision_distance": 0.02,
"pos_devi": 0.05,
"debug_mode": false,
"adjustopt_trust_region_start": 0.010000000000000004,
"bar_available_lengths": [
1.0
],
"clamp_collision_dist": 0.024,
"time_out": 200,
"contactopt_trust_region_start": 0.010000000000000004,
"clamp_gap": 0.016,
"opt_tol": 0.001,
"trust_region_lobnd": 1e-06,
"trust_region_upbnd": 1.0,
"contact_ignore_para_tol": 1e-06,
"line_para_tol": 0.0001,
"bigM": 1,
"pos_tol": 1e-06,
"duplicate_vertices_tol": 0.001,
"bar_contact_distance_tol": 1e-05,
"bar_contact_distance": 0.018000000000000002,
"fixed_contact_pairs": [
[
0,
2
],
[
0,
4
],
[
1,
4
],
[
2,
3
]
],
"clamp_extension_length": 0.03,
"radius": 0.018000000000000002
}
}