{
"line_pt_pairs": [
[
[
-0.13000011383940352,
0.0,
0.0
],
[
0.8699998861605964,
0.0,
0.0
]
],
[
[
-0.06485619920880414,
-0.14943494499588755,
0.10070936212056207
],
[
0.29539746757222446,
0.7692060758227223,
-0.061512616785398364
]
],
[
[
0.08775838729837528,
-0.06761989818821734,
0.01696986276028647
],
[
-0.7188777892825335,
0.49759806350294983,
0.18978981071947038
]
],
[
[
0.035845450212453105,
0.10027193330863148,
0.10029636821335666
],
[
-0.7288376896874592,
-0.5275339162779822,
-0.04502916559829359
]
],
[
[
-0.12625438595272345,
0.0829073915285033,
0.021229829298420468
],
[
0.19407142223489568,
-0.8485001420017334,
0.19406322622178684
]
]
],
"contact_id_pairs": [
[
0,
2
],
[
0,
4
],
[
1,
2
],
[
1,
3
],
[
1,
4
],
[
2,
3
],
[
2,
4
],
[
3,
4
]
],
"coupler_pt_pairs": [
[
[
0.00627865650356068,
0.0,
0.0
],
[
0.00627865650356067,
-0.010526243457532506,
0.034426707921105706
]
],
[
[
-0.10000007282034844,
0.0,
0.0
],
[
-0.10000007282034842,
0.0065680382384517705,
0.035395475670255666
]
],
[
[
-0.004031287770181324,
0.005667594929517319,
0.07331994624446864
],
[
-0.01323463873308542,
0.0031469158672635215,
0.038607386602792775
]
],
[
[
0.018002075700143075,
0.06185231524424244,
0.06339833779548962
],
[
0.002867102229157916,
0.07319666684424268,
0.09402894086361016
]
],
[
[
-0.054048589198598736,
-0.1218757143540543,
0.09584270275033269
],
[
-0.0536168238755642,
-0.12829998173537624,
0.060421790349133454
]
],
[
[
-0.057180256653656905,
0.033940045790606124,
0.04802263429755764
],
[
-0.05620362296157167,
0.024699524852963346,
0.08280274242525087
]
],
[
[
-0.10244498221351327,
0.06565748750751114,
0.05772049777400001
],
[
-0.11664452738398708,
0.054964920337300896,
0.02641487670307734
]
],
[
[
-0.10156100168212921,
-0.01253894190126446,
0.07418272070524151
],
[
-0.09231221794370488,
-0.01578584573145599,
0.03954349633990437
]
]
],
"half_couplers": [],
"nstatus": 0,
"opt_line_pos": [
[
3.700743415417188e-17,
0.0,
0.0
],
[
-0.018023256644711768,
-0.030011699288391754,
0.07962052022584766
],
[
-0.04266588248814005,
0.023769679993438726,
0.044912962972652536
],
[
-0.07360120007240557,
0.01041609148179562,
0.07949638970379266
],
[
-0.0851796719048165,
-0.03652506481423676,
0.04339189734008647
]
],
"opt_line_orient": [
[
1.0,
0.0,
0.0
],
[
0.36025366678102866,
0.9186410208186099,
-0.16222197890596043
],
[
-0.8066361765809088,
0.5652179616911672,
0.1728199479591839
],
[
-0.7646831398999124,
-0.6278058495866138,
-0.14532553381165025
],
[
0.32032580818761913,
-0.9314075335302366,
0.17283339692336636
]
],
"opt_edge_ids": [
[
0,
1
],
[
0,
2
],
[
0,
3
],
[
0,
4
],
[
0,
5
]
],
"opt_parameters": {
"layers": [],
"orient_devi": 0.17453292519943295,
"clamp_t_bnd": 0.1,
"bar_collision_distance": 0.02,
"pos_devi": 0.12000000000000001,
"debug_mode": false,
"adjustopt_trust_region_start": 0.05,
"bar_available_lengths": [
1.0
],
"clamp_collision_dist": 0.024,
"time_out": 200,
"contactopt_trust_region_start": 0.05,
"clamp_gap": 0.016,
"opt_tol": 0.001,
"trust_region_lobnd": 1e-06,
"trust_region_upbnd": 1.0,
"contact_ignore_para_tol": 1e-06,
"line_para_tol": 0.0001,
"bigM": 1,
"pos_tol": 1e-06,
"duplicate_vertices_tol": 0.001,
"bar_contact_distance_tol": 1e-05,
"bar_contact_distance": 0.018000000000000002,
"fixed_contact_pairs": [
[
0,
2
],
[
0,
4
],
[
1,
2
],
[
1,
3
],
[
1,
4
],
[
2,
3
],
[
2,
4
],
[
3,
4
]
],
"clamp_extension_length": 0.03,
"number_clamp_on_joint": [
8,
8.01
]
}
}