{
"line_pt_pairs": [
[
[
-0.10000003602558272,
0.0,
0.0
],
[
0.8999999639744173,
0.0,
0.0
]
],
[
[
-0.08254752396392226,
-0.08099693429307336,
0.05000422172816044
],
[
0.16533986200116604,
0.8745915004558814,
-0.10937766950618959
]
],
[
[
0.0893112180241233,
-0.06389915586899166,
-0.022832497673592203
],
[
-0.7886828712012326,
0.40364839326530155,
-0.12542717874358386
]
],
[
[
0.10379750653231205,
0.03149645064689033,
0.04513555851893648
],
[
-0.6562547815801167,
-0.5983840545295063,
-0.11477400509058984
]
],
[
[
-0.05139927657682684,
0.08869453495043199,
0.06834852980823576
],
[
0.17058616594450052,
-0.8835433574511975,
-0.005651091049224989
]
]
],
"contact_id_pairs": [
[
0,
1
],
[
0,
2
],
[
0,
3
],
[
1,
4
],
[
3,
4
]
],
"coupler_pt_pairs": [
[
[
-0.059999997576137436,
0.0,
0.0
],
[
-0.05999999757613743,
0.00592219377985952,
0.03550704437340921
]
],
[
[
-0.016194587650197968,
0.0,
0.0
],
[
-0.016194587650198006,
-0.0077154281334321576,
-0.03516097985476462
]
],
[
[
0.05510359833314723,
0.0,
0.0
],
[
0.05510359833314723,
-0.008857803889563413,
0.03489070861537436
]
],
[
[
-0.054051140716821294,
0.028854618487989262,
0.031682162146228134
],
[
-0.03801283153415324,
0.030065424107774713,
0.06388611170308497
]
],
[
[
-0.01131008309052474,
-0.06389702140137066,
0.020917745201848626
],
[
-0.015711926631966102,
-0.06760667787552765,
0.05645202733792851
]
]
],
"half_couplers": [
{
"pose": [
[
0.0,
1.1102230246251565e-16,
1.0000000000000002,
-0.059999997576137436
],
[
-0.9863743071349915,
-0.16451664421561074,
1.1102230246251565e-16,
0.0
],
[
0.16451664421561057,
-0.9863743071349915,
0.0,
0.0
],
[
0.0,
0.0,
0.0,
1.0
]
],
"at_element": 0,
"to_element": 1
},
{
"pose": [
[
-0.9687888541263239,
-1.8041124150158794e-16,
0.24788738596508827,
-0.05999999757613744
],
[
0.24450974857881808,
0.16451664421561074,
0.9555884347489548,
0.005922193779859489
],
[
-0.040781600882356356,
0.9863743071349914,
-0.15938189123434965,
0.03550704437340921
],
[
0.0,
0.0,
0.0,
1.0
]
],
"at_element": 1,
"to_element": 0
},
{
"pose": [
[
-4.440892098500626e-16,
-4.996003610813204e-16,
1.0,
-0.016194587650198003
],
[
0.9767608376120123,
0.21433213969790044,
5.551115123125783e-16,
0.0
],
[
-0.2143321396979005,
0.9767608376120122,
4.440892098500626e-16,
0.0
],
[
0.0,
0.0,
0.0,
1.0
]
],
"at_element": 0,
"to_element": 2
},
{
"pose": [
[
0.47867147323121095,
6.661338147750939e-16,
-0.8779940892253559,
-0.01619458765019796
],
[
0.8575902420101544,
-0.21433213969790055,
0.46754754913429347,
-0.007715428133432171
],
[
-0.18818235178577952,
-0.9767608376120123,
-0.10259468106999248,
-0.03516097985476462
],
[
0.0,
0.0,
0.0,
1.0
]
],
"at_element": 2,
"to_element": 0
},
{
"pose": [
[
6.661338147750939e-16,
-1.0547118733938987e-15,
1.0,
0.05510359833314714
],
[
-0.9692528252661141,
0.24606698420075723,
1.0547118733938987e-15,
0.0
],
[
-0.24606698420075734,
-0.9692528252661141,
-8.881784197001252e-16,
0.0
],
[
0.0,
0.0,
0.0,
1.0
]
],
"at_element": 0,
"to_element": 3
},
{
"pose": [
[
0.6498619232845245,
1.8318679906315083e-15,
-0.760052288112429,
0.055103598333147215
],
[
-0.736682827602946,
-0.24606698420075723,
-0.6298805051763965,
-0.008857803889563413
],
[
-0.18702377437071155,
0.9692528252661141,
-0.15990956360952557,
0.03489070861537436
],
[
0.0,
0.0,
0.0,
1.0
]
],
"at_element": 3,
"to_element": 0
},
{
"pose": [
[
0.8602566101248337,
-0.4455450691186307,
0.2478873859650882,
-0.054051140716821294
],
[
-0.292778664685292,
-0.03363624353491779,
0.9555884347489546,
0.02885461848798926
],
[
-0.4174197147256312,
-0.8946274054068176,
-0.15938189123435054,
0.03168216214622813
],
[
0.0,
0.0,
0.0,
1.0
]
],
"at_element": 1,
"to_element": 4
},
{
"pose": [
[
0.8673015938488094,
0.4455450691186305,
0.2219854425213274,
-0.038012831534153226
],
[
0.2315644266706291,
0.03363624353491801,
-0.9722378924016295,
0.030065424107774713
],
[
-0.4406425553756896,
0.8946274054068175,
-0.07399962085746048,
0.06388611170308496
],
[
0.0,
0.0,
0.0,
1.0
]
],
"at_element": 4,
"to_element": 1
},
{
"pose": [
[
-0.6382536211311765,
0.12228178297686815,
-0.7600522881124286,
-0.011310083090524739
],
[
0.7698250566428553,
0.10305305120932717,
-0.6298805051763965,
-0.06389702140137066
],
[
0.0013027961332761073,
-0.9871308090564521,
-0.15990956360952624,
0.02091774520184863
],
[
0.0,
0.0,
0.0,
1.0
]
],
"at_element": 3,
"to_element": 4
},
{
"pose": [
[
0.9673518640394552,
-0.12228178297686823,
0.22198544252132735,
-0.015711926631966095
],
[
0.2100798638967699,
-0.10305305120932706,
-0.9722378924016295,
-0.06760667787552767
],
[
0.14176326013641927,
0.9871308090564523,
-0.07399962085746092,
0.05645202733792852
],
[
0.0,
0.0,
0.0,
1.0
]
],
"at_element": 4,
"to_element": 3
}
],
"nstatus": true,
"opt_line_pos": [
[
3.700743415417188e-17,
0.0,
0.0
],
[
-0.053372036963138234,
0.031472515685491274,
0.031245525000755992
],
[
-0.06000000000000027,
0.015611737088189567,
-0.040279695759939595
],
[
0.009500458852705135,
-0.04665063601813607,
0.025296134337264756
],
[
-0.024693692746862235,
-0.0282689030268366,
0.059446130372720306
]
],
"opt_line_orient": [
[
1.0,
0.0,
0.0
],
[
0.24788738596508827,
0.9555884347489547,
-0.15938189123435
],
[
-0.8779940892253559,
0.4675475491342932,
-0.10259468106999166
],
[
-0.7600522881124288,
-0.6298805051763965,
-0.15990956360952632
],
[
0.22198544252132735,
-0.9722378924016295,
-0.07399962085746076
]
],
"opt_edge_ids": [
[
0,
1
],
[
0,
2
],
[
0,
3
],
[
0,
4
],
[
0,
5
]
],
"opt_parameters": {
"layers": [],
"orient_devi": 0.17266462599716473,
"clamp_t_bnd": 0.0600000000000003,
"bar_collision_distance": 0.02,
"pos_devi": 0.0600000000000003,
"debug_mode": false,
"adjustopt_trust_region_start": 0.010000000000000004,
"bar_available_lengths": [
1.0
],
"clamp_collision_dist": 0.024,
"time_out": 200,
"contactopt_trust_region_start": 0.10000000000000003,
"clamp_gap": 0.016,
"opt_tol": 0.001,
"trust_region_lobnd": 1e-06,
"trust_region_upbnd": 1.0,
"contact_ignore_para_tol": 1e-06,
"line_para_tol": 0.0001,
"bigM": 1,
"pos_tol": 1e-06,
"duplicate_vertices_tol": 0.001,
"bar_contact_distance_tol": 1e-05,
"bar_contact_distance": 0.018000000000000002,
"fixed_contact_pairs": [
[
0,
1
],
[
0,
2
],
[
0,
3
],
[
1,
4
],
[
3,
4
]
],
"clamp_extension_length": 0.03,
"number_clamp_on_joint": [
5,
5.1
],
"radius": 0.01799876504810527,
"tr_size": 3.051757812500001e-06
}
}