{
"line_pt_pairs": [
[
[
-0.10000011528547785,
0.0,
0.0
],
[
0.8999998847145221,
0.0,
0.0
]
],
[
[
-0.017915159021611293,
-0.09911063726494863,
0.011334657401414847
],
[
0.28100907008899423,
0.8551138588003447,
0.001338840297884801
]
],
[
[
0.06858030244366756,
-0.07756627421516431,
-0.011609053908393096
],
[
-0.7614882107244592,
0.48000548164112217,
-0.0016090279987965167
]
],
[
[
0.08125370515716829,
0.05873789603680882,
-0.019965090918292426
],
[
-0.7350267464931479,
-0.5188313848847003,
-0.029962590073918577
]
],
[
[
-0.023711117053319103,
0.09761260855282551,
0.01897863365814492
],
[
0.27521274097322845,
-0.8566119598598099,
0.028978640670355722
]
]
],
"contact_id_pairs": [
[
0,
1
],
[
0,
2
],
[
1,
4
],
[
2,
3
]
],
"coupler_pt_pairs": [
[
[
0.013166425009095142,
0.0,
0.0
],
[
0.013166425009095144,
0.00010784678653253353,
0.010295310975120363
]
],
[
[
-0.047166933271773466,
0.0,
0.0
],
[
-0.04716693327177346,
0.0001831987856241897,
-0.010214620391452609
]
],
[
[
0.009984108414691016,
-0.010050729042701783,
0.01040172541578928
],
[
0.009984040417418596,
-0.009949053829622937,
0.020105849843595727
]
],
[
[
-0.023602529276947854,
-0.015645429698252042,
-0.01049850617528155
],
[
-0.02360484594297194,
-0.015456062467202663,
-0.021249359424250623
]
]
],
"half_couplers": [
{
"pose": [
[
-1.1102230246251565e-15,
-1.1657341758564144e-15,
1.0,
0.013166425009095109
],
[
-0.9999451382390139,
-0.010474755947487369,
-1.1657341758564144e-15,
0.0
],
[
0.010474755947487369,
-0.9999451382390139,
-1.1102230246251565e-15,
0.0
],
[
0.0,
0.0,
0.0,
1.0
]
],
"at_element": 0,
"to_element": 1
},
{
"pose": [
[
-0.9542768493737184,
2.3869795029440866e-15,
0.2989242291106054,
0.013166425009095133
],
[
0.298907829600995,
0.010474755947489256,
0.9542244960652934,
0.00010784678653251445
],
[
-0.0031311583467226733,
0.9999451382390138,
-0.00999581710352948,
0.010295310975120361
],
[
0.0,
0.0,
0.0,
1.0
]
],
"at_element": 1,
"to_element": 0
},
{
"pose": [
[
-1.9984014443252818e-15,
1.9984014443252818e-15,
1.0,
-0.04716693327177339
],
[
0.9998392074341155,
-0.017932073988241592,
1.9984014443252818e-15,
0.0
],
[
0.017932073988241648,
0.9998392074341155,
-1.9984014443252818e-15,
0.0
],
[
0.0,
0.0,
0.0,
1.0
]
],
"at_element": 0,
"to_element": 2
},
{
"pose": [
[
0.5576614236674927,
-3.6637359812630166e-15,
-0.8300685131681271,
-0.04716693327177343
],
[
0.8299350443220349,
0.017932073988242814,
0.5575717558562864,
0.00018319878562415848
],
[
0.01488484999343953,
-0.9998392074341155,
0.010000025909597365,
-0.01021462039145261
],
[
0.0,
0.0,
0.0,
1.0
]
],
"at_element": 2,
"to_element": 0
},
{
"pose": [
[
0.9542768493479956,
7.006664118347494e-06,
0.2989242291106053,
0.009984108414691016
],
[
-0.2989077526832896,
-0.01047695064235099,
0.9542244960652935,
-0.010050729042701781
],
[
0.003138500324732063,
-0.9999451152219028,
-0.009995817103531701,
0.01040172541578928
],
[
0.0,
0.0,
0.0,
1.0
]
],
"at_element": 1,
"to_element": 4
},
{
"pose": [
[
0.9542769655888331,
-7.006664117792383e-06,
0.29892385802654786,
0.009984040417418575
],
[
0.29890752172362245,
0.010476950642350213,
-0.9542245684126353,
-0.009949053829622898
],
[
-0.003125124575321242,
0.9999451152219029,
0.01000000701221293,
0.020105849843595727
],
[
0.0,
0.0,
0.0,
1.0
]
],
"at_element": 4,
"to_element": 1
},
{
"pose": [
[
-0.5576613820471494,
0.00021545328705796507,
-0.8300685131681268,
-0.023602529276947865
],
[
-0.8299419104632807,
-0.017611426060858637,
0.5575717558562869,
-0.015645429698252035
],
[
-0.014498559577537318,
0.9998448835954425,
0.010000025909595922,
-0.01049850617528155
],
[
0.0,
0.0,
0.0,
1.0
]
],
"at_element": 2,
"to_element": 3
},
{
"pose": [
[
-0.5776557606684425,
-0.00021545328705802058,
-0.8162804516503164,
-0.023604845942971936
],
[
0.8161516791674903,
0.017611426060857638,
-0.577569280921509,
-0.015456062467202658
],
[
0.014500302019241462,
-0.9998448835954427,
-0.009997499155626421,
-0.021249359424250623
],
[
0.0,
0.0,
0.0,
1.0
]
],
"at_element": 3,
"to_element": 2
}
],
"nstatus": true,
"opt_line_pos": [
[
3.700743415417188e-17,
0.0,
0.0
],
[
0.010000000000000042,
-0.010000000000000004,
0.010401194012293797
],
[
-0.009999999999999967,
-0.02478249008870944,
-0.010662378967765094
],
[
-0.009999999999999967,
-0.005829786262200069,
-0.021082732334808143
],
[
0.01000000000000004,
-0.010000000000000004,
0.020106383745234692
]
],
"opt_line_orient": [
[
1.0,
0.0,
0.0
],
[
0.2989242291106055,
0.9542244960652934,
-0.009995817103530046
],
[
-0.8300685131681268,
0.5575717558562865,
0.010000025909596581
],
[
-0.8162804516503162,
-0.577569280921509,
-0.009997499155626153
],
[
0.29892385802654753,
-0.9542245684126354,
0.010000007012210804
]
],
"opt_edge_ids": [
[
0,
1
],
[
0,
2
],
[
0,
3
],
[
0,
4
],
[
0,
5
]
],
"opt_parameters": {
"layers": [],
"orient_devi": 0.18726646259971647,
"clamp_t_bnd": 0.05,
"bar_collision_distance": 0.02,
"pos_devi": 0.05,
"debug_mode": false,
"adjustopt_trust_region_start": 0.010000000000000004,
"bar_available_lengths": [
1.0
],
"clamp_collision_dist": 0.024,
"time_out": 200,
"contactopt_trust_region_start": 0.010000000000000004,
"clamp_gap": 0.016,
"opt_tol": 0.001,
"trust_region_lobnd": 1e-06,
"trust_region_upbnd": 1.0,
"contact_ignore_para_tol": 1e-06,
"line_para_tol": 0.0001,
"bigM": 1,
"pos_tol": 1e-06,
"duplicate_vertices_tol": 0.001,
"bar_contact_distance_tol": 1e-05,
"bar_contact_distance": 0.018000000000000002,
"fixed_contact_pairs": [
[
0,
2
],
[
0,
4
],
[
1,
4
],
[
2,
3
]
],
"clamp_extension_length": 0.03,
"radius": 0.00520095163417484
}
}