{
"line_pt_pairs": [
[
[
-0.10000009871829618,
0.0,
0.0
],
[
0.8999999012817038,
0.0,
0.0
]
],
[
[
-0.0105039003752341,
-0.1005582265177368,
0.030889070123357697
],
[
0.26842240737454237,
0.8592857662738046,
0.0008953316589985737
]
],
[
[
0.0687922780226371,
-0.07770866001767243,
-0.013930049009138933
],
[
-0.7612762656613004,
0.4798630957206385,
-0.023927548162649734
]
],
[
[
0.08083677377017653,
0.05844289351865431,
-0.031112806619440034
],
[
-0.7354436470159811,
-0.519126387280648,
-0.021112780711959336
]
],
[
[
-0.045169024473463555,
0.09107667836604882,
0.016191132448350534
],
[
0.23375692432743964,
-0.8691838888951746,
0.006193230234917
]
]
],
"contact_id_pairs": [
[
0,
2
],
[
0,
4
],
[
1,
4
],
[
2,
3
]
],
"coupler_pt_pairs": [
[
[
-0.04648530079324271,
0.0,
0.0
],
[
-0.04648530079324271,
-0.00027466675686332875,
-0.015318473501790665
]
],
[
[
-0.018667977222463838,
0.0,
0.0
],
[
-0.018667977222463838,
-0.00015868634512814297,
0.015241221261857802
]
],
[
[
0.0005624037696691087,
-0.06247675029707724,
0.029699078992843596
],
[
-0.0005208085742993892,
-0.0626340872003929,
0.014590748911131688
]
],
[
[
-0.023931404140699133,
-0.015424518960017576,
-0.01504683019665895
],
[
-0.023928264070783235,
-0.01568490131493814,
-0.029829359086055853
]
]
],
"half_couplers": [
{
"pose": [
[
1.7763568394002505e-15,
1.9984014443252818e-15,
1.0,
-0.046485300793242736
],
[
0.9998392886607054,
0.01792754446249889,
-2.0539125955565396e-15,
0.0
],
[
-0.017927544462499,
0.9998392886607055,
-2.220446049250313e-15,
0.0
],
[
0.0,
0.0,
0.0,
1.0
]
],
"at_element": 0,
"to_element": 2
},
{
"pose": [
[
0.5576613782452806,
-2.942091015256665e-15,
-0.8300685436839382,
-0.0464853007932428
],
[
0.8299351422565764,
-0.01792754446249889,
0.55757175573831,
-0.0002746667568632871
],
[
-0.01488109072381727,
-0.9998392886607053,
-0.009997499153508338,
-0.015318473501790665
],
[
0.0,
0.0,
0.0,
1.0
]
],
"at_element": 2,
"to_element": 0
},
{
"pose": [
[
1.1102230246251565e-16,
-1.1102230246251565e-16,
1.0,
-0.01866797722246384
],
[
-0.9999458031211794,
0.010411091217514379,
1.1102230246251565e-16,
0.0
],
[
-0.010411091217514379,
-0.9999458031211794,
0.0,
0.0
],
[
0.0,
0.0,
0.0,
1.0
]
],
"at_element": 0,
"to_element": 4
},
{
"pose": [
[
0.9603126132075512,
2.220446049250313e-16,
0.2789259488009032,
-0.018667977222463838
],
[
0.27891083188505617,
-0.010411091217514379,
-0.9602605672612234,
-0.0001586863451281395
],
[
0.0029039234958977422,
0.9999458031211794,
-0.009997902213433552,
0.015241221261857802
],
[
0.0,
0.0,
0.0,
1.0
]
],
"at_element": 4,
"to_element": 0
},
{
"pose": [
[
-0.9576463784265756,
0.0715089416194983,
0.2789263077497764,
0.0005624037696691109
],
[
0.28034198059579407,
0.010386694258461504,
0.9598439927915414,
-0.062476750297077235
],
[
0.06574030576511804,
0.9973858771061681,
-0.029993738464358932,
0.029699078992843596
],
[
0.0,
0.0,
0.0,
1.0
]
],
"at_element": 1,
"to_element": 4
},
{
"pose": [
[
-0.957646482974785,
-0.07150894161949815,
0.27892594880090305,
-0.0005208085742993834
],
[
-0.2789117414981568,
-0.010386694258461393,
-0.9602605672612234,
-0.06263408720039289
],
[
0.07156433539473525,
-0.9973858771061681,
-0.009997902213434218,
0.01459074891113169
],
[
0.0,
0.0,
0.0,
1.0
]
],
"at_element": 4,
"to_element": 1
},
{
"pose": [
[
-0.5576613378020479,
-0.00021238469162104812,
-0.8300685436839377,
-0.023931404140699143
],
[
-0.829941909751849,
0.017611463322263488,
0.5575717557383107,
-0.015424518960017584
],
[
0.014500302006655308,
0.9998448835956463,
-0.009997499153511225,
-0.015046830196658948
],
[
0.0,
0.0,
0.0,
1.0
]
],
"at_element": 2,
"to_element": 3
},
{
"pose": [
[
-0.5776558054186909,
0.00021238469162127016,
-0.8162804207861575,
-0.02392826407078323
],
[
0.8161516784499221,
-0.017611463322264154,
-0.5775692807993023,
-0.01568490131493816
],
[
-0.014498559564950275,
-0.9998448835956462,
0.010000025907480503,
-0.029829359086055857
],
[
0.0,
0.0,
0.0,
1.0
]
],
"at_element": 3,
"to_element": 2
}
],
"nstatus": true,
"opt_line_pos": [
[
3.700743415417188e-17,
0.0,
0.0
],
[
0.010000000000000042,
-0.030000000000000013,
0.028684227452490843
],
[
-0.009999999999999967,
-0.02478249008870944,
-0.014879037787027668
],
[
-0.009999999999999967,
-0.005829786262200069,
-0.029999990400990398
],
[
-0.009999999999999967,
-0.030000000000000013,
0.01493052378451294
]
],
"opt_line_orient": [
[
1.0,
0.0,
0.0
],
[
0.27892630774977645,
0.9598439927915414,
-0.029993738464359123
],
[
-0.8300685436839375,
0.557571755738311,
-0.009997499153510801
],
[
-0.8162804207861577,
-0.5775692807993023,
0.010000025907480696
],
[
0.2789259488009032,
-0.9602605672612234,
-0.009997902213433534
]
],
"opt_edge_ids": [
[
0,
1
],
[
0,
2
],
[
0,
3
],
[
0,
4
],
[
0,
5
]
],
"opt_parameters": {
"layers": [],
"orient_devi": 0.18726646259971647,
"clamp_t_bnd": 0.05,
"bar_collision_distance": 0.02,
"pos_devi": 0.05,
"debug_mode": false,
"adjustopt_trust_region_start": 0.010000000000000004,
"bar_available_lengths": [
1.0
],
"clamp_collision_dist": 0.024,
"time_out": 200,
"contactopt_trust_region_start": 0.010000000000000004,
"clamp_gap": 0.016,
"opt_tol": 0.001,
"trust_region_lobnd": 1e-06,
"trust_region_upbnd": 1.0,
"contact_ignore_para_tol": 1e-06,
"line_para_tol": 0.0001,
"bigM": 1,
"pos_tol": 1e-06,
"duplicate_vertices_tol": 0.001,
"bar_contact_distance_tol": 1e-05,
"bar_contact_distance": 0.018000000000000002,
"fixed_contact_pairs": [
[
0,
2
],
[
0,
4
],
[
1,
4
],
[
2,
3
]
],
"clamp_extension_length": 0.03,
"radius": 0.007569701243289704
}
}