{
"line_pt_pairs": [
[
[
-0.09999999976703666,
0.0,
0.0
],
[
0.9000000002329633,
0.0,
0.0
]
],
[
[
-0.017922235400569336,
-0.099113158352033,
0.010933810550990217
],
[
0.2810632838421404,
0.8550921027603039,
0.0009348631711699976
]
],
[
[
0.08278347697592868,
-0.056300467929067705,
-0.00410833982762838
],
[
-0.7333957896864552,
0.5214117700776278,
-0.014107076135184037
]
],
[
[
0.08115111836523725,
0.05868927068828367,
-0.00888332886117967
],
[
-0.7350281482971468,
-0.5190229673184117,
-0.018882065168735328
]
],
[
[
-0.02364305182722231,
0.09737100958842955,
0.006125126530379954
],
[
0.27534246741548724,
-0.8568342515239075,
-0.0038738208494402664
]
]
],
"contact_id_pairs": [
[
0,
2
],
[
0,
4
],
[
1,
4
],
[
2,
3
]
],
"coupler_pt_pairs": [
[
[
0.003367646601592796,
0.0,
0.0
],
[
0.0033676466015927944,
-8.79433370947584e-05,
-0.005081236321073636
]
],
[
[
0.006883413170395968,
0.0,
0.0
],
[
0.006883413170395967,
-5.3486345914047564e-05,
0.005104232548704112
]
],
[
[
0.010083513963965621,
-0.00973346714585315,
0.00999721664859089
],
[
0.009916486036034386,
-0.00973346714585315,
0.005002797749923573
]
],
[
[
0.0007106770847073932,
0.001792726594882792,
-0.0051137859565050636
],
[
0.0007689201379638856,
0.0017927265948827972,
-0.009868064000535564
]
]
],
"half_couplers": [
{
"pose": [
[
8.104628079763643e-15,
8.215650382226158e-15,
1.0,
0.003367646601592833
],
[
0.999850259408756,
0.01730487677630843,
-8.215650382226158e-15,
0.0
],
[
-0.017304876776308487,
0.999850259408756,
-7.993605777301127e-15,
0.0
],
[
0.0,
0.0,
0.0,
1.0
]
],
"at_element": 0,
"to_element": 2
},
{
"pose": [
[
0.5777987579343252,
-1.2323475573339238e-14,
-0.8161792666623866,
0.0033676466015927498
],
[
0.8160570514964354,
-0.017304876776308653,
0.5777122380066925,
-8.794333709473412e-05
],
[
-0.014123881636977587,
-0.9998502594087563,
-0.009998736307547773,
-0.005081236321073636
],
[
0.0,
0.0,
0.0,
1.0
]
],
"at_element": 2,
"to_element": 0
},
{
"pose": [
[
-8.881784197001252e-16,
9.992007221626409e-16,
1.0,
0.00688341317039598
],
[
-0.9999451016625548,
0.010478247041499023,
-9.992007221626409e-16,
0.0
],
[
-0.010478247041498856,
-0.9999451016625548,
1.1102230246251565e-15,
0.0
],
[
0.0,
0.0,
0.0,
1.0
]
],
"at_element": 0,
"to_element": 4
},
{
"pose": [
[
0.9542576482707212,
-2.0816681711721685e-15,
0.29898551924270944,
0.00688341317039597
],
[
0.29896910543478283,
-0.010478247041499689,
-0.9542052611123369,
-5.348634591405277e-05
],
[
0.0031328441324581235,
0.999945101662555,
-0.009998947379820544,
0.005104232548704111
],
[
0.0,
0.0,
0.0,
1.0
]
],
"at_element": 4,
"to_element": 0
},
{
"pose": [
[
-0.9536721030773858,
0.0334242291627356,
0.29898551924271044,
0.010083513963965632
],
[
0.2991526694942529,
5.551115123125783e-15,
0.9542052611123365,
-0.009733467145853117
],
[
0.031893575315705,
0.9994412543540901,
-0.00999894737982543,
0.009997216648590889
],
[
0.0,
0.0,
0.0,
1.0
]
],
"at_element": 1,
"to_element": 4
},
{
"pose": [
[
-0.953672103077386,
-0.033424229162737434,
0.2989855192427088,
0.009916486036034396
],
[
-0.2991526694942509,
-5.773159728050814e-15,
-0.954205261112337,
-0.009733467145853172
],
[
0.031893575315710215,
-0.99944125435409,
-0.009998947379814771,
0.005002797749923573
],
[
0.0,
0.0,
0.0,
1.0
]
],
"at_element": 4,
"to_element": 1
},
{
"pose": [
[
-0.5776688917293802,
-0.012249742797451835,
-0.8161792666623837,
0.0007106770847073868
],
[
-0.8162405099339866,
2.886579864025407e-15,
0.5777122380066965,
0.0017927265948827972
],
[
-0.007076826326519736,
0.9999249690858792,
-0.009998736307554212,
-0.0051137859565050636
],
[
0.0,
0.0,
0.0,
1.0
]
],
"at_element": 2,
"to_element": 3
},
{
"pose": [
[
-0.5776688917293802,
0.012249742797452112,
-0.8161792666623836,
0.0007689201379638549
],
[
0.8162405099339864,
8.881784197001252e-16,
-0.5777122380066965,
0.0017927265948827903
],
[
-0.007076826326521624,
-0.9999249690858792,
-0.009998736307553324,
-0.009868064000535566
],
[
0.0,
0.0,
0.0,
1.0
]
],
"at_element": 3,
"to_element": 2
}
],
"nstatus": true,
"opt_line_pos": [
[
3.700743415417188e-17,
0.0,
0.0
],
[
0.01000000000000004,
-0.010000000000000004,
0.010000009599009652
],
[
0.01000000000000004,
-0.004782490088709433,
-0.004999985601485551
],
[
-0.009999999999999967,
-0.00582978626220007,
-0.009999990400990389
],
[
0.01000000000000004,
-0.010000000000000004,
0.005000004799504812
]
],
"opt_line_orient": [
[
1.0,
0.0,
0.0
],
[
0.2989855192427097,
0.9542052611123368,
-0.00999894737982022
],
[
-0.8161792666623839,
0.5777122380066956,
-0.009998736307555657
],
[
-0.8161792666623842,
-0.5777122380066954,
-0.009998736307555657
],
[
0.2989855192427095,
-0.9542052611123369,
-0.00999894737982022
]
],
"opt_edge_ids": [
[
0,
1
],
[
0,
2
],
[
0,
3
],
[
0,
4
],
[
0,
5
]
],
"opt_parameters": {
"layers": [],
"orient_devi": 0.18726646259971647,
"clamp_t_bnd": 0.05,
"bar_collision_distance": 0.02,
"pos_devi": 0.05,
"debug_mode": false,
"adjustopt_trust_region_start": 0.010000000000000004,
"bar_available_lengths": [
1.0
],
"clamp_collision_dist": 0.024,
"time_out": 200,
"contactopt_trust_region_start": 0.010000000000000004,
"clamp_gap": 0.016,
"opt_tol": 0.001,
"trust_region_lobnd": 1e-06,
"trust_region_upbnd": 1.0,
"contact_ignore_para_tol": 1e-06,
"line_para_tol": 0.0001,
"bigM": 1,
"pos_tol": 1e-06,
"duplicate_vertices_tol": 0.001,
"bar_contact_distance_tol": 1e-05,
"bar_contact_distance": 0.018000000000000002,
"fixed_contact_pairs": [
[
0,
2
],
[
0,
4
],
[
1,
4
],
[
2,
3
]
],
"clamp_extension_length": 0.03,
"radius": 0.0025000023997524194
}
}