{
"line_pt_pairs": [
[
[
-0.10000000028009187,
0.0,
0.0
],
[
0.8999999997199082,
0.0,
0.0
]
],
[
[
0.007380182410005169,
-0.10812461689193567,
0.05988942893314464
],
[
0.2698741876597344,
0.8422420275876603,
-0.1071439158473152
]
],
[
[
0.060006604753598015,
-0.10035524660093041,
-0.009551774312359738
],
[
-0.699694534934943,
0.5263097232035524,
-0.1831754880610258
]
],
[
[
0.12124259695048685,
0.035621478949145434,
-0.03580335213802612
],
[
-0.6047712275622336,
-0.637124991872451,
-0.17833795359851198
]
],
[
[
-0.0432513059994765,
0.09232441773324968,
0.05007111164849968
],
[
0.1758741407540749,
-0.8728374118182747,
-0.09292078099514275
]
]
],
"contact_id_pairs": [
[
0,
2
],
[
0,
4
],
[
1,
4
],
[
2,
3
]
],
"coupler_pt_pairs": [
[
[
-0.05000066790316696,
0.0,
0.0
],
[
-0.05000066790316696,
-0.009612057475285683,
-0.03469307030391255
]
],
[
[
-0.021092617842355228,
0.0,
0.0
],
[
-0.021092617842355228,
-0.005275930921109652,
0.035611299677639735
]
],
[
[
0.01525500441846397,
-0.07961361085607199,
0.0548784274119013
],
[
-0.004229263149425924,
-0.07955240820359188,
0.024606995797885386
]
],
[
[
0.010426070654806394,
-0.0594570798341312,
-0.020883014993930638
],
[
0.017937051196949112,
-0.060104578841333696,
-0.05608480449538478
]
]
],
"half_couplers": [
{
"pose": [
[
0.0,
-1.1102230246251565e-16,
1.0,
-0.05000066790316696
],
[
0.963696108809399,
0.2670015165979829,
1.1102230246251565e-16,
0.0
],
[
-0.2670015165979829,
0.963696108809399,
1.1102230246251565e-16,
0.0
],
[
0.0,
0.0,
0.0,
1.0
]
],
"at_element": 0,
"to_element": 2
},
{
"pose": [
[
0.6502723878160075,
1.1102230246251565e-16,
-0.7597011396885409,
-0.050000667903166957
],
[
0.7321210321759126,
-0.2670015165979831,
0.6266649698044828,
-0.009612057475285679
],
[
-0.20284135645805662,
-0.9636961088093989,
-0.17362371374866603,
-0.03469307030391255
],
[
0.0,
0.0,
0.0,
1.0
]
],
"at_element": 2,
"to_element": 0
},
{
"pose": [
[
0.0,
1.1102230246251565e-16,
1.0,
-0.02109261784235522
],
[
-0.9892027261506079,
0.14655363037538627,
-1.1102230246251565e-16,
0.0
],
[
-0.14655363037538627,
-0.9892027261506079,
1.1102230246251565e-16,
0.0
],
[
0.0,
0.0,
0.0,
1.0
]
],
"at_element": 0,
"to_element": 4
},
{
"pose": [
[
0.9756966939500494,
-1.942890293094024e-16,
0.2191254467535514,
-0.021092617842355228
],
[
0.2167594892975829,
-0.14655363037538693,
-0.9651618295515244,
-0.005275930921109631
],
[
0.032113629729361645,
0.9892027261506081,
-0.14299189264364243,
0.035611299677639735
],
[
0.0,
0.0,
0.0,
1.0
]
],
"at_element": 4,
"to_element": 0
},
{
"pose": [
[
-0.7988537777387192,
0.5412296545834601,
0.26249400524972943,
0.015255004418463964
],
[
0.31112754749471483,
-0.0017000736797527782,
0.9503666444795961,
-0.079613610856072
],
[
0.5148128698687519,
0.840873100264809,
-0.16703334478045884,
0.0548784274119013
],
[
0.0,
0.0,
0.0,
1.0
]
],
"at_element": 1,
"to_element": 4
},
{
"pose": [
[
-0.8118217166253474,
-0.5412296545834595,
0.21912544675355114,
-0.004229263149425934
],
[
-0.26164814642232437,
0.0017000736797528893,
-0.9651618295515242,
-0.07955240820359182
],
[
0.5220016742207214,
-0.8408731002648097,
-0.14299189264364376,
0.024606995797885393
],
[
0.0,
0.0,
0.0,
1.0
]
],
"at_element": 4,
"to_element": 1
},
{
"pose": [
[
-0.61589302659813,
-0.20863834293755135,
-0.7597011396885409,
0.010426070654806413
],
[
-0.7790812001556663,
0.017986083063117775,
0.6266649698044827,
-0.0594570798341312
],
[
-0.11708229307543455,
0.9778274605840845,
-0.17362371374866603,
-0.020883014993930634
],
[
0.0,
0.0,
0.0,
1.0
]
],
"at_element": 2,
"to_element": 3
},
{
"pose": [
[
-0.65526633399915,
0.20863834293755146,
-0.7260138245127207,
0.017937051196949133
],
[
0.7396544374321928,
-0.01798608306311822,
-0.6727464708215964,
-0.06010457884133371
],
[
-0.15341885384196152,
-0.9778274605840847,
-0.14253460146048602,
-0.05608480449538478
],
[
0.0,
0.0,
0.0,
1.0
]
],
"at_element": 3,
"to_element": 2
}
],
"nstatus": true,
"opt_line_pos": [
[
3.700743415417188e-17,
0.0,
0.0
],
[
0.024825899342135138,
-0.04496192696476715,
0.04878816035943206
],
[
-0.01281988665979028,
-0.04028187214048428,
-0.026195695504398122
],
[
0.04892726924258158,
-0.03138810111560455,
-0.05000065261126266
],
[
-0.012499568722370551,
-0.04312494906548942,
0.030003843421642504
]
],
"opt_line_orient": [
[
1.0,
0.0,
0.0
],
[
0.26249400524972927,
0.9503666444795962,
-0.16703334478045986
],
[
-0.759701139688541,
0.6266649698044827,
-0.17362371374866603
],
[
-0.7260138245127206,
-0.6727464708215964,
-0.14253460146048588
],
[
0.2191254467535514,
-0.9651618295515243,
-0.14299189264364243
]
],
"opt_edge_ids": [
[
0,
1
],
[
0,
2
],
[
0,
3
],
[
0,
4
],
[
0,
5
]
],
"opt_parameters": {
"layers": [],
"orient_devi": 0.18726646259971647,
"clamp_t_bnd": 0.05,
"bar_collision_distance": 0.02,
"pos_devi": 0.05,
"debug_mode": false,
"adjustopt_trust_region_start": 0.010000000000000004,
"bar_available_lengths": [
1.0
],
"clamp_collision_dist": 0.024,
"time_out": 200,
"contactopt_trust_region_start": 0.010000000000000004,
"clamp_gap": 0.016,
"opt_tol": 0.001,
"trust_region_lobnd": 1e-06,
"trust_region_upbnd": 1.0,
"contact_ignore_para_tol": 1e-06,
"line_para_tol": 0.0001,
"bigM": 1,
"pos_tol": 1e-06,
"duplicate_vertices_tol": 0.001,
"bar_contact_distance_tol": 1e-05,
"bar_contact_distance": 0.018000000000000002,
"fixed_contact_pairs": [
[
0,
2
],
[
0,
4
],
[
1,
4
],
[
2,
3
]
],
"clamp_extension_length": 0.03,
"radius": 0.018000000000000002
}
}