{
"line_pt_pairs": [
[
[
-0.10000003602893574,
0.0,
0.0
],
[
0.8999999639710643,
0.0,
0.0
]
],
[
[
-0.08255042133219852,
-0.08099228109582489,
0.050005696697411645
],
[
0.16537656159308808,
0.8745863141102606,
-0.1093735978220738
]
],
[
[
0.08916597371066286,
-0.06414935589579317,
-0.0228205883609826
],
[
-0.7889950013193452,
0.4031696017940044,
-0.1250277002371461
]
],
[
[
0.10379751415130184,
0.031494438045284893,
0.04513788097337965
],
[
-0.6562635359145059,
-0.5983750939467298,
-0.11477325947975323
]
],
[
[
-0.05139748719047675,
0.08869419214702656,
0.06835407415097709
],
[
0.17059105071778194,
-0.8835427368502927,
-0.005648918566987383
]
]
],
"contact_id_pairs": [
[
0,
1
],
[
0,
2
],
[
0,
3
],
[
1,
4
],
[
3,
4
]
],
"coupler_pt_pairs": [
[
[
-0.06000017885730429,
0.0,
0.0
],
[
-0.0600001788573043,
0.005922538628374791,
0.0355093248443526
]
],
[
[
-0.016926313423741398,
0.0,
0.0
],
[
-0.016926313423741398,
-0.007691669375525812,
-0.03516842272013706
]
],
[
[
0.05510361589531586,
0.0,
0.0
],
[
0.055103615895315865,
-0.008858640043256982,
0.03489305024228332
]
],
[
[
-0.05404991570319816,
0.028856484900857536,
0.03168421177066787
],
[
-0.03801128986662732,
0.030067041845824826,
0.0638915975185689
]
],
[
[
-0.011308045568752211,
-0.0638945902758901,
0.020920535109206842
],
[
-0.015710150409364916,
-0.06760462869795018,
0.05645719988520937
]
]
],
"half_couplers": [
{
"pose": [
[
0.0,
0.0,
1.0,
-0.06000017885730431
],
[
-0.9863744671994642,
-0.16451568453181942,
0.0,
0.0
],
[
0.16451568453181936,
-0.9863744671994642,
0.0,
0.0
],
[
0.0,
0.0,
0.0,
1.0
]
],
"at_element": 0,
"to_element": 1
},
{
"pose": [
[
-0.9687787214516868,
1.3877787807814457e-17,
0.2479269829252866,
-0.06000017885730431
],
[
0.24454884568730018,
0.16451568453181964,
0.9555785952060856,
0.005922538628374774
],
[
-0.04078787730986229,
0.9863744671994643,
-0.1593792945194854,
0.0355093248443526
],
[
0.0,
0.0,
0.0,
1.0
]
],
"at_element": 1,
"to_element": 0
},
{
"pose": [
[
1.4432899320127035e-15,
1.942890293094024e-15,
1.0,
-0.01692631342374122
],
[
0.9769082691184159,
0.21365915315768969,
-1.942890293094024e-15,
0.0
],
[
-0.2136591531576898,
0.9769082691184159,
-1.7763568394002505e-15,
0.0
],
[
0.0,
0.0,
0.0,
1.0
]
],
"at_element": 0,
"to_element": 2
},
{
"pose": [
[
0.47836523905311557,
-2.942091015256665e-15,
-0.8781609750300088,
-0.01692631342374136
],
[
0.8578827181239059,
-0.21365915315768924,
0.4673189576897969,
-0.007691669375525831
],
[
-0.18762713026104372,
-0.9769082691184159,
-0.10220711187616183,
-0.035168422720137066
],
[
0.0,
0.0,
0.0,
1.0
]
],
"at_element": 2,
"to_element": 0
},
{
"pose": [
[
3.3306690738754696e-16,
-4.440892098500626e-16,
1.0,
0.05510361589531587
],
[
-0.9692512241204236,
0.24607329099489883,
4.440892098500626e-16,
0.0
],
[
-0.24607329099489883,
-0.9692512241204236,
-4.440892098500626e-16,
0.0
],
[
0.0,
0.0,
0.0,
1.0
]
],
"at_element": 0,
"to_element": 3
},
{
"pose": [
[
0.6498516755174683,
5.551115123125783e-16,
-0.7600610500658084,
0.0551036158953159
],
[
-0.7366901031825392,
-0.24607329099489905,
-0.6298695319920147,
-0.00885864004325694
],
[
-0.18703072394673248,
0.9692512241204239,
-0.15991114045313237,
0.03489305024228333
],
[
0.0,
0.0,
0.0,
1.0
]
],
"at_element": 3,
"to_element": 0
},
{
"pose": [
[
0.8602611985384724,
-0.4455141764598694,
0.2479269829252867,
-0.0540499157031982
],
[
-0.292811915166769,
-0.03362633968086781,
0.9555785952060857,
0.02885648490085739
],
[
-0.41738693394201976,
-0.894643162301569,
-0.1593792945194854,
0.031684211770667894
],
[
0.0,
0.0,
0.0,
1.0
]
],
"at_element": 1,
"to_element": 4
},
{
"pose": [
[
0.8673166708939924,
0.4455141764598694,
0.22198853790825857,
-0.03801128986662729
],
[
0.231569909905256,
0.033626339680868256,
-0.9722369289973194,
0.03006704184582467
],
[
-0.4406099967270757,
0.8946431623015689,
-0.07400299271796507,
0.06389159751856889
],
[
0.0,
0.0,
0.0,
1.0
]
],
"at_element": 4,
"to_element": 1
},
{
"pose": [
[
-0.6382433733811306,
0.1222808100559366,
-0.7600610500658078,
-0.011308045568752242
],
[
0.7698335432456007,
0.10305672400228783,
-0.629869531992015,
-0.06389459027589015
],
[
0.0013084452599838037,
-0.9871305461437104,
-0.15991114045313237,
0.020920535109206835
],
[
0.0,
0.0,
0.0,
1.0
]
],
"at_element": 3,
"to_element": 4
},
{
"pose": [
[
0.9673512766980863,
-0.12228081005593638,
0.22198853790825868,
-0.015710150409364906
],
[
0.21008252076690692,
-0.10305672400228727,
-0.9722369289973193,
-0.06760462869795021
],
[
0.14176333072697084,
0.9871305461437107,
-0.0740029927179644,
0.05645719988520937
],
[
0.0,
0.0,
0.0,
1.0
]
],
"at_element": 4,
"to_element": 3
}
],
"nstatus": true,
"opt_line_pos": [
[
3.700743415417188e-17,
0.0,
0.0
],
[
-0.05336810379676966,
0.031484375000000314,
0.031245910544397945
],
[
-0.06000000000000027,
0.015230267361627069,
-0.040181668842430365
],
[
0.009499950841597776,
-0.046650813661440686,
0.0252983813838392
],
[
-0.02469197107112271,
-0.028267202453893508,
0.0594514157816212
]
],
"opt_line_orient": [
[
1.0,
0.0,
0.0
],
[
0.2479269829252866,
0.9555785952060855,
-0.15937929451948543
],
[
-0.8781609750300081,
0.46731895768979753,
-0.10220711187616348
],
[
-0.7600610500658079,
-0.6298695319920148,
-0.15991114045313287
],
[
0.22198853790825868,
-0.9722369289973193,
-0.07400299271796448
]
],
"opt_edge_ids": [
[
0,
1
],
[
0,
2
],
[
0,
3
],
[
0,
4
],
[
0,
5
]
],
"opt_parameters": {
"layers": [],
"orient_devi": 0.17266462599716473,
"clamp_t_bnd": 0.0600000000000003,
"bar_collision_distance": 0.02,
"pos_devi": 0.0600000000000003,
"debug_mode": false,
"adjustopt_trust_region_start": 0.010000000000000004,
"bar_available_lengths": [
1.0
],
"clamp_collision_dist": 0.024,
"time_out": 200,
"contactopt_trust_region_start": 0.10000000000000003,
"clamp_gap": 0.016,
"opt_tol": 0.001,
"trust_region_lobnd": 1e-06,
"trust_region_upbnd": 1.0,
"contact_ignore_para_tol": 1e-06,
"line_para_tol": 0.0001,
"bigM": 1,
"pos_tol": 1e-06,
"duplicate_vertices_tol": 0.001,
"bar_contact_distance_tol": 1e-05,
"bar_contact_distance": 0.018000000000000002,
"fixed_contact_pairs": [
[
0,
1
],
[
0,
2
],
[
0,
3
],
[
1,
4
],
[
3,
4
]
],
"clamp_extension_length": 0.03,
"number_clamp_on_joint": [
5,
5.1
],
"radius": 0.018000000000000002,
"tr_size": 0.00039062500000000013
}
}