{
"line_pt_pairs": [
[
[
-0.10000000028001667,
0.0,
0.0
],
[
0.8999999997199833,
0.0,
0.0
]
],
[
[
-0.005162359926908325,
-0.11351929948672046,
0.05668792892950363
],
[
0.2835052068825508,
0.8386804751747455,
-0.043245173729025255
]
],
[
[
0.06422918611982066,
-0.08868253582290545,
-0.016535429227821676
],
[
-0.7392055981023807,
0.49826445235793493,
-0.11646430677213047
]
],
[
[
0.12678487626383336,
0.019272521728133617,
-0.04171453054676713
],
[
-0.6141435943215279,
-0.6475355624671958,
-0.12166439188368093
]
],
[
[
-0.05430366843374065,
0.0874435871742627,
0.03867316665018942
],
[
0.21436907633866645,
-0.8724636630068006,
-0.04128324188777793
]
]
],
"contact_id_pairs": [
[
0,
2
],
[
0,
4
],
[
1,
4
],
[
2,
3
]
],
"coupler_pt_pairs": [
[
[
-0.04999825337767563,
0.0,
0.0
],
[
-0.04999825337767564,
-0.0052340059642302685,
-0.030742705335235484
]
],
[
[
-0.029101916538494445,
0.0,
0.0
],
[
-0.029101916538494445,
-0.0025966004971875387,
0.03117318159545027
]
],
[
[
0.0034976686975325267,
-0.08495330090262108,
0.05368993528886964
],
[
-0.005992552936714098,
-0.08516115570434274,
0.02429588662173939
]
],
[
[
0.03035499046799557,
-0.06393583888454074,
-0.020748602985888657
],
[
0.03397956035556901,
-0.06424881313843175,
-0.05172868499319071
]
]
],
"half_couplers": [
{
"pose": [
[
1.1102230246251565e-15,
1.2212453270876722e-15,
0.9999999999999999,
-0.049998253377675626
],
[
0.9858147768899821,
0.16783690197735046,
-1.27675647831893e-15,
0.0
],
[
-0.16783690197735035,
0.9858147768899821,
-8.881784197001252e-16,
0.0
],
[
0.0,
0.0,
0.0,
1.0
]
],
"at_element": 0,
"to_element": 2
},
{
"pose": [
[
0.595392767424852,
-1.7763568394002505e-15,
-0.8034347842222018,
-0.0499982533776757
],
[
0.7920378825536606,
-0.1678369019773509,
0.5869469881808397,
-0.005234005964230223
],
[
-0.1348460051246968,
-0.985814776889982,
-0.09992887754430702,
-0.03074270533523549
],
[
0.0,
0.0,
0.0,
1.0
]
],
"at_element": 2,
"to_element": 0
},
{
"pose": [
[
0.0,
5.551115123125783e-17,
1.0,
-0.029101916538494435
],
[
-0.996548838765595,
0.08300850531689286,
-5.551115123125783e-17,
0.0
],
[
-0.08300850531689291,
-0.996548838765595,
0.0,
0.0
],
[
0.0,
0.0,
0.0,
1.0
]
],
"at_element": 0,
"to_element": 4
},
{
"pose": [
[
0.9632315174538575,
-1.942890293094024e-16,
0.26867274477240716,
-0.029101916538494442
],
[
0.26774551181090733,
-0.08300850531689297,
-0.9599072501810634,
-0.0025966004971875317
],
[
0.022302122962944815,
0.9965488387655946,
-0.07995640853796737,
0.03117318159545027
],
[
0.0,
0.0,
0.0,
1.0
]
],
"at_element": 4,
"to_element": 0
},
{
"pose": [
[
-0.9067941567467226,
0.30723833283349766,
0.2886675668094592,
0.003497668697532477
],
[
0.30540187934079577,
0.0067291329131796696,
0.9521997746614661,
-0.08495330090262124
],
[
0.29060978886663597,
0.9516088091269068,
-0.09993310265852662,
0.05368993528886966
],
[
0.0,
0.0,
0.0,
1.0
]
],
"at_element": 1,
"to_element": 4
},
{
"pose": [
[
-0.9129181579167733,
-0.3072383328334966,
0.2686727447724071,
-0.0059925529367140865
],
[
-0.28023702435628733,
-0.0067291329131793365,
-0.9599072501810634,
-0.08516115570434277
],
[
0.29672823783013824,
-0.9516088091269072,
-0.07995640853796915,
0.02429588662173938
],
[
0.0,
0.0,
0.0,
1.0
]
],
"at_element": 4,
"to_element": 1
},
{
"pose": [
[
-0.5839439168275389,
-0.11619831970358702,
-0.8034347842222012,
0.030354990467995557
],
[
-0.8095631921982238,
0.010033489087161396,
0.5869469881808401,
-0.06393583888454073
],
[
-0.06014099964195557,
0.9931753518864636,
-0.09992887754430901,
-0.02074860298588866
],
[
0.0,
0.0,
0.0,
1.0
]
],
"at_element": 2,
"to_element": 3
},
{
"pose": [
[
-0.6614551776001911,
0.11619831970358724,
-0.7409284705853614,
0.033979560355569
],
[
0.7451619340441997,
-0.010033489087161396,
-0.6668080841953297,
-0.06424881313843175
],
[
-0.0849160766722506,
-0.9931753518864637,
-0.07994986133691362,
-0.05172868499319071
],
[
0.0,
0.0,
0.0,
1.0
]
],
"at_element": 3,
"to_element": 2
}
],
"nstatus": true,
"opt_line_pos": [
[
3.700743415417188e-17,
0.0,
0.0
],
[
0.014156445551104513,
-0.049794224909725425,
0.05
],
[
-0.009822922831275806,
-0.0345839790130166,
-0.025745814778200555
],
[
0.05000000000000005,
-0.04983101291700103,
-0.05
],
[
-0.01593410438726588,
-0.049642229794993005,
0.027254470120616044
]
],
"opt_line_orient": [
[
1.0,
0.0,
0.0
],
[
0.28866756680945915,
0.952199774661466,
-0.0999331026585289
],
[
-0.8034347842222014,
0.5869469881808403,
-0.0999288775443088
],
[
-0.7409284705853613,
-0.6668080841953294,
-0.0799498613369138
],
[
0.2686727447724071,
-0.9599072501810633,
-0.07995640853796736
]
],
"opt_edge_ids": [
[
0,
1
],
[
0,
2
],
[
0,
3
],
[
0,
4
],
[
0,
5
]
],
"opt_parameters": {
"layers": [],
"orient_devi": 0.18726646259971647,
"clamp_t_bnd": 0.05,
"bar_collision_distance": 0.02,
"pos_devi": 0.05,
"debug_mode": false,
"adjustopt_trust_region_start": 0.010000000000000004,
"bar_available_lengths": [
1.0
],
"clamp_collision_dist": 0.024,
"time_out": 200,
"contactopt_trust_region_start": 0.010000000000000004,
"clamp_gap": 0.016,
"opt_tol": 0.001,
"trust_region_lobnd": 1e-06,
"trust_region_upbnd": 1.0,
"contact_ignore_para_tol": 1e-06,
"line_para_tol": 0.0001,
"bigM": 1,
"pos_tol": 1e-06,
"duplicate_vertices_tol": 0.001,
"bar_contact_distance_tol": 1e-05,
"bar_contact_distance": 0.018000000000000002,
"fixed_contact_pairs": [
[
0,
2
],
[
0,
4
],
[
1,
4
],
[
2,
3
]
],
"clamp_extension_length": 0.03,
"radius": 0.015591034433520386
}
}