{
"line_pt_pairs": [
[
[
-0.10000003597947703,
0.0,
0.0
],
[
0.899999964020523,
0.0,
0.0
]
],
[
[
-0.08370337692506433,
-0.07875630808794695,
0.04812660287539376
],
[
0.1849828601666905,
0.8739715538720841,
-0.09370896051595558
]
],
[
[
0.08356344407300008,
-0.07464435360021039,
-0.025583857322597187
],
[
-0.805829930959893,
0.37651737187401807,
-0.09928950103267022
]
],
[
[
0.10237904960165406,
0.031193067896532596,
0.04612057632259203
],
[
-0.6719993190103172,
-0.5780909027596426,
-0.12449942639487122
]
],
[
[
-0.049582658177715205,
0.08820650191686488,
0.06633297078771236
],
[
0.19940978324718442,
-0.8786001705328498,
0.008995180282860539
]
]
],
"contact_id_pairs": [
[
0,
1
],
[
0,
2
],
[
0,
3
],
[
1,
4
],
[
3,
4
]
],
"coupler_pt_pairs": [
[
[
-0.05999750328957854,
0.0,
0.0
],
[
-0.05999750328957854,
0.005301761090037424,
0.03561261637885043
]
],
[
[
-0.05173554757754099,
0.0,
0.0
],
[
-0.05173554757754097,
-0.006011363697712203,
-0.036796330400168865
]
],
[
[
0.05039535925593672,
0.0,
0.0
],
[
0.05039535925593672,
-0.009707905770863966,
0.034666928148059405
]
],
[
[
-0.050243865923024884,
0.03988694183897461,
0.030463812830242815
],
[
-0.037479709371535885,
0.04121225745237673,
0.06354591291893377
]
],
[
[
-0.006761238335638264,
-0.05467894336868979,
0.022073525191988352
],
[
-0.01189950701503625,
-0.05811248581834255,
0.05765532332755825
]
]
],
"half_couplers": [
{
"pose": [
[
0.0,
0.0,
1.0,
-0.059997503289578535
],
[
-0.989099263433692,
-0.14725028718113897,
0.0,
0.0
],
[
0.14725028718113897,
-0.989099263433692,
0.0,
0.0
],
[
0.0,
0.0,
0.0,
1.0
]
],
"at_element": 0,
"to_element": 1
},
{
"pose": [
[
-0.9632277539592975,
-8.326672684688674e-17,
0.2686862370917549,
-0.059997503289578535
],
[
0.2657573592022251,
0.14725028718113842,
0.9527278619600309,
0.005301761090037452
],
[
-0.039564125573380376,
0.989099263433692,
-0.14183556339134928,
0.03561261637885042
],
[
0.0,
0.0,
0.0,
1.0
]
],
"at_element": 1,
"to_element": 0
},
{
"pose": [
[
0.0,
0.0,
1.0,
-0.051735547577540966
],
[
0.9869166697267738,
0.16123116018752093,
0.0,
0.0
],
[
-0.16123116018752093,
0.9869166697267738,
0.0,
0.0
],
[
0.0,
0.0,
0.0,
1.0
]
],
"at_element": 0,
"to_element": 2
},
{
"pose": [
[
0.45714267406095366,
-1.1102230246251565e-16,
-0.8893933750328932,
-0.051735547577540966
],
[
0.8777571477645186,
-0.1612311601875207,
0.45116172547422845,
-0.00601136369771222
],
[
-0.14339792571964816,
-0.9869166697267739,
-0.07370564371007315,
-0.036796330400168865
],
[
0.0,
0.0,
0.0,
1.0
]
],
"at_element": 2,
"to_element": 0
},
{
"pose": [
[
4.440892098500626e-16,
-6.661338147750939e-16,
1.0,
0.050395359255936675
],
[
-0.962955610593193,
0.26965995629142037,
6.106226635438361e-16,
0.0
],
[
-0.2696599562914204,
-0.9629556105931929,
-4.440892098500626e-16,
0.0
],
[
0.0,
0.0,
0.0,
1.0
]
],
"at_element": 0,
"to_element": 3
},
{
"pose": [
[
0.632722800463095,
1.0547118733938987e-15,
-0.7743783686119715,
0.050395359255936724
],
[
-0.7456919947769016,
-0.26965995629142037,
-0.609283970656175,
-0.009707905770863955
],
[
-0.20881883703292625,
0.9629556105931931,
-0.17062000271746247,
0.0346669281480594
],
[
0.0,
0.0,
0.0,
1.0
]
],
"at_element": 3,
"to_element": 0
},
{
"pose": [
[
0.8935386544671265,
-0.3597170818442606,
0.26868623709175465,
-0.050243865923024836
],
[
-0.30152050288004256,
-0.03734979769736935,
0.952727861960031,
0.0398869418389748
],
[
-0.3326771096965394,
-0.9323135811739605,
-0.14183556339134973,
0.030463812830242784
],
[
0.0,
0.0,
0.0,
1.0
]
],
"at_element": 1,
"to_element": 4
},
{
"pose": [
[
0.8992254362187033,
0.35971708184426054,
0.2489924414249,
-0.03747970937153594
],
[
0.25276441742989864,
0.037349797697369014,
-0.9668066724497145,
0.041212257452376985
],
[
-0.3570766922365652,
0.9323135811739606,
-0.05733779050485066,
0.06354591291893379
],
[
0.0,
0.0,
0.0,
1.0
]
],
"at_element": 4,
"to_element": 1
},
{
"pose": [
[
-0.6165187131126193,
0.14227725962999788,
-0.7743783686119714,
-0.006761238335638214
],
[
0.7872318624313241,
0.09507385484114039,
-0.6092839706561748,
-0.05467894336868975
],
[
-0.013064117071910852,
-0.9852502948580244,
-0.17062000271746425,
0.022073525191988363
],
[
0.0,
0.0,
0.0,
1.0
]
],
"at_element": 3,
"to_element": 4
},
{
"pose": [
[
0.9579978838731567,
-0.1422772596299981,
0.24899244142489957,
-0.011899507015036243
],
[
0.2371620126250324,
-0.09507385484114095,
-0.9668066724497145,
-0.05811248581834254
],
[
0.16122727518071472,
0.9852502948580243,
-0.05733779050485199,
0.05765532332755825
],
[
0.0,
0.0,
0.0,
1.0
]
],
"at_element": 4,
"to_element": 3
}
],
"nstatus": true,
"opt_line_pos": [
[
3.700743415417188e-17,
0.0,
0.0
],
[
-0.044571625056072726,
0.060000000000000324,
0.02746951923424873
],
[
-0.06000000000000027,
-0.0018190628332285623,
-0.03748122057678628
],
[
0.003937866256211018,
-0.046260845456331794,
0.02443087571794353
],
[
-0.022081391665334245,
-0.01857749446805066,
0.0600000000000003
]
],
"opt_line_orient": [
[
1.0,
0.0,
0.0
],
[
0.2686862370917548,
0.9527278619600311,
-0.14183556339134934
],
[
-0.8893933750328932,
0.4511617254742285,
-0.07370564371007303
],
[
-0.7743783686119713,
-0.6092839706561752,
-0.17062000271746325
],
[
0.2489924414248996,
-0.9668066724497146,
-0.05733779050485182
]
],
"opt_edge_ids": [
[
0,
1
],
[
0,
2
],
[
0,
3
],
[
0,
4
],
[
0,
5
]
],
"opt_parameters": {
"layers": [],
"orient_devi": 0.17266462599716473,
"clamp_t_bnd": 0.0600000000000003,
"bar_collision_distance": 0.02,
"pos_devi": 0.0600000000000003,
"debug_mode": false,
"adjustopt_trust_region_start": 0.010000000000000004,
"bar_available_lengths": [
1.0
],
"clamp_collision_dist": 0.024,
"time_out": 200,
"contactopt_trust_region_start": 0.10000000000000003,
"clamp_gap": 0.016,
"opt_tol": 0.001,
"trust_region_lobnd": 1e-06,
"trust_region_upbnd": 1.0,
"contact_ignore_para_tol": 1e-06,
"line_para_tol": 0.0001,
"bigM": 1,
"pos_tol": 1e-06,
"duplicate_vertices_tol": 0.001,
"bar_contact_distance_tol": 1e-05,
"bar_contact_distance": 0.018000000000000002,
"fixed_contact_pairs": [
[
0,
1
],
[
0,
2
],
[
0,
3
],
[
1,
4
],
[
3,
4
]
],
"clamp_extension_length": 0.03,
"number_clamp_on_joint": [
5,
5.1
],
"radius": 0.018000000000000002,
"tr_size": 0.02500000000000001
}
}