{
"line_pt_pairs": [
[
[
-0.10000000028001584,
0.0,
0.0
],
[
0.8999999997199841,
0.0,
0.0
]
],
[
[
-0.005792798747830333,
-0.1157922086296388,
0.05615847828632863
],
[
0.2929043300883436,
0.8343079026297099,
-0.033784858376259455
]
],
[
[
0.06545744897097701,
-0.08676536562956697,
-0.01733201919504894
],
[
-0.7463011219790155,
0.4902601238383009,
-0.1072742617376564
]
],
[
[
0.12565170313377266,
0.017186362379541964,
-0.04294981152437801
],
[
-0.6250678608997535,
-0.6397196509031435,
-0.1129114144960148
]
],
[
[
-0.0556768176620795,
0.0867385439799765,
0.03679594551755983
],
[
0.22302343096637073,
-0.8710877069932668,
-0.03316864810651299
]
]
],
"contact_id_pairs": [
[
0,
2
],
[
0,
4
],
[
1,
4
],
[
2,
3
]
],
"coupler_pt_pairs": [
[
[
-0.04999822676323064,
0.0,
0.0
],
[
-0.04999822676323063,
-0.004695560410992058,
-0.03012442171647111
]
],
[
[
-0.029794398097610746,
0.0,
0.0
],
[
-0.02979439809761075,
-0.0022131559899851855,
0.030298452329995614
]
],
[
[
0.0031681156427972603,
-0.08728920362020562,
0.05346017802820027
],
[
-0.004974961554081809,
-0.08751163696640249,
0.024067809191741875
]
],
[
[
0.03118738438348116,
-0.06240504286814158,
-0.021129116720575724
],
[
0.03430889554754999,
-0.06274180580502035,
-0.0514622968049355
]
]
],
"half_couplers": [
{
"pose": [
[
-6.661338147750939e-16,
-7.216449660063518e-16,
1.0,
-0.0499982267632307
],
[
0.9880689008181436,
0.15401249051952104,
7.771561172376096e-16,
0.0
],
[
-0.15401249051952104,
0.9880689008181436,
6.661338147750939e-16,
0.0
],
[
0.0,
0.0,
0.0,
1.0
]
],
"at_element": 0,
"to_element": 2
},
{
"pose": [
[
0.5839931698994656,
1.3322676295501878e-15,
-0.8117585709499925,
-0.04999822676323065
],
[
0.8020733989282661,
-0.15401249051952148,
0.577025489467868,
-0.0046955604109920335
],
[
-0.12502095921257528,
-0.9880689008181435,
-0.08994224254260774,
-0.030124421716471114
],
[
0.0,
0.0,
0.0,
1.0
]
],
"at_element": 2,
"to_element": 0
},
{
"pose": [
[
2.220446049250313e-16,
-1.1102230246251565e-16,
1.0,
-0.029794398097610753
],
[
-0.9973428291153918,
0.07285108929937911,
1.1102230246251565e-16,
0.0
],
[
-0.07285108929937906,
-0.9973428291153918,
0.0,
0.0
],
[
0.0,
0.0,
0.0,
1.0
]
],
"at_element": 0,
"to_element": 4
},
{
"pose": [
[
0.960378139804546,
2.498001805406602e-16,
0.2787002486284502,
-0.029794398097610746
],
[
0.27795969444226165,
-0.072851089299379,
-0.9578262509732431,
-0.0022131559899851716
],
[
0.02030361670059011,
0.9973428291153918,
-0.06996459362407248,
0.030298452329995614
],
[
0.0,
0.0,
0.0,
1.0
]
],
"at_element": 4,
"to_element": 0
},
{
"pose": [
[
-0.9162423263264878,
0.26698319174220025,
0.29869712883617394,
0.0031681156427972477
],
[
0.3118598938912927,
0.007292816128562918,
0.9501001112593487,
-0.08728920362020566
],
[
0.2514824169399086,
0.9636735910878033,
-0.08994333666258725,
0.05346017802820027
],
[
0.0,
0.0,
0.0,
1.0
]
],
"at_element": 1,
"to_element": 4
},
{
"pose": [
[
-0.9225216239967429,
-0.2669831917421998,
0.2787002486284502,
-0.004974961554081801
],
[
-0.2872554399475434,
-0.007292816128563029,
-0.9578262509732433,
-0.08751163696640249
],
[
0.2577560192875339,
-0.9636735910878033,
-0.06996459362407337,
0.024067809191741875
],
[
0.0,
0.0,
0.0,
1.0
]
],
"at_element": 4,
"to_element": 1
},
{
"pose": [
[
-0.5749524524154128,
-0.10236063672490608,
-0.8117585709499925,
0.03118738438348114
],
[
-0.8166514762599724,
0.011043134825546752,
0.5770254894678679,
-0.06240504286814158
],
[
-0.05010033716363771,
0.9946860556087516,
-0.0899422425426073,
-0.021129116720575724
],
[
0.0,
0.0,
0.0,
1.0
]
],
"at_element": 2,
"to_element": 3
},
{
"pose": [
[
-0.6526426558435974,
0.10236063672490614,
-0.7507195640335261,
0.03430889554754997
],
[
0.7538915962433016,
-0.011043134825546419,
-0.6569060132826854,
-0.06274180580502035
],
[
-0.07553161514983286,
-0.9946860556087518,
-0.06996160297163678,
-0.0514622968049355
],
[
0.0,
0.0,
0.0,
1.0
]
],
"at_element": 3,
"to_element": 2
}
],
"nstatus": true,
"opt_line_pos": [
[
3.700743415417188e-17,
0.0,
0.0
],
[
0.018099819793585596,
-0.03979422490972542,
0.04896396040932549
],
[
-0.009406763037057779,
-0.03354934780913581,
-0.025626917894187726
],
[
0.05000000000000005,
-0.0490115377213171,
-0.05
],
[
-0.018903600142565213,
-0.039642229794993,
0.02756443879065908
]
],
"opt_line_orient": [
[
1.0,
0.0,
0.0
],
[
0.29869712883617394,
0.9501001112593486,
-0.08994333666258808
],
[
-0.8117585709499926,
0.5770254894678679,
-0.08994224254260746
],
[
-0.7507195640335261,
-0.6569060132826855,
-0.06996160297163678
],
[
0.2787002486284502,
-0.9578262509732433,
-0.06996459362407281
]
],
"opt_edge_ids": [
[
0,
1
],
[
0,
2
],
[
0,
3
],
[
0,
4
],
[
0,
5
]
],
"opt_parameters": {
"layers": [],
"orient_devi": 0.18726646259971647,
"clamp_t_bnd": 0.05,
"bar_collision_distance": 0.02,
"pos_devi": 0.05,
"debug_mode": false,
"adjustopt_trust_region_start": 0.010000000000000004,
"bar_available_lengths": [
1.0
],
"clamp_collision_dist": 0.024,
"time_out": 200,
"contactopt_trust_region_start": 0.010000000000000004,
"clamp_gap": 0.016,
"opt_tol": 0.001,
"trust_region_lobnd": 1e-06,
"trust_region_upbnd": 1.0,
"contact_ignore_para_tol": 1e-06,
"line_para_tol": 0.0001,
"bigM": 1,
"pos_tol": 1e-06,
"duplicate_vertices_tol": 0.001,
"bar_contact_distance_tol": 1e-05,
"bar_contact_distance": 0.018000000000000002,
"fixed_contact_pairs": [
[
0,
2
],
[
0,
4
],
[
1,
4
],
[
2,
3
]
],
"clamp_extension_length": 0.03,
"radius": 0.015242493104980685
}
}