{
"line_pt_pairs": [
[
[
-0.10000003603867672,
0.0,
0.0
],
[
0.8999999639613233,
0.0,
0.0
]
],
[
[
-0.08252976165666456,
-0.08103702713329075,
0.05004769331875865
],
[
0.1650067864648199,
0.8745775349246921,
-0.10972234807458076
]
],
[
[
0.08872059311394472,
-0.06492052724135391,
-0.022776151850284372
],
[
-0.789946805647345,
0.4017008087249379,
-0.12381144852972109
]
],
[
[
0.10327247431858143,
0.03211224421137077,
0.04525053590258535
],
[
-0.6565863713962147,
-0.5981484524344719,
-0.11407927565970345
]
],
[
[
-0.051830912967959226,
0.08857320290989168,
0.06862261229870152
],
[
0.1697671559241501,
-0.8836866632489523,
-0.006244259681332402
]
]
],
"contact_id_pairs": [
[
0,
1
],
[
0,
2
],
[
0,
3
],
[
1,
4
],
[
3,
4
]
],
"coupler_pt_pairs": [
[
[
-0.060000705415241,
0.0,
0.0
],
[
-0.060000705415241,
0.005936368824229491,
0.035506534546202013
]
],
[
[
-0.019182205537533227,
0.0,
0.0
],
[
-0.019182205537533244,
-0.007618130302266938,
-0.035183567090297595
]
],
[
[
0.05391958701109481,
0.0,
0.0
],
[
0.053919587011094804,
-0.008823233886064243,
0.03490205305066873
]
],
[
[
-0.054360642984849446,
0.027709823412249254,
0.031866211471475954
],
[
-0.03823226500532628,
0.028909236909682848,
0.06402831126886867
]
],
[
[
-0.011967838574931637,
-0.06347319286757291,
0.021086551445142706
],
[
-0.016326234391060113,
-0.06720330820219544,
0.05662736234459143
]
]
],
"half_couplers": [
{
"pose": [
[
-2.220446049250313e-16,
-5.551115123125783e-17,
1.0000000000000002,
-0.06000070541524101
],
[
-0.9863099514348765,
-0.1649020306137312,
0.0,
0.0
],
[
0.16490203061373104,
-0.9863099514348764,
-2.220446049250313e-16,
0.0
],
[
0.0,
0.0,
0.0,
1.0
]
],
"at_element": 0,
"to_element": 1
},
{
"pose": [
[
-0.9688785565508715,
0.0,
0.2475365481214845,
-0.06000070541524101
],
[
0.2441477607560583,
0.164902030613731,
0.955614562057983,
0.005936368824229488
],
[
-0.04081927943634635,
0.9863099514348763,
-0.1597700413933394,
0.035506534546202013
],
[
0.0,
0.0,
0.0,
1.0
]
],
"at_element": 1,
"to_element": 0
},
{
"pose": [
[
5.551115123125783e-16,
5.551115123125783e-16,
0.9999999999999999,
-0.019182205537533206
],
[
0.9773517367172774,
0.2116213191900138,
-5.551115123125783e-16,
0.0
],
[
-0.2116213191900137,
0.9773517367172774,
-4.440892098500626e-16,
0.0
],
[
0.0,
0.0,
0.0,
1.0
]
],
"at_element": 0,
"to_element": 2
},
{
"pose": [
[
0.477434395864048,
-9.43689570931383e-16,
-0.8786673987612899,
-0.019182205537533248
],
[
0.858767108176199,
-0.2116213191900136,
0.4666213359662917,
-0.007618130302266941
],
[
-0.18594475405512229,
-0.9773517367172775,
-0.10103529667943612,
-0.035183567090297595
],
[
0.0,
0.0,
0.0,
1.0
]
],
"at_element": 2,
"to_element": 0
},
{
"pose": [
[
-2.220446049250313e-16,
2.220446049250313e-16,
1.0,
0.0539195870110948
],
[
-0.9695004400350888,
0.24508956887588895,
-2.220446049250313e-16,
0.0
],
[
-0.24508956887588895,
-0.9695004400350888,
1.1102230246251565e-16,
0.0
],
[
0.0,
0.0,
0.0,
1.0
]
],
"at_element": 0,
"to_element": 3
},
{
"pose": [
[
0.6500880975598443,
-2.7755575615628914e-16,
-0.7598588457147961,
0.05391958701109478
],
[
-0.7366834852850495,
-0.24508956887588873,
-0.6302606966458427,
-0.008823233886064267
],
[
-0.18623347690276987,
0.9695004400350887,
-0.15932981156228898,
0.03490205305066873
],
[
0.0,
0.0,
0.0,
1.0
]
],
"at_element": 3,
"to_element": 0
},
{
"pose": [
[
0.8590731332389434,
-0.44801675090461135,
0.2475365481214845,
-0.05436064298484945
],
[
-0.2927298285853063,
-0.03331750649653453,
0.955614562057983,
0.027709823412249257
],
[
-0.4198840306601833,
-0.8934041272961128,
-0.1597700413933396,
0.03186621147147595
],
[
0.0,
0.0,
0.0,
1.0
]
],
"at_element": 1,
"to_element": 4
},
{
"pose": [
[
0.8661265997371074,
0.44801675090461135,
0.2215980688921093,
-0.038232265005326276
],
[
0.23151824208394503,
0.03331750649653464,
-0.972259866158844,
0.028909236909682834
],
[
-0.44297180137136993,
0.8934041272961126,
-0.07486687198003383,
0.06402831126886867
],
[
0.0,
0.0,
0.0,
1.0
]
],
"at_element": 4,
"to_element": 1
},
{
"pose": [
[
-0.6387159680290599,
0.12106381281654083,
-0.7598588457147963,
-0.01196783857493161
],
[
0.769438765302872,
0.10361197185986293,
-0.6302606966458426,
-0.0634731928675729
],
[
0.00242871033531461,
-0.9872224230200775,
-0.15932981156228943,
0.021086551445142713
],
[
0.0,
0.0,
0.0,
1.0
]
],
"at_element": 3,
"to_element": 4
},
{
"pose": [
[
0.9675938451073413,
-0.12106381281654116,
0.2215980688921093,
-0.01632623439106011
],
[
0.20970291353268733,
-0.10361197185986337,
-0.972259866158844,
-0.06720330820219544
],
[
0.14066569932393896,
0.9872224230200772,
-0.07486687198003428,
0.056627362344591425
],
[
0.0,
0.0,
0.0,
1.0
]
],
"at_element": 4,
"to_element": 3
}
],
"nstatus": true,
"opt_line_pos": [
[
3.700743415417188e-17,
0.0,
0.0
],
[
-0.05307935091199595,
0.03265625000000031,
0.031039214047983207
],
[
-0.06000000000000027,
0.014058392361627068,
-0.039877081358756325
],
[
0.008328075841597775,
-0.04663885944977466,
0.025342268461147167
],
[
-0.025018943934092746,
-0.029064110242932012,
0.059564192867400285
]
],
"opt_line_orient": [
[
1.0,
0.0,
0.0
],
[
0.24753654812148446,
0.955614562057983,
-0.15977004139333942
],
[
-0.8786673987612896,
0.46662133596629174,
-0.10103529667943671
],
[
-0.7598588457147961,
-0.6302606966458426,
-0.1593298115622888
],
[
0.22159806889210928,
-0.972259866158844,
-0.07486687198003392
]
],
"opt_edge_ids": [
[
0,
1
],
[
0,
2
],
[
0,
3
],
[
0,
4
],
[
0,
5
]
],
"opt_parameters": {
"layers": [],
"orient_devi": 0.17266462599716473,
"clamp_t_bnd": 0.0600000000000003,
"bar_collision_distance": 0.02,
"pos_devi": 0.0600000000000003,
"debug_mode": false,
"adjustopt_trust_region_start": 0.010000000000000004,
"bar_available_lengths": [
1.0
],
"clamp_collision_dist": 0.024,
"time_out": 200,
"contactopt_trust_region_start": 0.10000000000000003,
"clamp_gap": 0.016,
"opt_tol": 0.001,
"trust_region_lobnd": 1e-06,
"trust_region_upbnd": 1.0,
"contact_ignore_para_tol": 1e-06,
"line_para_tol": 0.0001,
"bigM": 1,
"pos_tol": 1e-06,
"duplicate_vertices_tol": 0.001,
"bar_contact_distance_tol": 1e-05,
"bar_contact_distance": 0.018000000000000002,
"fixed_contact_pairs": [
[
0,
1
],
[
0,
2
],
[
0,
3
],
[
1,
4
],
[
3,
4
]
],
"clamp_extension_length": 0.03,
"number_clamp_on_joint": [
5,
5.1
],
"radius": 0.018000000000000002,
"tr_size": 0.0007812500000000003
}
}