{
"line_pt_pairs": [
[
[
-0.10000000027924327,
0.0,
0.0
],
[
0.8999999997207566,
0.0,
0.0
]
],
[
[
-0.0030418044383511323,
-0.11512227851816886,
0.05775677296506756
],
[
0.2555439025428451,
0.8420925944182229,
-0.07213979809976856
]
],
[
[
0.06070728654645129,
-0.094790632936096,
-0.014147107732270453
],
[
-0.7157085456393365,
0.5219021630622351,
-0.1440257083368786
]
],
[
[
0.12913467915974441,
0.027389533340542685,
-0.03776072102336643
],
[
-0.581480266873546,
-0.6675543224033833,
-0.14766720781040332
]
],
[
[
-0.05320678968038059,
0.08906193525882926,
0.04382905056733519
],
[
0.18539020604641845,
-0.8758151318441917,
-0.06609692001658982
]
]
],
"contact_id_pairs": [
[
0,
2
],
[
0,
4
],
[
1,
4
],
[
2,
3
]
],
"coupler_pt_pairs": [
[
[
-0.049973732483592465,
0.0,
0.0
],
[
-0.04997373248359246,
-0.006878737969418892,
-0.03266179441072845
]
],
[
[
-0.030246600301139934,
0.0,
0.0
],
[
-0.030246600301139934,
-0.0037881868514189343,
0.03325087419669168
]
],
[
[
0.004715767578867154,
-0.0864058293398835,
0.053859875427345355
],
[
-0.009776810480335175,
-0.08656722900301703,
0.023820070146344723
]
],
[
[
0.026454919481400715,
-0.0675846086134845,
-0.01987683311574206
],
[
0.03177907214819895,
-0.06781910432259514,
-0.05281811996408208
]
]
],
"half_couplers": [
{
"pose": [
[
2.220446049250313e-16,
2.7755575615628914e-16,
1.0,
-0.04997373248359247
],
[
0.978534256054524,
0.20608422969217988,
-3.3306690738754696e-16,
0.0
],
[
-0.20608422969217988,
0.978534256054524,
-2.220446049250313e-16,
0.0
],
[
0.0,
0.0,
0.0,
1.0
]
],
"at_element": 0,
"to_element": 2
},
{
"pose": [
[
0.63022095770551,
-3.3306690738754696e-16,
-0.7764158321857881,
-0.04997373248359249
],
[
0.7597494887368743,
-0.20608422969217988,
0.616692795998331,
-0.006878737969418874
],
[
-0.16000705869682114,
-0.9785342560545243,
-0.12987860060460776,
-0.03266179441072846
],
[
0.0,
0.0,
0.0,
1.0
]
],
"at_element": 2,
"to_element": 0
},
{
"pose": [
[
0.0,
-5.551115123125783e-17,
1.0,
-0.030246600301139945
],
[
-0.9935727688886868,
0.11319519832072511,
5.551115123125783e-17,
0.0
],
[
-0.11319519832072528,
-0.9935727688886868,
0.0,
0.0
],
[
0.0,
0.0,
0.0,
1.0
]
],
"at_element": 0,
"to_element": 4
},
{
"pose": [
[
0.9711186712395894,
1.8041124150158794e-16,
0.23859699572679918,
-0.03024660030113994
],
[
0.237063477692798,
-0.11319519832072555,
-0.9648770671030213,
-0.0037881868514189065
],
[
0.027008034250024154,
0.9935727688886868,
-0.10992597058392484,
0.033250874196691683
],
[
0.0,
0.0,
0.0,
1.0
]
],
"at_element": 4,
"to_element": 0
},
{
"pose": [
[
-0.8627454633409077,
0.43451547455725603,
0.2585857069811963,
0.004715767578867151
],
[
0.2893376408221079,
0.00483907355429436,
0.957214872936392,
-0.0864058293398835
],
[
0.41467335951104867,
0.9006513674765718,
-0.12989657106483543,
0.05385987542734535
],
[
0.0,
0.0,
0.0,
1.0
]
],
"at_element": 1,
"to_element": 4
},
{
"pose": [
[
-0.8684859100759375,
-0.43451547455725553,
0.23859699572679893,
-0.009776810480335185
],
[
-0.2626572457515847,
-0.004839073554294249,
-0.964877067103021,
-0.08656722900301697
],
[
0.4204086051138377,
-0.900651367476572,
-0.10992597058392595,
0.023820070146344727
],
[
0.0,
0.0,
0.0,
1.0
]
],
"at_element": 4,
"to_element": 1
},
{
"pose": [
[
-0.6096900296189047,
-0.15955100536991157,
-0.7764158321857879,
0.02645491948140071
],
[
-0.7871725436351134,
0.007027226393571784,
0.616692795998331,
-0.0675846086134845
],
[
-0.09293790577759259,
0.9871646745982476,
-0.12987860060460843,
-0.01987683311574206
],
[
0.0,
0.0,
0.0,
1.0
]
],
"at_element": 2,
"to_element": 3
},
{
"pose": [
[
-0.6852516874547292,
0.1595510053699114,
-0.7106149460332905,
0.03177907214819897
],
[
0.7190296624291511,
-0.00702722639357245,
-0.6949438557439258,
-0.06781910432259514
],
[
-0.11587264296401828,
-0.9871646745982474,
-0.10990648678703696,
-0.052818119964082075
],
[
0.0,
0.0,
0.0,
1.0
]
],
"at_element": 3,
"to_element": 2
}
],
"nstatus": true,
"opt_line_pos": [
[
3.700743415417188e-17,
0.0,
0.0
],
[
0.014550578324349752,
-0.05,
0.04891950881612083
],
[
-0.011164248376390214,
-0.037704396428681605,
-0.026169755895954758
],
[
0.05000000000000005,
-0.05,
-0.05
],
[
-0.0188192380388732,
-0.05,
0.027986080798655222
]
],
"opt_line_orient": [
[
1.0,
0.0,
0.0
],
[
0.2585857069811962,
0.9572148729363918,
-0.12989657106483612
],
[
-0.7764158321857878,
0.6166927959983312,
-0.12987860060460815
],
[
-0.7106149460332905,
-0.6949438557439259,
-0.10990648678703688
],
[
0.23859699572679904,
-0.964877067103021,
-0.109925970583925
]
],
"opt_edge_ids": [
[
0,
1
],
[
0,
2
],
[
0,
3
],
[
0,
4
],
[
0,
5
]
],
"opt_parameters": {
"layers": [],
"orient_devi": 0.18726646259971647,
"clamp_t_bnd": 0.05,
"bar_collision_distance": 0.02,
"pos_devi": 0.05,
"debug_mode": false,
"adjustopt_trust_region_start": 0.010000000000000004,
"bar_available_lengths": [
1.0
],
"clamp_collision_dist": 0.024,
"time_out": 200,
"contactopt_trust_region_start": 0.010000000000000004,
"clamp_gap": 0.016,
"opt_tol": 0.001,
"trust_region_lobnd": 1e-06,
"trust_region_upbnd": 1.0,
"contact_ignore_para_tol": 1e-06,
"line_para_tol": 0.0001,
"bigM": 1,
"pos_tol": 1e-06,
"duplicate_vertices_tol": 0.001,
"bar_contact_distance_tol": 1e-05,
"bar_contact_distance": 0.018000000000000002,
"fixed_contact_pairs": [
[
0,
2
],
[
0,
4
],
[
1,
4
],
[
2,
3
]
],
"clamp_extension_length": 0.03,
"radius": 0.016683917439458844
}
}