{
"line_pt_pairs": [
[
[
-0.10000003582929408,
0.0,
0.0
],
[
0.8999999641707059,
0.0,
0.0
]
],
[
[
-0.08286355240207499,
-0.08057046922740563,
0.04898286893317926
],
[
0.17014501217693973,
0.8739990507964717,
-0.1084455201554821
]
],
[
[
0.08727907229905801,
-0.06725553403255187,
-0.022065193914213733
],
[
-0.7936527726153256,
0.39623765837736785,
-0.11763268423075002
]
],
[
[
0.10185762356240156,
0.03336891215477213,
0.045045486233431326
],
[
-0.6618773632680681,
-0.5914301277903453,
-0.11723522603614545
]
],
[
[
-0.052471479502142225,
0.08814471292928999,
0.06724546061377548
],
[
0.17459786871233138,
-0.8828362700289086,
-0.007824119343651036
]
]
],
"contact_id_pairs": [
[
0,
1
],
[
0,
2
],
[
0,
3
],
[
1,
4
],
[
3,
4
]
],
"coupler_pt_pairs": [
[
[
-0.05998935791244094,
0.0,
0.0
],
[
-0.05998935791244094,
0.005730992113377159,
0.034749961062271156
]
],
[
[
-0.027041799753062794,
0.0,
0.0
],
[
-0.027041799753062833,
-0.0071067878470019875,
-0.03446724169565233
]
],
[
[
0.05024864239549007,
0.0,
0.0
],
[
0.050248642395490074,
-0.00885154709045765,
0.03407945434057443
]
],
[
[
-0.05405833200588279,
0.02810800754086988,
0.031059525303046218
],
[
-0.038699578977856565,
0.029254098174704347,
0.06269244279916017
]
],
[
[
-0.012553598172494167,
-0.06022902787881507,
0.020735044948262445
],
[
-0.016907032270105763,
-0.06393394587370661,
0.05548778333975906
]
]
],
"half_couplers": [
{
"pose": [
[
-2.220446049250313e-16,
-1.6653345369377348e-16,
1.0,
-0.059989357912440956
],
[
-0.9866718366812484,
-0.16272272951266498,
-1.1102230246251565e-16,
0.0
],
[
0.16272272951266492,
-0.9866718366812484,
-2.220446049250313e-16,
0.0
],
[
0.0,
0.0,
0.0,
1.0
]
],
"at_element": 0,
"to_element": 1
},
{
"pose": [
[
-0.9674640387371858,
2.0816681711721685e-16,
0.2530085645790148,
-0.05998935791244095
],
[
0.24963642510926282,
0.16272272951266487,
0.9545695200238774,
0.005730992113377159
],
[
-0.04117024421837846,
0.9866718366812485,
-0.15742838908866164,
0.034749961062271156
],
[
0.0,
0.0,
0.0,
1.0
]
],
"at_element": 1,
"to_element": 0
},
{
"pose": [
[
-4.440892098500626e-16,
-3.3306690738754696e-16,
1.0,
-0.027041799753062812
],
[
0.9793975604751884,
0.2019416216020109,
3.885780586188048e-16,
0.0
],
[
-0.20194162160201085,
0.9793975604751883,
2.220446049250313e-16,
0.0
],
[
0.0,
0.0,
0.0,
1.0
]
],
"at_element": 0,
"to_element": 2
},
{
"pose": [
[
0.4732431559100885,
4.440892098500626e-16,
-0.8809318449143837,
-0.027041799753062784
],
[
0.8627824998540544,
-0.2019416216020109,
0.4634931924099198,
-0.0071067878470020066
],
[
-0.1778968052828614,
-0.9793975604751884,
-0.09556749031653688,
-0.03446724169565232
],
[
0.0,
0.0,
0.0,
1.0
]
],
"at_element": 2,
"to_element": 0
},
{
"pose": [
[
0.0,
1.1102230246251565e-16,
1.0,
0.05024864239549001
],
[
-0.9678854943482349,
0.25139146729806283,
-1.1102230246251565e-16,
0.0
],
[
-0.25139146729806283,
-0.9678854943482349,
1.1102230246251565e-16,
0.0
],
[
0.0,
0.0,
0.0,
1.0
]
],
"at_element": 0,
"to_element": 3
},
{
"pose": [
[
0.6455299140172067,
0.0,
-0.7637349868304697,
0.050248642395490005
],
[
-0.7392080152794519,
-0.25139146729806217,
-0.6247990399451178,
-0.008851547090457705
],
[
-0.191996458966178,
0.9678854943482351,
-0.16228071226957752,
0.03407945434057442
],
[
0.0,
0.0,
0.0,
1.0
]
],
"at_element": 3,
"to_element": 0
},
{
"pose": [
[
0.8633775327509806,
-0.436538546053491,
0.25300856457901466,
-0.054058332005882795
],
[
-0.2962024561873878,
-0.03257508848711055,
0.9545695200238772,
0.02810800754086991
],
[
-0.4084646139990439,
-0.8990956353022524,
-0.1574283890886614,
0.03105952530304621
],
[
0.0,
0.0,
0.0,
1.0
]
],
"at_element": 1,
"to_element": 4
},
{
"pose": [
[
0.8705593655294038,
0.43653854605349096,
0.22706934821447378,
-0.03869957897785658
],
[
0.2369278251780218,
0.03257508848711055,
-0.9709809829581986,
0.029254098174704417
],
[
-0.4312674306569585,
0.8990956353022526,
-0.07506957995742614,
0.06269244279916017
],
[
0.0,
0.0,
0.0,
1.0
]
],
"at_element": 4,
"to_element": 1
},
{
"pose": [
[
-0.6335850409239447,
0.12360770934074083,
-0.7637349868304699,
-0.012553598172494157
],
[
0.7736668017825568,
0.10519429406203229,
-0.6247990399451177,
-0.06022902787881504
],
[
0.003110584664196725,
-0.9867397299634416,
-0.16228071226957708,
0.020735044948262445
],
[
0.0,
0.0,
0.0,
1.0
]
],
"at_element": 3,
"to_element": 4
},
{
"pose": [
[
0.9660024043929648,
-0.12360770934074067,
0.22706934821447367,
-0.016907032270105763
],
[
0.2147791685204154,
-0.10519429406203229,
-0.9709809829581987,
-0.06393394587370657
],
[
0.14390713490543106,
0.9867397299634416,
-0.07506957995742636,
0.05548778333975906
],
[
0.0,
0.0,
0.0,
1.0
]
],
"at_element": 4,
"to_element": 3
}
],
"nstatus": true,
"opt_line_pos": [
[
3.700743415417188e-17,
0.0,
0.0
],
[
-0.05140332906443119,
0.03812500000000031,
0.029407514681216676
],
[
-0.05687500000000027,
0.008589642361627065,
-0.037703682848472246
],
[
0.004421825841597773,
-0.0463417125016812,
0.02434203421494168
],
[
-0.02508141809627964,
-0.02897910389705626,
0.05819025161742906
]
],
"opt_line_orient": [
[
1.0,
0.0,
0.0
],
[
0.2530085645790147,
0.9545695200238774,
-0.15742838908866136
],
[
-0.8809318449143837,
0.4634931924099197,
-0.09556749031653627
],
[
-0.7637349868304698,
-0.6247990399451175,
-0.1622807122695768
],
[
0.2270693482144736,
-0.9709809829581987,
-0.07506957995742652
]
],
"opt_edge_ids": [
[
0,
1
],
[
0,
2
],
[
0,
3
],
[
0,
4
],
[
0,
5
]
],
"opt_parameters": {
"layers": [],
"orient_devi": 0.17266462599716473,
"clamp_t_bnd": 0.0600000000000003,
"bar_collision_distance": 0.02,
"pos_devi": 0.0600000000000003,
"debug_mode": false,
"adjustopt_trust_region_start": 0.010000000000000004,
"bar_available_lengths": [
1.0
],
"clamp_collision_dist": 0.024,
"time_out": 200,
"contactopt_trust_region_start": 0.10000000000000003,
"clamp_gap": 0.016,
"opt_tol": 0.001,
"trust_region_lobnd": 1e-06,
"trust_region_upbnd": 1.0,
"contact_ignore_para_tol": 1e-06,
"line_para_tol": 0.0001,
"bigM": 1,
"pos_tol": 1e-06,
"duplicate_vertices_tol": 0.001,
"bar_contact_distance_tol": 1e-05,
"bar_contact_distance": 0.018000000000000002,
"fixed_contact_pairs": [
[
0,
1
],
[
0,
2
],
[
0,
3
],
[
1,
4
],
[
3,
4
]
],
"clamp_extension_length": 0.03,
"number_clamp_on_joint": [
5,
5.1
],
"radius": 0.017605018988161993,
"tr_size": 0.003125000000000001
}
}