{
"line_pt_pairs": [
[
[
-0.1000000002803659,
0.0,
0.0
],
[
0.8999999997196341,
0.0,
0.0
]
],
[
[
-0.003940416932081696,
-0.11331476789935008,
0.05729461452244842
],
[
0.27469874006843426,
0.8407698180572724,
-0.052627280594137876
]
],
[
[
0.06302342156040086,
-0.09066182331221098,
-0.015732439132060898
],
[
-0.7317536051036251,
0.5062036715690136,
-0.1256463095364871
]
],
[
[
0.1276172928022668,
0.021860965572059632,
-0.04044822440789686
],
[
-0.603202199100451,
-0.6547587985416092,
-0.13038467455919273
]
],
[
[
-0.05323583141192608,
0.08812530964726338,
0.04027401780583193
],
[
0.20541055021914437,
-0.8736498944435431,
-0.04967322264790411
]
]
],
"contact_id_pairs": [
[
0,
2
],
[
0,
4
],
[
1,
4
],
[
2,
3
]
],
"coupler_pt_pairs": [
[
[
-0.05000951345268585,
0.0,
0.0
],
[
-0.050009513452685846,
-0.00577580316937815,
-0.03136435469284152
]
],
[
[
-0.028737996944899483,
0.0,
0.0
],
[
-0.028737996944899483,
-0.0029697584365228,
0.031754615394301106
]
],
[
[
0.004418759681860645,
-0.08469222380144106,
0.05399695691786024
],
[
-0.006708081411727893,
-0.08488788299873434,
0.02409346004721372
]
],
[
[
0.02911543010762394,
-0.06519743591812818,
-0.020421752553535018
],
[
0.03327477666661913,
-0.065484831469283,
-0.052058247257028734
]
]
],
"half_couplers": [
{
"pose": [
[
0.0,
5.551115123125783e-17,
1.0000000000000002,
-0.050009513452685894
],
[
0.9834634724918339,
0.1811065936798112,
-1.1102230246251565e-16,
0.0
],
[
-0.18110659367981136,
0.9834634724918339,
-2.220446049250313e-16,
0.0
],
[
0.0,
0.0,
0.0,
1.0
]
],
"at_element": 0,
"to_element": 2
},
{
"pose": [
[
0.6069015388735555,
0.0,
-0.7947770266640264,
-0.0500095134526859
],
[
0.7816341744997379,
-0.18110659367981174,
0.5968654948812245,
-0.005775803169378105
],
[
-0.14393936003409064,
-0.9834634724918337,
-0.10991387040442557,
-0.031364354692841524
],
[
0.0,
0.0,
0.0,
1.0
]
],
"at_element": 2,
"to_element": 0
},
{
"pose": [
[
0.0,
-5.551115123125783e-17,
1.0,
-0.028737996944899494
],
[
-0.995655287760199,
0.0931157771548703,
5.551115123125783e-17,
0.0
],
[
-0.0931157771548704,
-0.995655287760199,
-2.220446049250313e-16,
0.0
],
[
0.0,
0.0,
0.0,
1.0
]
],
"at_element": 0,
"to_element": 4
},
{
"pose": [
[
0.9659720747874416,
1.942890293094024e-16,
0.2586463816310705,
-0.02873799694489949
],
[
0.2575226375310178,
-0.09311577715487052,
-0.9617752040908064,
-0.0029697584365227653
],
[
0.0240840588338722,
0.9956552877601988,
-0.08994724045373537,
0.031754615394301106
],
[
0.0,
0.0,
0.0,
1.0
]
],
"at_element": 4,
"to_element": 0
},
{
"pose": [
[
-0.8948465720570193,
0.3487260137469589,
0.27863915700051584,
0.004418759681860708
],
[
0.29947453912432787,
0.006132149399019737,
0.9540845859566225,
-0.08469222380144086
],
[
0.33100545749892657,
0.9372046543204446,
-0.10992189511658901,
0.05399695691786021
],
[
0.0,
0.0,
0.0,
1.0
]
],
"at_element": 1,
"to_element": 4
},
{
"pose": [
[
-0.9008286277674071,
-0.3487260137469601,
0.25864638163107057,
-0.006708081411727906
],
[
-0.2737715352987512,
-0.0061321493990205145,
-0.9617752040908066,
-0.08488788299873427
],
[
0.3369820912969338,
-0.9372046543204441,
-0.08994724045373426,
0.024093460047213727
],
[
0.0,
0.0,
0.0,
1.0
]
],
"at_element": 4,
"to_element": 1
},
{
"pose": [
[
-0.592738890753044,
-0.13034602132762163,
-0.7947770266640259,
0.02911543010762393
],
[
-0.8022907610248334,
0.009006430723901504,
0.5968654948812245,
-0.06519743591812818
],
[
-0.07064093829391171,
0.9914276569319996,
-0.10991387040442624,
-0.02042175255353502
],
[
0.0,
0.0,
0.0,
1.0
]
],
"at_element": 2,
"to_element": 3
},
{
"pose": [
[
-0.6700095409612556,
0.1303460213276218,
-0.7308194919027178,
0.03327477666661913
],
[
0.7362775149468974,
-0.009006430723901726,
-0.6766197641136689,
-0.065484831469283
],
[
-0.09477676932934964,
-0.9914276569319995,
-0.08993645015129581,
-0.05205824725702874
],
[
0.0,
0.0,
0.0,
1.0
]
],
"at_element": 3,
"to_element": 2
}
],
"nstatus": true,
"opt_line_pos": [
[
3.700743415417188e-17,
0.0,
0.0
],
[
0.014550578324349752,
-0.05,
0.05
],
[
-0.010634899900375333,
-0.035345540863358366,
-0.025919033519708885
],
[
0.05000000000000005,
-0.05,
-0.05
],
[
-0.016090341072831374,
-0.05,
0.02735624826182097
]
],
"opt_line_orient": [
[
1.0,
0.0,
0.0
],
[
0.27863915700051595,
0.9540845859566225,
-0.10992189511658629
],
[
-0.7947770266640259,
0.5968654948812245,
-0.10991387040442618
],
[
-0.7308194919027179,
-0.6766197641136689,
-0.08993645015129588
],
[
0.25864638163107045,
-0.9617752040908065,
-0.08994724045373603
]
],
"opt_edge_ids": [
[
0,
1
],
[
0,
2
],
[
0,
3
],
[
0,
4
],
[
0,
5
]
],
"opt_parameters": {
"layers": [],
"orient_devi": 0.18726646259971647,
"clamp_t_bnd": 0.05,
"bar_collision_distance": 0.02,
"pos_devi": 0.05,
"debug_mode": false,
"adjustopt_trust_region_start": 0.010000000000000004,
"bar_available_lengths": [
1.0
],
"clamp_collision_dist": 0.024,
"time_out": 200,
"contactopt_trust_region_start": 0.010000000000000004,
"clamp_gap": 0.016,
"opt_tol": 0.001,
"trust_region_lobnd": 1e-06,
"trust_region_upbnd": 1.0,
"contact_ignore_para_tol": 1e-06,
"line_para_tol": 0.0001,
"bigM": 1,
"pos_tol": 1e-06,
"duplicate_vertices_tol": 0.001,
"bar_contact_distance_tol": 1e-05,
"bar_contact_distance": 0.018000000000000002,
"fixed_contact_pairs": [
[
0,
2
],
[
0,
4
],
[
1,
4
],
[
2,
3
]
],
"clamp_extension_length": 0.03,
"radius": 0.015946338600989565
}
}