{
"line_pt_pairs": [
[
[
-0.10000003602893577,
0.0,
0.0
],
[
0.8999999639710643,
0.0,
0.0
]
],
[
[
-0.08255031546994254,
-0.08099264220218558,
0.05000538470122551
],
[
0.1653744829692532,
0.8745860231179764,
-0.10937688753700636
]
],
[
[
0.08927723435704944,
-0.06395719171027933,
-0.02283144719416247
],
[
-0.7887556426561613,
0.40353826402539017,
-0.12533152402536465
]
],
[
[
0.10379742847470415,
0.03149502890933731,
0.04513699283897427
],
[
-0.6562615790917075,
-0.5983775402048431,
-0.1147718927636204
]
],
[
[
-0.051397970786597934,
0.08869374709920766,
0.06835279270678285
],
[
0.17059660584352243,
-0.8835417792951107,
-0.005650512378708915
]
]
],
"contact_id_pairs": [
[
0,
1
],
[
0,
2
],
[
0,
3
],
[
1,
4
],
[
3,
4
]
],
"coupler_pt_pairs": [
[
[
-0.06000017885897752,
0.0,
0.0
],
[
-0.060000178858977515,
0.005922541680793689,
0.035508682334359984
]
],
[
[
-0.01636454092901698,
0.0,
0.0
],
[
-0.01636454092901699,
-0.007709810575664087,
-0.03516388982460338
]
],
[
[
0.05510361588542326,
0.0,
0.0
],
[
0.05510361588542326,
-0.008858281202436945,
0.034892297059596726
]
],
[
[
-0.05404996425480163,
0.028856504582537915,
0.031683495302288034
],
[
-0.0380115171095358,
0.030067153446172386,
0.0638903331705438
]
],
[
[
-0.011307859893109234,
-0.06389449082677112,
0.02091998046674204
],
[
-0.01570975016469051,
-0.06760446742982684,
0.056455897211710585
]
]
],
"half_couplers": [
{
"pose": [
[
-2.220446049250313e-16,
-1.1102230246251565e-16,
1.0,
-0.060000178858977536
],
[
-0.9863739703750141,
-0.16451866327754727,
-1.1102230246251565e-16,
0.0
],
[
0.16451866327754722,
-0.9863739703750141,
-2.220446049250313e-16,
0.0
],
[
0.0,
0.0,
0.0,
1.0
]
],
"at_element": 0,
"to_element": 1
},
{
"pose": [
[
-0.9687792804962774,
2.0816681711721685e-16,
0.2479247984391958,
-0.06000017885897753
],
[
0.24454656779089468,
0.16451866327754727,
0.9555786653201622,
0.005922541680793675
],
[
-0.04078825643257167,
0.9863739703750142,
-0.15938227223823187,
0.03550868233436
],
[
0.0,
0.0,
0.0,
1.0
]
],
"at_element": 1,
"to_element": 0
},
{
"pose": [
[
2.220446049250313e-16,
2.7755575615628914e-16,
1.0,
-0.016364540929016985
],
[
0.9767972055346685,
0.2141663354957134,
-3.3306690738754696e-16,
0.0
],
[
-0.21416633549571346,
0.9767972055346686,
-4.440892098500626e-16,
0.0
],
[
0.0,
0.0,
0.0,
1.0
]
],
"at_element": 0,
"to_element": 2
},
{
"pose": [
[
0.47860032060572577,
-3.885780586188048e-16,
-0.8780328770132111,
-0.016364540929017013
],
[
0.8576600606340699,
-0.21416633549571373,
0.4674954557356696,
-0.007709810575664076
],
[
-0.18804508371467815,
-0.9767972055346685,
-0.10250007683120166,
-0.03516388982460339
],
[
0.0,
0.0,
0.0,
1.0
]
],
"at_element": 2,
"to_element": 0
},
{
"pose": [
[
0.0,
-2.220446049250313e-16,
1.0000000000000002,
0.05510361588542327
],
[
-0.9692523346695693,
0.24606891664245079,
2.220446049250313e-16,
0.0
],
[
-0.24606891664245106,
-0.9692523346695693,
-4.440892098500626e-16,
0.0
],
[
0.0,
0.0,
0.0,
1.0
]
],
"at_element": 0,
"to_element": 3
},
{
"pose": [
[
0.649854064399971,
2.7755575615628914e-16,
-0.7600590075664115,
0.055103615885423285
],
[
-0.73668896757038,
-0.246068916642451,
-0.6298725691141804,
-0.00885828120243692
],
[
-0.18702689657620353,
0.9692523346695692,
-0.1599088856025943,
0.03489229705959674
],
[
0.0,
0.0,
0.0,
1.0
]
],
"at_element": 3,
"to_element": 0
},
{
"pose": [
[
0.8602607668576041,
-0.445516225657889,
0.24792479843919585,
-0.054049964254801616
],
[
-0.29281133232800843,
-0.03362942231490673,
0.9555786653201622,
0.02885650458253801
],
[
-0.417388232543592,
-0.8946420259692224,
-0.15938227223823187,
0.03168349530228802
],
[
0.0,
0.0,
0.0,
1.0
]
],
"at_element": 1,
"to_element": 4
},
{
"pose": [
[
0.8673140726532473,
0.445516225657889,
0.22199457663012048,
-0.03801151710953582
],
[
0.23157535095844822,
0.033629422314906066,
-0.9722355263943183,
0.030067153446172487
],
[
-0.4406122515388208,
0.8946420259692223,
-0.0740033050854918,
0.0638903331705438
],
[
0.0,
0.0,
0.0,
1.0
]
],
"at_element": 4,
"to_element": 1
},
{
"pose": [
[
-0.6382464458850863,
0.12227746862041822,
-0.7600590075664118,
-0.011307859893109173
],
[
0.7698309927009186,
0.1030572139863134,
-0.6298725691141801,
-0.06389449082677107
],
[
0.001310340480275396,
-0.9871309089037593,
-0.15990888560259542,
0.02091998046674205
],
[
0.0,
0.0,
0.0,
1.0
]
],
"at_element": 3,
"to_element": 4
},
{
"pose": [
[
0.9673503132860382,
-0.12227746862041866,
0.2219945766301204,
-0.01570975016469051
],
[
0.2100887713851975,
-0.1030572139863144,
-0.9722355263943184,
-0.06760446742982679
],
[
0.14176064165790903,
0.9871309089037591,
-0.07400330508549158,
0.056455897211710585
],
[
0.0,
0.0,
0.0,
1.0
]
],
"at_element": 4,
"to_element": 3
}
],
"nstatus": true,
"opt_line_pos": [
[
3.700743415417188e-17,
0.0,
0.0
],
[
-0.05336816223119965,
0.0314843799375961,
0.031245188378485278
],
[
-0.06000000000000027,
0.015523236111627068,
-0.04025781970403462
],
[
0.00950007338644792,
-0.04665063704400295,
0.025297763493195267
],
[
-0.024691815328580058,
-0.028267097187344045,
0.05945012580373873
]
],
"opt_line_orient": [
[
1.0,
0.0,
0.0
],
[
0.24792479843919574,
0.955578665320162,
-0.15938227223823187
],
[
-0.8780328770132109,
0.46749545573566953,
-0.10250007683120219
],
[
-0.7600590075664115,
-0.6298725691141804,
-0.15990888560259467
],
[
0.22199457663012037,
-0.9722355263943184,
-0.07400330508549177
]
],
"opt_edge_ids": [
[
0,
1
],
[
0,
2
],
[
0,
3
],
[
0,
4
],
[
0,
5
]
],
"opt_parameters": {
"layers": [],
"orient_devi": 0.17266462599716473,
"clamp_t_bnd": 0.0600000000000003,
"bar_collision_distance": 0.02,
"pos_devi": 0.0600000000000003,
"debug_mode": false,
"adjustopt_trust_region_start": 0.010000000000000004,
"bar_available_lengths": [
1.0
],
"clamp_collision_dist": 0.024,
"time_out": 200,
"contactopt_trust_region_start": 0.10000000000000003,
"clamp_gap": 0.016,
"opt_tol": 0.001,
"trust_region_lobnd": 1e-06,
"trust_region_upbnd": 1.0,
"contact_ignore_para_tol": 1e-06,
"line_para_tol": 0.0001,
"bigM": 1,
"pos_tol": 1e-06,
"duplicate_vertices_tol": 0.001,
"bar_contact_distance_tol": 1e-05,
"bar_contact_distance": 0.018000000000000002,
"fixed_contact_pairs": [
[
0,
1
],
[
0,
2
],
[
0,
3
],
[
1,
4
],
[
3,
4
]
],
"clamp_extension_length": 0.03,
"number_clamp_on_joint": [
5,
5.1
],
"radius": 0.017999593012586138,
"tr_size": 9.765625000000003e-05
}
}