{
"line_pt_pairs": [
[
[
-0.10000001040444519,
0.0,
0.0
],
[
0.8999999895955548,
0.0,
0.0
]
],
[
[
-0.006943669478337566,
-0.10292474034302598,
0.003352535865663046
],
[
0.30200933640922084,
0.8479423199889472,
-0.016644307102013832
]
],
[
[
0.08012617388862493,
-0.060171576157677174,
-0.0012876515406981216
],
[
-0.7431501862853515,
0.5074691859243744,
-0.0012863880073547772
]
],
[
[
0.0794706355532221,
0.06112233213234036,
-0.002370894035905481
],
[
-0.7438057246207546,
-0.5065184299497111,
-0.0023696305025621366
]
],
[
[
-0.03678943037016611,
0.09322711493572304,
0.003359807655103328
],
[
0.2721635755173921,
-0.8576399453962503,
-0.016637035312573552
]
]
],
"contact_id_pairs": [
[
0,
1
],
[
0,
2
],
[
0,
4
],
[
1,
4
],
[
2,
3
]
],
"coupler_pt_pairs": [
[
[
0.026506456985843235,
0.0,
0.0
],
[
0.026506456985843235,
2.497308460180578e-05,
0.0011874916246091259
]
],
[
[
-0.007143525318281998,
0.0,
0.0
],
[
-0.007143525318281999,
2.8659348123849515e-09,
-0.0012875176024725805
]
],
[
[
-0.006488786022986248,
0.0,
0.0
],
[
-0.006488786022986249,
-2.9412974717403506e-05,
0.0013986122134557978
]
],
[
[
0.010062020774762481,
-0.050586195672040146,
0.002251850288672875
],
[
0.00993797922523752,
-0.05058619567204014,
0.00033539729443613246
]
],
[
[
-0.008160752773594706,
0.000701370955530474,
-0.00128751604127045
],
[
-0.008160754436115763,
0.0007013709555304761,
-0.0023707595425706404
]
]
],
"half_couplers": [
{
"pose": [
[
0.0,
0.0,
1.0,
0.026506456985843238
],
[
-0.9997789404687439,
-0.021025465397842558,
0.0,
0.0
],
[
0.021025465397842447,
-0.9997789404687439,
0.0,
0.0
],
[
0.0,
0.0,
0.0,
1.0
]
],
"at_element": 0,
"to_element": 1
},
{
"pose": [
[
-0.9510773050352119,
-1.1102230246251565e-15,
0.3089530058875595,
0.026506456985843238
],
[
0.3088847088808978,
0.021025465397835452,
0.9508670603319727,
2.4973084601823126e-05
],
[
-0.0064958807348471925,
0.999778940468744,
-0.019996842967684003,
0.0011874916246091259
],
[
0.0,
0.0,
0.0,
1.0
]
],
"at_element": 1,
"to_element": 0
},
{
"pose": [
[
5.329070518200751e-15,
-5.384581669432009e-15,
1.0,
-0.007143525318282079
],
[
0.9999999999975226,
-2.2259383889444706e-06,
-5.384581669432009e-15,
0.0
],
[
2.2259383888334483e-06,
0.9999999999975226,
5.329070518200751e-15,
0.0
],
[
0.0,
0.0,
0.0,
1.0
]
],
"at_element": 0,
"to_element": 2
},
{
"pose": [
[
0.5676407620834562,
1.2878587085651816e-14,
-0.8232763601739779,
-0.007143525318282065
],
[
0.8232763601719383,
2.225938379174508e-06,
0.5676407620820499,
2.865934850548868e-09
],
[
1.8325624541737362e-06,
-0.9999999999975228,
1.263533347173329e-06,
-0.0012875176024725805
],
[
0.0,
0.0,
0.0,
1.0
]
],
"at_element": 2,
"to_element": 0
},
{
"pose": [
[
-4.884981308350689e-15,
4.884981308350689e-15,
1.0,
-0.006488786022986234
],
[
-0.9997789404687443,
0.021025465397821907,
-4.9404924595819466e-15,
0.0
],
[
-0.021025465397821907,
-0.9997789404687443,
4.884981308350689e-15,
0.0
],
[
0.0,
0.0,
0.0,
1.0
]
],
"at_element": 0,
"to_element": 4
},
{
"pose": [
[
0.9510773050352123,
-9.575673587391975e-15,
0.3089530058875585,
-0.006488786022986248
],
[
0.3088847088808967,
-0.02102546539782879,
-0.9508670603319732,
-2.9412974717396567e-05
],
[
0.00649588073485316,
0.9997789404687442,
-0.01999684296767512,
0.0013986122134557978
],
[
0.0,
0.0,
0.0,
1.0
]
],
"at_element": 4,
"to_element": 0
},
{
"pose": [
[
-0.9488815785285407,
0.06458939605095383,
0.30895300588755825,
0.010062020774762492
],
[
0.3095994728284134,
-5.773159728050814e-15,
0.9508670603319733,
-0.05058619567204009
],
[
0.06141592915158982,
0.9979119249301378,
-0.019996842967675343,
0.002251850288672874
],
[
0.0,
0.0,
0.0,
1.0
]
],
"at_element": 1,
"to_element": 4
},
{
"pose": [
[
-0.9488815785285409,
-0.06458939605095258,
0.3089530058875589,
0.009937979225237509
],
[
-0.3095994728284145,
1.7763568394002505e-15,
-0.950867060331973,
-0.05058619567204008
],
[
0.06141592915158625,
-0.9979119249301379,
-0.01999684296768245,
0.0003353972944361329
],
[
0.0,
0.0,
0.0,
1.0
]
],
"at_element": 4,
"to_element": 1
},
{
"pose": [
[
-0.5676407620813817,
1.5347620927474992e-06,
-0.8232763601739779,
-0.008160752773594696
],
[
-0.8232763601749474,
3.552713678800501e-15,
0.5676407620820499,
0.000701370955530467
],
[
8.711935270411253e-07,
0.9999999999988224,
1.2635333470623067e-06,
-0.00128751604127045
],
[
0.0,
0.0,
0.0,
1.0
]
],
"at_element": 2,
"to_element": 3
},
{
"pose": [
[
-0.567640762081381,
-1.5347620928030103e-06,
-0.8232763601739779,
-0.00816075443611576
],
[
0.8232763601749475,
3.885780586188048e-15,
-0.5676407620820496,
0.000701370955530467
],
[
8.711935270966364e-07,
-0.9999999999988223,
1.2635333473953736e-06,
-0.0023707595425706404
],
[
0.0,
0.0,
0.0,
1.0
]
],
"at_element": 3,
"to_element": 2
}
],
"nstatus": true,
"opt_line_pos": [
[
3.700743415417188e-17,
0.0,
0.0
],
[
0.020000000000000046,
-0.020000000000000007,
0.0016086190975336118
],
[
3.642919299551295e-17,
-0.004925385924246315,
-0.0012875285660843947
],
[
-0.0031297269790181922,
0.004170213737799934,
-0.002370767264000832
],
[
3.642919299551295e-17,
-0.020000000000000007,
0.0009786284855753955
]
],
"opt_line_orient": [
[
1.0,
0.0,
0.0
],
[
0.3089530058875584,
0.9508670603319732,
-0.019996842967676877
],
[
-0.8232763601739764,
0.5676407620820516,
1.2635333433442462e-06
],
[
-0.8232763601739767,
-0.5676407620820514,
1.2635333433442462e-06
],
[
0.3089530058875582,
-0.9508670603319733,
-0.019996842967676877
]
],
"opt_edge_ids": [
[
0,
1
],
[
0,
2
],
[
0,
3
],
[
0,
4
],
[
0,
5
]
],
"opt_parameters": {
"layers": [],
"orient_devi": 0.18726646259971647,
"clamp_t_bnd": 0.05,
"bar_collision_distance": 0.02,
"pos_devi": 0.05,
"debug_mode": false,
"adjustopt_trust_region_start": 0.010000000000000004,
"bar_available_lengths": [
1.0
],
"clamp_collision_dist": 0.024,
"time_out": 200,
"contactopt_trust_region_start": 0.010000000000000004,
"clamp_gap": 0.016,
"opt_tol": 0.001,
"trust_region_lobnd": 1e-06,
"trust_region_upbnd": 1.0,
"contact_ignore_para_tol": 1e-06,
"line_para_tol": 0.0001,
"bigM": 1,
"pos_tol": 1e-06,
"duplicate_vertices_tol": 0.001,
"bar_contact_distance_tol": 1e-05,
"bar_contact_distance": 0.018000000000000002,
"fixed_contact_pairs": [
[
0,
2
],
[
0,
4
],
[
1,
4
],
[
2,
3
]
],
"clamp_extension_length": 0.03,
"radius": 0.0006463632505458702
}
}