{
"line_pt_pairs": [
[
[
-0.10000003601625453,
0.0,
0.0
],
[
0.8999999639837455,
0.0,
0.0
]
],
[
[
-0.08254796259268266,
-0.08099541340578127,
0.05000570518537817
],
[
0.16535237398114994,
0.8745895907177069,
-0.10937661196710209
]
],
[
[
0.0893050845669328,
-0.06390918132755456,
-0.022834343021676144
],
[
-0.7886957483710838,
0.4036303909381108,
-0.12540766180286786
]
],
[
[
0.10379742816384326,
0.03149503303415765,
0.04513698582233418
],
[
-0.6562615656849393,
-0.5983775549973692,
-0.114771890466766
]
],
[
[
-0.051397970679146775,
0.08869374907392022,
0.06835276867780427
],
[
0.1705966272156253,
-0.883541776126506,
-0.005650488303155177
]
]
],
"contact_id_pairs": [
[
0,
1
],
[
0,
2
],
[
0,
3
],
[
1,
4
],
[
3,
4
]
],
"coupler_pt_pairs": [
[
[
-0.059999493166121694,
0.0,
0.0
],
[
-0.059999493166121694,
0.0059224970244904675,
0.03550864013449314
]
],
[
[
-0.016224137555456913,
0.0,
0.0
],
[
-0.016224137555456947,
-0.007714374304958435,
-0.035162899140774084
]
],
[
[
0.055103615885423785,
0.0,
0.0
],
[
0.05510361588542378,
-0.008858278760257535,
0.03489229052013817
]
],
[
[
-0.054050295126121736,
0.028854956544938283,
0.03168372814801109
],
[
-0.03801120213020027,
0.030065782112801386,
0.06389020750529366
]
],
[
[
-0.011307857427455372,
-0.06389448898750247,
0.02091997500764135
],
[
-0.015709747156044396,
-0.06760446299744102,
0.05645588108855783
]
]
],
"half_couplers": [
{
"pose": [
[
-4.440892098500626e-16,
-1.1102230246251565e-16,
1.0000000000000002,
-0.05999949316612169
],
[
-0.9863741399476036,
-0.16451764659946333,
-1.1102230246251565e-16,
0.0
],
[
0.1645176465994631,
-0.9863741399476036,
-4.440892098500626e-16,
0.0
],
[
0.0,
0.0,
0.0,
1.0
]
],
"at_element": 0,
"to_element": 1
},
{
"pose": [
[
-0.9687855403166279,
1.5265566588595902e-16,
0.24790033657383267,
-0.05999949316612168
],
[
0.24452248128073567,
0.16451764659946266,
0.955585004123488,
0.005922497024490506
],
[
-0.04078397996434155,
0.9863741399476035,
-0.15938231715248063,
0.03550864013449313
],
[
0.0,
0.0,
0.0,
1.0
]
],
"at_element": 1,
"to_element": 0
},
{
"pose": [
[
0.0,
5.551115123125783e-17,
1.0,
-0.01622413755545689
],
[
0.9767694144962737,
0.21429304912807312,
-1.1102230246251565e-16,
0.0
],
[
-0.21429304912807318,
0.9767694144962737,
-2.220446049250313e-16,
0.0
],
[
0.0,
0.0,
0.0,
1.0
]
],
"at_element": 0,
"to_element": 2
},
{
"pose": [
[
0.47865910349657936,
-3.3306690738754696e-16,
-0.8780008329380167,
-0.016224137555456902
],
[
0.857604359516107,
-0.21429304912807323,
0.4675395722656651,
-0.007714374304958464
],
[
-0.1881494756272757,
-0.9767694144962736,
-0.10257331878119169,
-0.03516289914077408
],
[
0.0,
0.0,
0.0,
1.0
]
],
"at_element": 2,
"to_element": 0
},
{
"pose": [
[
-4.440892098500626e-16,
4.996003610813204e-16,
1.0,
0.055103615885423785
],
[
-0.9692523398503299,
0.2460688962357096,
-4.996003610813204e-16,
0.0
],
[
-0.24606889623570966,
-0.9692523398503299,
4.440892098500626e-16,
0.0
],
[
0.0,
0.0,
0.0,
1.0
]
],
"at_element": 0,
"to_element": 3
},
{
"pose": [
[
0.6498540804438923,
-7.216449660063518e-16,
-0.7600589938487823,
0.05510361588542375
],
[
-0.73668895821222,
-0.24606889623570938,
-0.629872588031527,
-0.008858278760257566
],
[
-0.18702687769039322,
0.9692523398503301,
-0.159908876289101,
0.03489229052013816
],
[
0.0,
0.0,
0.0,
1.0
]
],
"at_element": 3,
"to_element": 0
},
{
"pose": [
[
0.8602583516799835,
-0.44553450089910906,
0.24790033657383254,
-0.054050295126121715
],
[
-0.29279007835867077,
-0.03363435608179044,
0.9555850041234879,
0.028854956544938415
],
[
-0.4174081196857113,
-0.8946327395079754,
-0.15938231715247997,
0.03168372814801108
],
[
0.0,
0.0,
0.0,
1.0
]
],
"at_element": 1,
"to_element": 4
},
{
"pose": [
[
0.8673046794605228,
0.4455345008991091,
0.22199459789477222,
-0.038011202130200296
],
[
0.2315746394344917,
0.03363435608179022,
-0.9722355252004262,
0.03006578211280153
],
[
-0.4406311148303817,
0.8946327395079756,
-0.07400325698095922,
0.06389020750529367
],
[
0.0,
0.0,
0.0,
1.0
]
],
"at_element": 4,
"to_element": 1
},
{
"pose": [
[
-0.6382464580431348,
0.12227749042636155,
-0.7600589938487827,
-0.011307857427455326
],
[
0.7698309827036898,
0.10305717304456763,
-0.6298725880315266,
-0.06389448898750244
],
[
0.0013102919003014635,
-0.9871309104769705,
-0.15990887628910055,
0.02091997500764136
],
[
0.0,
0.0,
0.0,
1.0
]
],
"at_element": 3,
"to_element": 4
},
{
"pose": [
[
0.9673503056497007,
-0.12227749042636188,
0.22199459789477208,
-0.015709747156044403
],
[
0.2100887969938265,
-0.10305717304456885,
-0.9722355252004262,
-0.067604462997441
],
[
0.141760655815065,
0.9871309104769705,
-0.07400325698095922,
0.056455881088557834
],
[
0.0,
0.0,
0.0,
1.0
]
],
"at_element": 4,
"to_element": 3
}
],
"nstatus": true,
"opt_line_pos": [
[
3.700743415417188e-17,
0.0,
0.0
],
[
-0.053368163740845846,
0.031484378237625066,
0.031245166094041
],
[
-0.06000000000000027,
0.015596478299127069,
-0.040277057721262284
],
[
0.009500074211152214,
-0.0466506357355003,
0.025297757512892705
],
[
-0.024691813210602282,
-0.028267092670630482,
0.05945010774433654
]
],
"opt_line_orient": [
[
1.0,
0.0,
0.0
],
[
0.24790033657383256,
0.9555850041234881,
-0.15938231715248025
],
[
-0.8780008329380166,
0.46753957226566534,
-0.1025733187811917
],
[
-0.7600589938487826,
-0.6298725880315268,
-0.15990887628910017
],
[
0.22199459789477208,
-0.9722355252004262,
-0.07400325698095944
]
],
"opt_edge_ids": [
[
0,
1
],
[
0,
2
],
[
0,
3
],
[
0,
4
],
[
0,
5
]
],
"opt_parameters": {
"layers": [],
"orient_devi": 0.17266462599716473,
"clamp_t_bnd": 0.0600000000000003,
"bar_collision_distance": 0.02,
"pos_devi": 0.0600000000000003,
"debug_mode": false,
"adjustopt_trust_region_start": 0.010000000000000004,
"bar_available_lengths": [
1.0
],
"clamp_collision_dist": 0.024,
"time_out": 200,
"contactopt_trust_region_start": 0.10000000000000003,
"clamp_gap": 0.016,
"opt_tol": 0.001,
"trust_region_lobnd": 1e-06,
"trust_region_upbnd": 1.0,
"contact_ignore_para_tol": 1e-06,
"line_para_tol": 0.0001,
"bigM": 1,
"pos_tol": 1e-06,
"duplicate_vertices_tol": 0.001,
"bar_contact_distance_tol": 1e-05,
"bar_contact_distance": 0.018000000000000002,
"fixed_contact_pairs": [
[
0,
1
],
[
0,
2
],
[
0,
3
],
[
1,
4
],
[
3,
4
]
],
"clamp_extension_length": 0.03,
"number_clamp_on_joint": [
5,
5.1
],
"radius": 0.017999590886653878,
"tr_size": 2.4414062500000008e-05
}
}