{
"line_pt_pairs": [
[
[
-0.10000000027996217,
0.0,
0.0
],
[
0.8999999997200379,
0.0,
0.0
]
],
[
[
-0.0028936207358309153,
-0.1257591122579521,
0.0551269499806345
],
[
0.285835606310792,
0.8283074215404145,
-0.024826052058249386
]
],
[
[
0.06671430818341571,
-0.0849007094217705,
-0.018131845625674166
],
[
-0.7530439631947762,
0.48220045292908426,
-0.0980858834683502
]
],
[
[
0.12453118247906632,
0.015278124894842239,
-0.044119730767405274
],
[
-0.6355966112787104,
-0.6317219844011204,
-0.10409135512382008
]
],
[
[
-0.05672622409279577,
0.08614240791640052,
0.035274015334618276
],
[
0.23200269175601543,
-0.8693883333639203,
-0.024697774875868644
]
]
],
"contact_id_pairs": [
[
0,
2
],
[
0,
4
],
[
1,
4
],
[
2,
3
]
],
"coupler_pt_pairs": [
[
[
-0.049996507900209035,
0.0,
0.0
],
[
-0.049996507900209035,
-0.004161250277715807,
-0.02951508057627912
]
],
[
[
-0.030132708203097075,
0.0,
0.0
],
[
-0.03013270820309707,
-0.0018672113371136084,
0.02975028470581147
]
],
[
[
0.005768299430221234,
-0.09713697298443444,
0.052728347913981975
],
[
-0.001253808344404093,
-0.09744016948096165,
0.02375185770814252
]
],
[
[
0.03198942085460724,
-0.060878354717666894,
-0.021518691544169737
],
[
0.0346374094446726,
-0.06123701039675444,
-0.0512120587057748
]
]
],
"half_couplers": [
{
"pose": [
[
-6.661338147750939e-16,
-7.216449660063518e-16,
1.0,
-0.04999650790020906
],
[
0.9902070509198697,
0.1396065768815159,
7.771561172376096e-16,
0.0
],
[
-0.13960657688151584,
0.9902070509198696,
6.661338147750939e-16,
0.0
],
[
0.0,
0.0,
0.0,
1.0
]
],
"at_element": 0,
"to_element": 2
},
{
"pose": [
[
0.5727096790757416,
1.2212453270876722e-15,
-0.8197582713781917,
-0.04999650790020902
],
[
0.8117304203685696,
-0.139606576881516,
0.567101162350855,
-0.004161250277715814
],
[
-0.11444364613741759,
-0.9902070509198696,
-0.07995403784267685,
-0.02951508057627912
],
[
0.0,
0.0,
0.0,
1.0
]
],
"at_element": 2,
"to_element": 0
},
{
"pose": [
[
-2.220446049250313e-16,
2.7755575615628914e-16,
1.0,
-0.030132708203097047
],
[
-0.998036214974471,
0.06263955299514334,
-2.7755575615628914e-16,
0.0
],
[
-0.06263955299514334,
-0.998036214974471,
2.220446049250313e-16,
0.0
],
[
0.0,
0.0,
0.0,
1.0
]
],
"at_element": 0,
"to_element": 4
},
{
"pose": [
[
0.9574108904502654,
-5.551115123125783e-16,
0.2887289158488112,
-0.030132708203097065
],
[
0.2881619143274301,
-0.06263955299514334,
-0.9555307412803208,
-0.0018672113371136084
],
[
0.018085850225542516,
0.9980362149744709,
-0.05997179021048682,
0.029750284705811467
],
[
0.0,
0.0,
0.0,
1.0
]
],
"at_element": 4,
"to_element": 0
},
{
"pose": [
[
-0.9279930210437617,
0.23550878188112498,
0.28872922704662296,
0.005768299430221252
],
[
0.2994221892371317,
0.010168661584172067,
0.9540665337983665,
-0.09713697298443438
],
[
0.22175505740910384,
0.9718190222353413,
-0.07995300203888389,
0.05272834791398197
],
[
0.0,
0.0,
0.0,
1.0
]
],
"at_element": 1,
"to_element": 4
},
{
"pose": [
[
-0.9279931178676053,
-0.235508781881125,
0.2887289158488113,
-0.0012538083444040976
],
[
-0.29471613595096413,
-0.01016866158417229,
-0.9555307412803209,
-0.0974401694809616
],
[
0.22797186756372828,
-0.9718190222353416,
-0.05997179021048704,
0.02375185770814252
],
[
0.0,
0.0,
0.0,
1.0
]
],
"at_element": 4,
"to_element": 1
},
{
"pose": [
[
-0.5657805120501291,
-0.0888188532426114,
-0.8197582713781921,
0.03198942085460724
],
[
-0.8235602892336678,
0.01203003149070192,
0.5671011623508548,
-0.06087835471766688
],
[
-0.04050755709311171,
0.9959751450970051,
-0.0799540378426764,
-0.021518691544169737
],
[
0.0,
0.0,
0.0,
1.0
]
],
"at_element": 2,
"to_element": 3
},
{
"pose": [
[
-0.6436745672042679,
0.0888188532426113,
-0.7601277937577768,
0.03463740944467261
],
[
0.7623950005826016,
-0.012030031490702253,
-0.6470001092959625,
-0.061237010396754436
],
[
-0.06661016905137579,
-0.9959751450970049,
-0.05997162435641501,
-0.0512120587057748
],
[
0.0,
0.0,
0.0,
1.0
]
],
"at_element": 3,
"to_element": 2
}
],
"nstatus": true,
"opt_line_pos": [
[
3.700743415417188e-17,
0.0,
0.0
],
[
0.02021119684102708,
-0.04941237921302578,
0.04872891558097787
],
[
-0.00900670908264442,
-0.03251761259277736,
-0.025517194808913356
],
[
0.05000000000000005,
-0.04816079104260026,
-0.05
],
[
-0.015696721281820418,
-0.049642229794993005,
0.026751790507268943
]
],
"opt_line_orient": [
[
1.0,
0.0,
0.0
],
[
0.28872922704662296,
0.9540665337983666,
-0.07995300203888389
],
[
-0.8197582713781919,
0.5671011623508547,
-0.07995403784267605
],
[
-0.7601277937577767,
-0.6470001092959625,
-0.0599716243564148
],
[
0.2887289158488112,
-0.9555307412803209,
-0.059971790210486924
]
],
"opt_edge_ids": [
[
0,
1
],
[
0,
2
],
[
0,
3
],
[
0,
4
],
[
0,
5
]
],
"opt_parameters": {
"layers": [],
"orient_devi": 0.18726646259971647,
"clamp_t_bnd": 0.05,
"bar_collision_distance": 0.02,
"pos_devi": 0.05,
"debug_mode": false,
"adjustopt_trust_region_start": 0.010000000000000004,
"bar_available_lengths": [
1.0
],
"clamp_collision_dist": 0.024,
"time_out": 200,
"contactopt_trust_region_start": 0.010000000000000004,
"clamp_gap": 0.016,
"opt_tol": 0.001,
"trust_region_lobnd": 1e-06,
"trust_region_upbnd": 1.0,
"contact_ignore_para_tol": 1e-06,
"line_para_tol": 0.0001,
"bigM": 1,
"pos_tol": 1e-06,
"duplicate_vertices_tol": 0.001,
"bar_contact_distance_tol": 1e-05,
"bar_contact_distance": 0.018000000000000002,
"fixed_contact_pairs": [
[
0,
2
],
[
0,
4
],
[
1,
4
],
[
2,
3
]
],
"clamp_extension_length": 0.03,
"radius": 0.014901737738796836
}
}