{
"line_pt_pairs": [
[
[
-0.09999999976703668,
0.0,
0.0
],
[
0.9000000002329633,
0.0,
0.0
]
],
[
[
-0.0299111405823318,
-0.09546070251723501,
0.0010003157392666623
],
[
0.2690743786603779,
0.8587445585951018,
-0.008998631640553558
]
],
[
[
0.0816591824624063,
-0.05780042568434724,
0.0010003790466448848
],
[
-0.7345200841999776,
0.5199118123223484,
-0.008998357260910772
]
],
[
[
0.08165918246240628,
0.057800425684347186,
0.0010003790466448842
],
[
-0.7345200841999778,
-0.5199118123223482,
-0.008998357260910772
]
],
[
[
-0.029911140582331776,
0.09546070251723501,
0.001000315739266662
],
[
0.2690743786603777,
-0.8587445585951018,
-0.008998631640553556
]
]
],
"contact_id_pairs": [
[
0,
4
],
[
1,
2
],
[
2,
4
],
[
3,
4
]
],
"coupler_pt_pairs": [
[
[
-1.49650651462809e-13,
0.0,
0.0
],
[
-1.496506514628083e-13,
1.414057409722779e-15,
-1.3494430649713168e-13
]
],
[
[
1.8546458072318785e-12,
6.395251007036957e-12,
-2.0197382309314927e-13
],
[
1.8336771411982016e-12,
6.457362746941882e-12,
5.098386252728267e-12
]
],
[
[
-3.5160535276344755e-12,
1.0244036831500342e-11,
5.032848510642707e-12
],
[
-3.3881848785823102e-12,
1.0337119965966553e-11,
-2.6638280818250068e-14
]
],
[
[
1.833677141198305e-12,
-6.457362746941985e-12,
5.098386252728267e-12
],
[
1.8546458072319044e-12,
-6.395251007037057e-12,
-2.019738230931503e-13
]
]
],
"half_couplers": [
{
"pose": [
[
5.088622895943473e-05,
-5.142016866582777e-05,
0.999999997383279,
-1.496580637194711e-13
],
[
0.9999455237194907,
-0.010437765532887777,
-5.142016866577226e-05,
0.0
],
[
0.010437768149608728,
0.9999455237194909,
5.088622895943473e-05,
0.0
],
[
0.0,
0.0,
0.0,
1.0
]
],
"at_element": 0,
"to_element": 4
},
{
"pose": [
[
-0.954260325380337,
9.377773590787952e-05,
0.29897695999984597,
-1.4964418593166329e-13
],
[
-0.29895971544758737,
0.010445565858468786,
-0.9542085614232321,
1.4016565685892601e-15
],
[
-0.003212467044317324,
-0.9999454391913754,
-0.009939753309641697,
-1.3494457287710482e-13
],
[
0.0,
0.0,
0.0,
1.0
]
],
"at_element": 4,
"to_element": 0
},
{
"pose": [
[
0.9542495535468051,
0.003953613406487005,
0.2989852145119476,
1.854641440424132e-12
],
[
-0.2989228060292658,
-0.01171901803893527,
0.954205334638092,
6.395231566536097e-12
],
[
0.007276372125806951,
-0.9999235138535524,
-0.010001042518238856,
-2.019737458877624e-13
],
[
0.0,
0.0,
0.0,
1.0
]
],
"at_element": 1,
"to_element": 2
},
{
"pose": [
[
-0.5777852234299576,
-0.0039532762246603514,
-0.8161792739301126,
1.833685980834332e-12
],
[
-0.8161563567044201,
0.01172108472518929,
0.577712227310304,
6.457362422551682e-12
],
[
0.007282650407756941,
0.9999234909631619,
-0.009998761077349982,
5.098386448264269e-12
],
[
0.0,
0.0,
0.0,
1.0
]
],
"at_element": 2,
"to_element": 1
},
{
"pose": [
[
-0.5772447688596665,
-0.025258718690707227,
-0.8161804175268195,
-3.516048563412255e-12
],
[
-0.8160343737846756,
-0.0183923114878084,
0.577710674715283,
1.0244041726004127e-11
],
[
-0.029603675886655023,
0.999511740805599,
-0.009995117095799255,
5.032848486921648e-12
],
[
0.0,
0.0,
0.0,
1.0
]
],
"at_element": 2,
"to_element": 4
},
{
"pose": [
[
-0.9539231323829833,
0.025257420796778424,
0.2989861538588895,
-3.3881994432327645e-12
],
[
-0.2985875334086566,
0.018391971908268356,
-0.9542050200361868,
1.0337161682194562e-11
],
[
-0.029599702660186217,
-0.9995117798525536,
-0.01000297647746029,
-2.6637980016230856e-14
],
[
0.0,
0.0,
0.0,
1.0
]
],
"at_element": 4,
"to_element": 2
},
{
"pose": [
[
0.5777848624879589,
-0.003954378289842464,
-0.8161795241073567,
1.833685980834332e-12
],
[
-0.8161566401355251,
-0.011718026733420261,
-0.5777118889309494,
-6.4573554836577784e-12
],
[
-0.007279522131387828,
0.9999235224464997,
-0.009997890563662182,
5.098386448264269e-12
],
[
0.0,
0.0,
0.0,
1.0
]
],
"at_element": 3,
"to_element": 4
},
{
"pose": [
[
-0.9542494510636583,
0.003953961965652897,
0.2989855369904716,
1.8546449098710838e-12
],
[
-0.2989231392469009,
0.011717061167953124,
-0.9542052542825177,
-6.395245444323905e-12
],
[
-0.00727612310810985,
-0.9999235354077634,
-0.009999068464362715,
-2.019739627281969e-13
],
[
0.0,
0.0,
0.0,
1.0
]
],
"at_element": 4,
"to_element": 3
}
],
"nstatus": true,
"opt_line_pos": [
[
3.700743415417188e-17,
0.0,
0.0
],
[
-4.18467773770705e-12,
-1.2879226323587878e-11,
0.0
],
[
-4.143385925226499e-10,
3.010346014786497e-10,
0.0
],
[
-4.143385925226499e-10,
-3.010346014786497e-10,
0.0
],
[
-4.18467773770705e-12,
1.2879226323587878e-11,
0.0
]
],
"opt_line_orient": [
[
1.0,
0.0,
0.0
],
[
0.2989855192427097,
0.9542052611123368,
-0.00999894737982022
],
[
-0.8161792666623839,
0.5777122380066956,
-0.009998736307555657
],
[
-0.8161792666623842,
-0.5777122380066954,
-0.009998736307555657
],
[
0.2989855192427095,
-0.9542052611123369,
-0.00999894737982022
]
],
"opt_edge_ids": [
[
0,
1
],
[
0,
2
],
[
0,
3
],
[
0,
4
],
[
0,
5
]
],
"opt_parameters": {
"layers": [],
"orient_devi": 0.18726646259971647,
"clamp_t_bnd": 0.05,
"bar_collision_distance": 0.02,
"pos_devi": 0.05,
"debug_mode": false,
"adjustopt_trust_region_start": 0.010000000000000004,
"bar_available_lengths": [
1.0
],
"clamp_collision_dist": 0.024,
"time_out": 200,
"contactopt_trust_region_start": 0.010000000000000004,
"clamp_gap": 0.016,
"opt_tol": 0.001,
"trust_region_lobnd": 1e-06,
"trust_region_upbnd": 1.0,
"contact_ignore_para_tol": 1e-06,
"line_para_tol": 0.0001,
"bigM": 1,
"pos_tol": 1e-06,
"duplicate_vertices_tol": 0.001,
"bar_contact_distance_tol": 1e-05,
"bar_contact_distance": 0.018000000000000002,
"fixed_contact_pairs": [
[
0,
2
],
[
0,
4
],
[
1,
4
],
[
2,
3
]
],
"clamp_extension_length": 0.03,
"radius": 1e-06
}
}