{
"line_pt_pairs": [
[
[
-0.10000003602893574,
0.0,
0.0
],
[
0.8999999639710643,
0.0,
0.0
]
],
[
[
-0.08255045805665598,
-0.0809920725402763,
0.050005465540123584
],
[
0.1653779309418282,
0.8745868106180629,
-0.10936991521386143
]
],
[
[
0.08924018524862835,
-0.06402125801114088,
-0.02282838852629238
],
[
-0.7888354050296402,
0.40341537070018424,
-0.12523080986710405
]
],
[
[
0.1037976573597737,
0.031494379664420584,
0.04513806577934519
],
[
-0.6562630931216876,
-0.5983747260925386,
-0.11477617745898105
]
],
[
[
-0.05139749299782078,
0.08869398223201677,
0.06835454995757785
],
[
0.1705912313795103,
-0.8835425429548264,
-0.005653188434690336
]
]
],
"contact_id_pairs": [
[
0,
1
],
[
0,
2
],
[
0,
3
],
[
1,
4
],
[
3,
4
]
],
"coupler_pt_pairs": [
[
[
-0.0600001788574866,
0.0,
0.0
],
[
-0.06000017885748659,
0.005922422000253114,
0.03550950826796843
]
],
[
[
-0.016551496377021486,
0.0,
0.0
],
[
-0.016551496377021465,
-0.00770388903710501,
-0.03516596455747398
]
],
[
[
0.05510361589545105,
0.0,
0.0
],
[
0.05510361589545105,
-0.008858805700560711,
0.03489300209719842
]
],
[
[
-0.05404986416867972,
0.028856443746369084,
0.0316844776897218
],
[
-0.03801128142104381,
0.030066843104446943,
0.0638917861518193
]
],
[
[
-0.011307986289845582,
-0.06389469125818495,
0.020920222817411734
],
[
-0.01571009564328221,
-0.0676049076970154,
0.05645690256704524
]
]
],
"half_couplers": [
{
"pose": [
[
0.0,
1.1102230246251565e-16,
1.0,
-0.06000017885748659
],
[
-0.9863751308068038,
-0.1645117057411445,
1.1102230246251565e-16,
0.0
],
[
0.16451170574114438,
-0.9863751308068038,
0.0,
0.0
],
[
0.0,
0.0,
0.0,
1.0
]
],
"at_element": 0,
"to_element": 1
},
{
"pose": [
[
-0.9687783616125083,
-1.8041124150158794e-16,
0.24792838899848413,
-0.0600001788574866
],
[
0.24455039712909987,
0.16451170574114438,
0.955578883158339,
0.005922422000253114
],
[
-0.04078712217579476,
0.9863751308068037,
-0.15937538075398483,
0.035509508267968434
],
[
0.0,
0.0,
0.0,
1.0
]
],
"at_element": 1,
"to_element": 0
},
{
"pose": [
[
5.551115123125783e-16,
4.996003610813204e-16,
0.9999999999999999,
-0.016551496377021455
],
[
0.9768342446200848,
0.21399733301494273,
-5.551115123125783e-16,
0.0
],
[
-0.21399733301494261,
0.9768342446200848,
-4.440892098500626e-16,
0.0
],
[
0.0,
0.0,
0.0,
1.0
]
],
"at_element": 0,
"to_element": 2
},
{
"pose": [
[
0.478521951176192,
-7.216449660063518e-16,
-0.8780755902782689,
-0.016551496377021496
],
[
0.8577343059488076,
-0.21399733301494295,
0.4674366287113249,
-0.007703889037104998
],
[
-0.18790583450507153,
-0.9768342446200848,
-0.10240242134081123,
-0.03516596455747398
],
[
0.0,
0.0,
0.0,
1.0
]
],
"at_element": 2,
"to_element": 0
},
{
"pose": [
[
-8.881784197001252e-16,
8.881784197001252e-16,
1.0,
0.05510361589545114
],
[
-0.9692500456180995,
0.24607793291823676,
-9.43689570931383e-16,
0.0
],
[
-0.24607793291823687,
-0.9692500456180995,
6.661338147750939e-16,
0.0
],
[
0.0,
0.0,
0.0,
1.0
]
],
"at_element": 0,
"to_element": 3
},
{
"pose": [
[
0.6498520259086358,
-1.609823385706477e-15,
-0.7600607504814609,
0.05510361589545107
],
[
-0.736688917076683,
-0.24607793291823676,
-0.6298691057569591,
-0.008858805700560683
],
[
-0.18703417837076075,
0.9692500456180991,
-0.1599142432383267,
0.03489300209719843
],
[
0.0,
0.0,
0.0,
1.0
]
],
"at_element": 3,
"to_element": 0
},
{
"pose": [
[
0.8602608130382663,
-0.44551413836078996,
0.24792838899848452,
-0.05404986416867971
],
[
-0.2928114680683818,
-0.03362204975161953,
0.9555788831583392,
0.028856443746369143
],
[
-0.4173880421363075,
-0.8946433425064664,
-0.15937538075398439,
0.031684477689721796
],
[
0.0,
0.0,
0.0,
1.0
]
],
"at_element": 1,
"to_element": 4
},
{
"pose": [
[
0.8673166427377998,
0.44551413836078996,
0.22198872437733086,
-0.03801128142104379
],
[
0.23157222817754436,
0.033622049751619754,
-0.9722365251868429,
0.030066843104446912
],
[
-0.44060883373681803,
0.8946433425064663,
-0.07400773839226882,
0.0638917861518193
],
[
0.0,
0.0,
0.0,
1.0
]
],
"at_element": 4,
"to_element": 1
},
{
"pose": [
[
-0.6382437280455258,
0.12228082101501886,
-0.7600607504814614,
-0.011307986289845556
],
[
0.7698332429082855,
0.10306157250033288,
-0.6298691057569592,
-0.06389469125818495
],
[
0.0013121447564458655,
-0.9871300385894717,
-0.15991424323832648,
0.020920222817411734
],
[
0.0,
0.0,
0.0,
1.0
]
],
"at_element": 3,
"to_element": 4
},
{
"pose": [
[
0.9673512325216825,
-0.12228082101501894,
0.22198872437733108,
-0.015710095643282195
],
[
0.2100820110489511,
-0.10306157250033343,
-0.9722365251868431,
-0.06760490769701538
],
[
0.14176438753230708,
0.9871300385894716,
-0.07400773839226815,
0.05645690256704524
],
[
0.0,
0.0,
0.0,
1.0
]
],
"at_element": 4,
"to_element": 3
}
],
"nstatus": true,
"opt_line_pos": [
[
3.700743415417188e-17,
0.0,
0.0
],
[
-0.053368066183392036,
0.0314842660782633,
0.031246198661081876
],
[
-0.06000000000000027,
0.015425579861627068,
-0.04023299070407038
],
[
0.009499968811747295,
-0.046650953748822645,
0.025298147070572402
],
[
-0.024691924641053676,
-0.028267494325638177,
0.059451310740774276
]
],
"opt_line_orient": [
[
1.0,
0.0,
0.0
],
[
0.24792838899848418,
0.9555788831583392,
-0.159375380753985
],
[
-0.8780755902782685,
0.4674366287113251,
-0.10240242134081165
],
[
-0.7600607504814614,
-0.6298691057569592,
-0.15991424323832623
],
[
0.22198872437733108,
-0.9722365251868431,
-0.07400773839226818
]
],
"opt_edge_ids": [
[
0,
1
],
[
0,
2
],
[
0,
3
],
[
0,
4
],
[
0,
5
]
],
"opt_parameters": {
"layers": [],
"orient_devi": 0.17266462599716473,
"clamp_t_bnd": 0.0600000000000003,
"bar_collision_distance": 0.02,
"pos_devi": 0.0600000000000003,
"debug_mode": false,
"adjustopt_trust_region_start": 0.010000000000000004,
"bar_available_lengths": [
1.0
],
"clamp_collision_dist": 0.024,
"time_out": 200,
"contactopt_trust_region_start": 0.10000000000000003,
"clamp_gap": 0.016,
"opt_tol": 0.001,
"trust_region_lobnd": 1e-06,
"trust_region_upbnd": 1.0,
"contact_ignore_para_tol": 1e-06,
"line_para_tol": 0.0001,
"bigM": 1,
"pos_tol": 1e-06,
"duplicate_vertices_tol": 0.001,
"bar_contact_distance_tol": 1e-05,
"bar_contact_distance": 0.018000000000000002,
"fixed_contact_pairs": [
[
0,
1
],
[
0,
2
],
[
0,
3
],
[
1,
4
],
[
3,
4
]
],
"clamp_extension_length": 0.03,
"number_clamp_on_joint": [
5,
5.1
],
"radius": 0.018000000000000002,
"tr_size": 0.00019531250000000007
}
}