{
"line_pt_pairs": [
[
[
-0.10000000028016608,
0.0,
0.0
],
[
0.899999999719834,
0.0,
0.0
]
],
[
[
0.0067930780091003335,
-0.10761253114596182,
0.05990709576566674
],
[
0.26901384537080675,
0.8429972602239586,
-0.10616907265073842
]
],
[
[
0.059917912596561144,
-0.10037844676253753,
-0.00966324923620112
],
[
-0.69941151798496,
0.5269087244187451,
-0.1826650432272664
]
],
[
[
0.12083986780392349,
0.036121090876287267,
-0.036027438357332665
],
[
-0.6047147499129364,
-0.6372518554530218,
-0.17794069306430732
]
],
[
[
-0.04378512874673349,
0.09217080325410927,
0.05011646673494855
],
[
0.17596311032605824,
-0.8727567292226475,
-0.09349957865248248
]
]
],
"contact_id_pairs": [
[
0,
2
],
[
0,
4
],
[
1,
4
],
[
2,
3
]
],
"coupler_pt_pairs": [
[
[
-0.05000305456762186,
0.0,
0.0
],
[
-0.050003054567621864,
-0.009571993372307224,
-0.034707088906781404
]
],
[
[
-0.021587579709597703,
0.0,
0.0
],
[
-0.021587579709597706,
-0.005299949229782899,
0.03560930060948523
]
],
[
[
0.014659703705463656,
-0.07909422770552554,
0.05492480901865279
],
[
-0.004799387609396883,
-0.07901789503150788,
0.024637409463469314
]
],
[
[
0.010006232024382708,
-0.059146070333972,
-0.02103487521609107
],
[
0.017492926031779033,
-0.059793169712692426,
-0.056241355425421094
]
]
],
"half_couplers": [
{
"pose": [
[
0.0,
1.1102230246251565e-16,
1.0,
-0.050003054567621844
],
[
0.9640095341206041,
0.26586767032600234,
-1.1102230246251565e-16,
0.0
],
[
-0.26586767032600234,
0.9640095341206041,
0.0,
0.0
],
[
0.0,
0.0,
0.0,
1.0
]
],
"at_element": 0,
"to_element": 2
},
{
"pose": [
[
0.6507063975809234,
-2.220446049250313e-16,
-0.7593294305815212,
-0.05000305456762185
],
[
0.7320008106189558,
-0.26586767032600256,
0.6272871711812827,
-0.009571993372307241
],
[
-0.20188114671867918,
-0.9640095341206042,
-0.17300179399106552,
-0.034707088906781404
],
[
0.0,
0.0,
0.0,
1.0
]
],
"at_element": 2,
"to_element": 0
},
{
"pose": [
[
0.0,
2.220446049250313e-16,
1.0,
-0.021587579709597682
],
[
-0.989104595721834,
0.14721446505675784,
-2.220446049250313e-16,
0.0
],
[
-0.14721446505675778,
-0.989104595721834,
2.220446049250313e-16,
0.0
],
[
0.0,
0.0,
0.0,
1.0
]
],
"at_element": 0,
"to_element": 4
},
{
"pose": [
[
0.9755566162065671,
-3.885780586188048e-16,
0.21974823907279173,
-0.021587579709597696
],
[
0.2173539931686785,
-0.14721446505675817,
-0.9649275324767567,
-0.005299949229782899
],
[
0.032350119462266055,
0.9891045957218337,
-0.1436160453874309,
0.03560930060948522
],
[
0.0,
0.0,
0.0,
1.0
]
],
"at_element": 4,
"to_element": 0
},
{
"pose": [
[
-0.7994152149713978,
0.5405326847069212,
0.2622207673617064,
0.014659703705463701
],
[
0.3103812633187815,
-0.002120361354495781,
0.9506097913699204,
-0.07909422770552538
],
[
0.5143916654193292,
0.8413203437640472,
-0.1660761684164056,
0.054924809018652765
],
[
0.0,
0.0,
0.0,
1.0
]
],
"at_element": 1,
"to_element": 4
},
{
"pose": [
[
-0.812117681243264,
-0.5405326847069213,
0.21974823907279178,
-0.004799387609396907
],
[
-0.26250783061852434,
0.002120361354494782,
-0.9649275324767569,
-0.07901789503150772
],
[
0.5211089240034381,
-0.8413203437640472,
-0.1436160453874311,
0.024637409463469335
],
[
0.0,
0.0,
0.0,
1.0
]
],
"at_element": 4,
"to_element": 1
},
{
"pose": [
[
-0.6165782652079947,
-0.20796648462154327,
-0.7593294305815212,
0.010006232024382701
],
[
-0.7785805650565996,
0.017975221487658177,
0.6272871711812825,
-0.059146070333972005
],
[
-0.11680559314196332,
0.9779707729204524,
-0.17300179399106552,
-0.02103487521609107
],
[
0.0,
0.0,
0.0,
1.0
]
],
"at_element": 2,
"to_element": 3
},
{
"pose": [
[
-0.6559881386000046,
0.20796648462154355,
-0.7255546177168601,
0.01749292603177903
],
[
0.7390844109871723,
-0.017975221487658732,
-0.6733729463293092,
-0.05979316971269245
],
[
-0.1530810094422116,
-0.9779707729204525,
-0.14191325470697458,
-0.0562413554254211
],
[
0.0,
0.0,
0.0,
1.0
]
],
"at_element": 3,
"to_element": 2
}
],
"nstatus": true,
"opt_line_pos": [
[
3.700743415417188e-17,
0.0,
0.0
],
[
0.02440922511255306,
-0.04375,
0.04875
],
[
-0.013444767048400292,
-0.03977304160983164,
-0.026377832761365235
],
[
0.0494028717170984,
-0.03017817778975921,
-0.05
],
[
-0.012831138770113777,
-0.04375,
0.029886545220393315
]
],
"opt_line_orient": [
[
1.0,
0.0,
0.0
],
[
0.26222076736170646,
0.9506097913699204,
-0.16607616841640518
],
[
-0.7593294305815212,
0.6272871711812827,
-0.17300179399106527
],
[
-0.72555461771686,
-0.6733729463293091,
-0.14191325470697463
],
[
0.2197482390727917,
-0.9649275324767568,
-0.14361604538743103
]
],
"opt_edge_ids": [
[
0,
1
],
[
0,
2
],
[
0,
3
],
[
0,
4
],
[
0,
5
]
],
"opt_parameters": {
"layers": [],
"orient_devi": 0.18726646259971647,
"clamp_t_bnd": 0.05,
"bar_collision_distance": 0.02,
"pos_devi": 0.05,
"debug_mode": false,
"adjustopt_trust_region_start": 0.010000000000000004,
"bar_available_lengths": [
1.0
],
"clamp_collision_dist": 0.024,
"time_out": 200,
"contactopt_trust_region_start": 0.010000000000000004,
"clamp_gap": 0.016,
"opt_tol": 0.001,
"trust_region_lobnd": 1e-06,
"trust_region_upbnd": 1.0,
"contact_ignore_para_tol": 1e-06,
"line_para_tol": 0.0001,
"bigM": 1,
"pos_tol": 1e-06,
"duplicate_vertices_tol": 0.001,
"bar_contact_distance_tol": 1e-05,
"bar_contact_distance": 0.018000000000000002,
"fixed_contact_pairs": [
[
0,
2
],
[
0,
4
],
[
1,
4
],
[
2,
3
]
],
"clamp_extension_length": 0.03,
"radius": 0.018000000000000002
}
}