{
"line_pt_pairs": [
[
[
-0.10000000027571927,
0.0,
0.0
],
[
0.8999999997242808,
0.0,
0.0
]
],
[
[
0.0017519340609083768,
-0.11890475922062338,
0.053858230801004374
],
[
0.2502595760517761,
0.8364443290898735,
-0.10599192195601093
]
],
[
[
0.059898625042645176,
-0.09835738792818793,
-0.009258657927980266
],
[
-0.7030194678426315,
0.5280727387186089,
-0.16907505251117158
]
],
[
[
0.12460790701343778,
0.0325222157020513,
-0.03399777996558365
],
[
-0.5861050012080918,
-0.6606707255342128,
-0.15387566911747208
]
],
[
[
-0.04871953708889517,
0.09221166588925842,
0.04699202500465051
],
[
0.1598114671908394,
-0.8757483105914178,
-0.0928947298566094
]
]
],
"contact_id_pairs": [
[
0,
1
],
[
0,
2
],
[
0,
4
],
[
1,
4
],
[
2,
3
]
],
"coupler_pt_pairs": [
[
[
0.03411966375663513,
0.0,
0.0
],
[
0.03411966375663514,
0.005527957647816051,
0.03303799970143184
]
],
[
[
-0.0498679104403979,
0.0,
0.0
],
[
-0.04986791044039791,
-0.00822836180406547,
-0.03225259674052567
]
],
[
[
-0.027827351208733118,
0.0,
0.0
],
[
-0.027827351208733118,
-0.004765758753379548,
0.03297713021800452
]
],
[
[
0.009207163791719535,
-0.09024428476029478,
0.049062725915272935
],
[
-0.009432315238843029,
-0.09015190383178978,
0.020637373373347423
]
],
[
[
0.01835203707540475,
-0.0642435890751119,
-0.017961854192531594
],
[
0.024630189331262202,
-0.06499092550657029,
-0.050861294922634165
]
]
],
"half_couplers": [
{
"pose": [
[
-4.440892098500626e-16,
-4.440892098500626e-16,
1.0,
0.034119663756635096
],
[
-0.9862890391213545,
-0.16502706235364872,
-4.996003610813204e-16,
0.0
],
[
0.16502706235364878,
-0.9862890391213546,
-4.440892098500626e-16,
0.0
],
[
0.0,
0.0,
0.0,
1.0
]
],
"at_element": 0,
"to_element": 1
},
{
"pose": [
[
-0.9686299354614945,
1.0130785099704553e-15,
0.24850764199086775,
0.03411966375663513
],
[
0.24510036343348668,
0.16502706235364917,
0.9553490883104968,
0.005527957647816051
],
[
-0.04101048613018429,
0.9862890391213545,
-0.15985015275701553,
0.033037999701431835
],
[
0.0,
0.0,
0.0,
1.0
]
],
"at_element": 1,
"to_element": 0
},
{
"pose": [
[
1.1102230246251565e-16,
1.6653345369377348e-16,
1.0,
-0.04986791044039791
],
[
0.968963376165277,
0.2472043196434639,
-2.220446049250313e-16,
0.0
],
[
-0.2472043196434639,
0.9689633761652771,
-2.220446049250313e-16,
0.0
],
[
0.0,
0.0,
0.0,
1.0
]
],
"at_element": 0,
"to_element": 2
},
{
"pose": [
[
0.6464951535381313,
-5.551115123125783e-17,
-0.762918092885277,
-0.04986791044039792
],
[
0.7392396910196921,
-0.24720431964346434,
0.6264301266467966,
-0.008228361804065429
],
[
-0.1885966480953944,
-0.9689633761652767,
-0.15981639458319075,
-0.03225259674052568
],
[
0.0,
0.0,
0.0,
1.0
]
],
"at_element": 2,
"to_element": 0
},
{
"pose": [
[
0.0,
0.0,
1.0,
-0.027827351208733114
],
[
-0.9897181818389458,
0.14303118728938535,
0.0,
0.0
],
[
-0.1430311872893853,
-0.9897181818389458,
0.0,
0.0
],
[
0.0,
0.0,
0.0,
1.0
]
],
"at_element": 0,
"to_element": 4
},
{
"pose": [
[
0.9780157566491888,
1.3877787807814457e-17,
0.2085310042797346,
-0.027827351208733114
],
[
0.20638692641278839,
-0.14303118728938546,
-0.9679599764806763,
-0.004765758753379548
],
[
0.029826437128778305,
0.9897181818389462,
-0.13988675486126012,
0.03297713021800452
],
[
0.0,
0.0,
0.0,
1.0
]
],
"at_element": 4,
"to_element": 0
},
{
"pose": [
[
-0.7984691540671194,
0.5483529537400861,
0.24850764199086775,
0.009207163791719512
],
[
0.29546697501620756,
-0.002717745218732359,
0.9553490883104969,
-0.09024428476029486
],
[
0.5245438748837986,
0.8362425796295287,
-0.15985015275701442,
0.04906272591527295
],
[
0.0,
0.0,
0.0,
1.0
]
],
"at_element": 1,
"to_element": 4
},
{
"pose": [
[
-0.809829524269527,
-0.5483529537400857,
0.20853100427973456,
-0.009432315238843022
],
[
-0.25108982016890896,
0.0027177452187325812,
-0.9679599764806761,
-0.09015190383178982
],
[
0.5302169780655239,
-0.8362425796295292,
-0.13988675486126012,
0.020637373373347413
],
[
0.0,
0.0,
0.0,
1.0
]
],
"at_element": 4,
"to_element": 1
},
{
"pose": [
[
-0.6187385827418947,
-0.1873994390995979,
-0.762918092885277,
0.01835203707540476
],
[
-0.7791583073987468,
0.02230758706804603,
0.6264301266467968,
-0.0642435890751119
],
[
-0.10037379258587376,
0.9820304586846368,
-0.15981639458319163,
-0.017961854192531594
],
[
0.0,
0.0,
0.0,
1.0
]
],
"at_element": 2,
"to_element": 3
},
{
"pose": [
[
-0.6780623955894112,
0.1873994390995979,
-0.7107129082215299,
0.024630189331262223
],
[
0.7204067724413886,
-0.02230758706804692,
-0.6931929412362641,
-0.06499092550657028
],
[
-0.14575825845601298,
-0.9820304586846365,
-0.11987788915188857,
-0.050861294922634165
],
[
0.0,
0.0,
0.0,
1.0
]
],
"at_element": 3,
"to_element": 2
}
],
"nstatus": true,
"opt_line_pos": [
[
3.700743415417188e-17,
0.0,
0.0
],
[
0.02170795785409722,
-0.042186920749377826,
0.04102171025697584
],
[
-0.019754594577282895,
-0.03295432969734855,
-0.02594444699932986
],
[
0.04000000000000005,
-0.05,
-0.04826882693968576
],
[
-0.019922107759188477,
-0.04146034663936348,
0.027674135316289112
]
],
"opt_line_orient": [
[
1.0,
0.0,
0.0
],
[
0.24850764199086775,
0.9553490883104969,
-0.1598501527570153
],
[
-0.7629180928852767,
0.6264301266467969,
-0.15981639458319133
],
[
-0.7107129082215297,
-0.6931929412362641,
-0.11987788915188843
],
[
0.20853100427973456,
-0.9679599764806761,
-0.1398867548612599
]
],
"opt_edge_ids": [
[
0,
1
],
[
0,
2
],
[
0,
3
],
[
0,
4
],
[
0,
5
]
],
"opt_parameters": {
"layers": [],
"orient_devi": 0.18726646259971647,
"clamp_t_bnd": 0.05,
"bar_collision_distance": 0.02,
"pos_devi": 0.05,
"debug_mode": false,
"adjustopt_trust_region_start": 0.010000000000000004,
"bar_available_lengths": [
1.0
],
"clamp_collision_dist": 0.024,
"time_out": 200,
"contactopt_trust_region_start": 0.010000000000000004,
"clamp_gap": 0.016,
"opt_tol": 0.001,
"trust_region_lobnd": 1e-06,
"trust_region_upbnd": 1.0,
"contact_ignore_para_tol": 1e-06,
"line_para_tol": 0.0001,
"bigM": 1,
"pos_tol": 1e-06,
"duplicate_vertices_tol": 0.001,
"bar_contact_distance_tol": 1e-05,
"bar_contact_distance": 0.018000000000000002,
"fixed_contact_pairs": [
[
0,
2
],
[
0,
4
],
[
1,
4
],
[
2,
3
]
],
"clamp_extension_length": 0.03,
"radius": 0.016703057275883663
}
}