{
"line_pt_pairs": [
[
[
-0.10000000027953702,
0.0,
0.0
],
[
0.899999999720463,
0.0,
0.0
]
],
[
[
0.0008345634561559857,
-0.10454136609278067,
0.05961129141380017
],
[
0.259313997729996,
0.8464295079103339,
-0.11022032771299366
]
],
[
[
0.05880213305258194,
-0.10116538798182803,
-0.010253697286674808
],
[
-0.694088123888995,
0.5347017242364264,
-0.1800455598763288
]
],
[
[
0.12400227235061576,
0.03257834951934698,
-0.034505994732544204
],
[
-0.6054467057296872,
-0.6348402634982473,
-0.18436120276774176
]
],
[
[
-0.04927649999972051,
0.09107234316042558,
0.05058437183685723
],
[
0.1692291672605972,
-0.8731859209289924,
-0.0992864842706124
]
]
],
"contact_id_pairs": [
[
0,
2
],
[
0,
4
],
[
1,
4
],
[
2,
3
]
],
"coupler_pt_pairs": [
[
[
-0.049982981214867696,
0.0,
0.0
],
[
-0.049982981214867696,
-0.00928894805740526,
-0.034786923747237075
]
],
[
[
-0.02738626968427802,
0.0,
0.0
],
[
-0.027386269684278017,
-0.005528517353362461,
0.03557008136604502
]
],
[
[
0.008588968606683107,
-0.076012158482559,
0.05451632830472758
],
[
-0.011438472599087193,
-0.07590561706993859,
0.024631646532049203
]
],
[
[
0.012520574828653793,
-0.06207745915624113,
-0.020691117484293416
],
[
0.020110481537820177,
-0.06247876483931718,
-0.055849126868218794
]
]
],
"half_couplers": [
{
"pose": [
[
0.0,
-1.1102230246251565e-16,
1.0,
-0.04998298121486773
],
[
0.9661489033028386,
0.257985070588827,
1.1102230246251565e-16,
0.0
],
[
-0.25798507058882697,
0.9661489033028386,
2.220446049250313e-16,
0.0
],
[
0.0,
0.0,
0.0,
1.0
]
],
"at_element": 0,
"to_element": 2
},
{
"pose": [
[
0.6581460787716098,
2.220446049250313e-16,
-0.7528902569415772,
-0.049982981214867724
],
[
0.7274040960514971,
-0.25798507058882736,
0.6358671122182544,
-0.009288948057405239
],
[
-0.19423444608271295,
-0.9661489033028388,
-0.16979186258965373,
-0.034786923747237075
],
[
0.0,
0.0,
0.0,
1.0
]
],
"at_element": 2,
"to_element": 0
},
{
"pose": [
[
0.0,
-1.1102230246251565e-16,
1.0,
-0.027386269684278028
],
[
-0.9881358965974694,
0.1535820622843549,
1.6653345369377348e-16,
0.0
],
[
-0.153582062284355,
-0.9881358965974694,
-2.220446049250313e-16,
0.0
],
[
0.0,
0.0,
0.0,
1.0
]
],
"at_element": 0,
"to_element": 4
},
{
"pose": [
[
0.9758356794948232,
3.469446951953614e-16,
0.2185056672603177,
-0.027386269684278014
],
[
0.2159132934299024,
-0.1535820622843549,
-0.9642582640894181,
-0.005528517353362475
],
[
0.03355855099865826,
0.9881358965974695,
-0.14987085610746975,
0.035570081366045024
],
[
0.0,
0.0,
0.0,
1.0
]
],
"at_element": 4,
"to_element": 0
},
{
"pose": [
[
-0.7894741149085109,
0.5567036949283696,
0.2584794342738399,
0.008588968606683097
],
[
0.30926627054907035,
-0.0029615364968125224,
0.9509708740031144,
-0.07601215848255903
],
[
0.5301744956050722,
0.8307058597088857,
-0.16983161912679412,
0.05451632830472758
],
[
0.0,
0.0,
0.0,
1.0
]
],
"at_element": 1,
"to_element": 4
},
{
"pose": [
[
-0.8014588382619683,
-0.5567036949283699,
0.2185056672603178,
-0.011438472599087177
],
[
-0.2649475975298521,
0.0029615364968126334,
-0.964258264089418,
-0.07590561706993866
],
[
0.536159025975443,
-0.8307058597088854,
-0.1498708561074693,
0.024631646532049196
],
[
0.0,
0.0,
0.0,
1.0
]
],
"at_element": 4,
"to_element": 1
},
{
"pose": [
[
-0.6234042929349282,
-0.21100556521748026,
-0.752890256941577,
0.012520574828653784
],
[
-0.7717179182502947,
0.011156623622288198,
0.6358671122182544,
-0.06207745915624111
],
[
-0.1257717861912347,
0.9774211892508788,
-0.1697918625896544,
-0.02069111748429342
],
[
0.0,
0.0,
0.0,
1.0
]
],
"at_element": 2,
"to_element": 3
},
{
"pose": [
[
-0.650677216309941,
0.21100556521748048,
-0.7294489780803031,
0.02011048153782019
],
[
0.7445991705253381,
-0.01115662362228842,
-0.6674186130175943,
-0.06247876483931717
],
[
-0.14896722937654905,
-0.9774211892508788,
-0.14985520803519803,
-0.055849126868218794
],
[
0.0,
0.0,
0.0,
1.0
]
],
"at_element": 3,
"to_element": 2
}
],
"nstatus": true,
"opt_line_pos": [
[
3.700743415417188e-17,
0.0,
0.0
],
[
0.015659225112553056,
-0.05,
0.049870878993036785
],
[
-0.012350895807813036,
-0.04107180784860506,
-0.02630013325488439
],
[
0.04858222885061368,
-0.036428177789759215,
-0.05
],
[
-0.017308812895317476,
-0.05,
0.028658054345033157
]
],
"opt_line_orient": [
[
1.0,
0.0,
0.0
],
[
0.25847943427384,
0.9509708740031145,
-0.16983161912679381
],
[
-0.752890256941577,
0.6358671122182544,
-0.169791862589654
],
[
-0.7294489780803031,
-0.6674186130175943,
-0.14985520803519758
],
[
0.2185056672603177,
-0.964258264089418,
-0.14987085610746964
]
],
"opt_edge_ids": [
[
0,
1
],
[
0,
2
],
[
0,
3
],
[
0,
4
],
[
0,
5
]
],
"opt_parameters": {
"layers": [],
"orient_devi": 0.18726646259971647,
"clamp_t_bnd": 0.05,
"bar_collision_distance": 0.02,
"pos_devi": 0.05,
"debug_mode": false,
"adjustopt_trust_region_start": 0.010000000000000004,
"bar_available_lengths": [
1.0
],
"clamp_collision_dist": 0.024,
"time_out": 200,
"contactopt_trust_region_start": 0.010000000000000004,
"clamp_gap": 0.016,
"opt_tol": 0.001,
"trust_region_lobnd": 1e-06,
"trust_region_upbnd": 1.0,
"contact_ignore_para_tol": 1e-06,
"line_para_tol": 0.0001,
"bigM": 1,
"pos_tol": 1e-06,
"duplicate_vertices_tol": 0.001,
"bar_contact_distance_tol": 1e-05,
"bar_contact_distance": 0.018000000000000002,
"fixed_contact_pairs": [
[
0,
2
],
[
0,
4
],
[
1,
4
],
[
2,
3
]
],
"clamp_extension_length": 0.03,
"radius": 0.018000000000000002
}
}