{
"line_pt_pairs": [
[
[
-0.10000000028007117,
0.0,
0.0
],
[
0.8999999997199288,
0.0,
0.0
]
],
[
[
-0.04132375767749287,
-0.08884915121258229,
0.054651787433579985
],
[
0.3068538092446495,
0.8456775193822347,
-0.019052241215765965
]
],
[
[
0.06799558520202477,
-0.09466102134727339,
-0.006920553332478676
],
[
-0.7342043898762667,
0.47281937911609584,
-0.19250394449214686
]
],
[
[
0.10253699695725918,
0.03216603740740516,
0.046874893613417117
],
[
-0.6652675636103508,
-0.5829230147286536,
-0.13240593278456705
]
],
[
[
-0.004435280072101223,
0.11446539042375418,
-0.014804826091738367
],
[
0.25795778645421097,
-0.8333871849195366,
-0.19570638510660646
]
]
],
"contact_id_pairs": [
[
0,
2
],
[
0,
3
],
[
0,
4
],
[
1,
3
],
[
2,
4
]
],
"coupler_pt_pairs": [
[
[
-0.050000003237575794,
0.0,
0.0
],
[
-0.05000000323757579,
-0.011190333413033073,
-0.03421801297446439
]
],
[
[
0.049809333628665346,
0.0,
0.0
],
[
0.049809333628665346,
-0.010074149905572073,
0.03456308987966918
]
],
[
[
0.02538369550023578,
0.0,
0.0
],
[
0.025383695500235778,
0.00674915704719865,
-0.0353629118699733
]
],
[
[
-0.02836297755176338,
-0.054061744297541375,
0.05190818244446749
],
[
-0.014661451096026758,
-0.06172176428997095,
0.019509290830306093
]
],
[
[
0.02864934195457463,
-0.06682728590915772,
-0.01602303336003333
],
[
0.042989716550368595,
-0.05684975055672293,
-0.047501024733173636
]
]
],
"half_couplers": [
{
"pose": [
[
-2.220446049250313e-16,
-3.3306690738754696e-16,
1.0,
-0.05000000323757579
],
[
0.950465168241324,
0.3108310858971344,
3.885780586188048e-16,
0.0
],
[
-0.3108310858971344,
0.9504651682413239,
2.220446049250313e-16,
0.0
],
[
0.0,
0.0,
0.0,
1.0
]
],
"at_element": 0,
"to_element": 2
},
{
"pose": [
[
0.5970554412987029,
4.440892098500626e-16,
-0.8021999750782913,
-0.05000000323757576
],
[
0.7624631342759741,
-0.3108310858971337,
0.5674804004633694,
-0.01119033341303309
],
[
-0.24934868936023885,
-0.950465168241324,
-0.1855833911596685,
-0.03421801297446439
],
[
0.0,
0.0,
0.0,
1.0
]
],
"at_element": 2,
"to_element": 0
},
{
"pose": [
[
0.0,
0.0,
1.0,
0.04980933362866534
],
[
-0.9600503923587856,
0.2798271683231308,
0.0,
0.0
],
[
-0.2798271683231309,
-0.9600503923587856,
0.0,
0.0
],
[
0.0,
0.0,
0.0,
1.0
]
],
"at_element": 0,
"to_element": 3
},
{
"pose": [
[
0.6406841318243954,
-5.551115123125783e-17,
-0.7678045605676099,
0.04980933362866534
],
[
-0.7371310696277988,
-0.2798271683231308,
-0.6150890521360588,
-0.01007414990557207
],
[
-0.21485257600922003,
0.9600503923587855,
-0.17928082639798415,
0.03456308987966918
],
[
0.0,
0.0,
0.0,
1.0
]
],
"at_element": 3,
"to_element": 0
},
{
"pose": [
[
0.0,
-5.551115123125783e-17,
1.0,
0.02538369550023578
],
[
0.9822702683992921,
-0.18747031716723228,
-5.551115123125783e-17,
0.0
],
[
0.18747031716723228,
0.9822702683992921,
0.0,
0.0
],
[
0.0,
0.0,
0.0,
1.0
]
],
"at_element": 0,
"to_element": 4
},
{
"pose": [
[
-0.9649610762299785,
1.3877787807814457e-16,
0.2623930665263122,
0.025383695500235785
],
[
-0.2577409078829139,
0.18747031716723228,
-0.9478525753432907,
0.0067491570471986395
],
[
-0.04919091140417056,
-0.9822702683992921,
-0.18090155901486793,
-0.03536291186997331
],
[
0.0,
0.0,
0.0,
1.0
]
],
"at_element": 4,
"to_element": 0
},
{
"pose": [
[
-0.8566961516324865,
-0.38058387468502264,
0.3481775669221422,
-0.02836297755176338
],
[
0.28528693140451333,
0.212770460160152,
0.9345266705948171,
-0.05406174429754138
],
[
-0.4297476824229357,
0.8999359119476077,
-0.07370402864934578,
0.05190818244446749
],
[
0.0,
0.0,
0.0,
1.0
]
],
"at_element": 1,
"to_element": 3
},
{
"pose": [
[
-0.5153950631324622,
0.38058387468502264,
-0.7678045605676096,
-0.014661451096026734
],
[
0.7592062889792218,
-0.2127704601601521,
-0.615089052136059,
-0.061721764289970935
],
[
-0.39745910440331284,
-0.8999359119476076,
-0.1792808263979846,
0.0195092908303061
],
[
0.0,
0.0,
0.0,
1.0
]
],
"at_element": 3,
"to_element": 1
},
{
"pose": [
[
-0.44475273442929497,
-0.39833428825805794,
-0.8021999750782914,
0.02864934195457465
],
[
-0.7753421394722498,
-0.27714718444993824,
0.5674804004633693,
-0.06682728590915774
],
[
-0.44837436587773294,
0.8743679048029029,
-0.1855833911596685,
-0.016023033360033332
],
[
0.0,
0.0,
0.0,
1.0
]
],
"at_element": 2,
"to_element": 4
},
{
"pose": [
[
-0.8789082281085236,
0.39833428825805806,
0.262393066526312,
0.04298971655036861
],
[
-0.15736878205845972,
0.2771471844499386,
-0.9478525753432908,
-0.056849750556722964
],
[
-0.4502836805798899,
-0.8743679048029028,
-0.1809015590148677,
-0.04750102473317365
],
[
0.0,
0.0,
0.0,
1.0
]
],
"at_element": 4,
"to_element": 2
}
],
"nstatus": 0,
"opt_line_pos": [
[
3.700743415417188e-17,
0.0,
0.0
],
[
-0.01791818690181396,
-0.026027383791656863,
0.049697175123963024
],
[
-0.011457496401067902,
-0.03845550156802958,
-0.025301471781832553
],
[
0.012084708120349138,
-0.04029538762385827,
0.02575446541449859
],
[
0.034896036107425234,
-0.027612637116912458,
-0.041921001489115144
]
],
"opt_line_orient": [
[
1.0,
0.0,
0.0
],
[
0.34817756692214236,
0.9345266705948169,
-0.07370402864934594
],
[
-0.8021999750782915,
0.5674804004633692,
-0.18558339115966818
],
[
-0.76780456056761,
-0.6150890521360587,
-0.17928082639798415
],
[
0.26239306652631217,
-0.9478525753432907,
-0.18090155901486807
]
],
"opt_edge_ids": [
[
0,
1
],
[
0,
2
],
[
0,
3
],
[
0,
4
],
[
0,
5
]
],
"opt_parameters": {
"layers": [],
"orient_devi": 0.18726646259971647,
"clamp_t_bnd": 0.05,
"bar_collision_distance": 0.02,
"pos_devi": 0.05,
"debug_mode": false,
"adjustopt_trust_region_start": 0.005000000000000003,
"bar_available_lengths": [
1.0
],
"clamp_collision_dist": 0.024,
"time_out": 200,
"contactopt_trust_region_start": 0.005000000000000003,
"clamp_gap": 0.016,
"opt_tol": 0.001,
"trust_region_lobnd": 1e-06,
"trust_region_upbnd": 1.0,
"contact_ignore_para_tol": 1e-06,
"line_para_tol": 0.0001,
"bigM": 1,
"pos_tol": 1e-06,
"duplicate_vertices_tol": 0.001,
"bar_contact_distance_tol": 1e-05,
"bar_contact_distance": 0.018000000000000002,
"fixed_contact_pairs": [
[
0,
2
],
[
0,
3
],
[
0,
4
],
[
1,
3
],
[
2,
4
]
],
"clamp_extension_length": 0.03,
"number_clamp_on_joint": [
5,
5.01
]
}
}