{
"line_pt_pairs": [
[
[
-0.10000000269211955,
0.0,
0.0
],
[
0.8999999973078805,
0.0,
0.0
]
],
[
[
-0.036651803830169756,
-0.13912929189915735,
0.04704980902571573
],
[
0.25959636145584897,
0.8159795591239777,
0.049076447112503085
]
],
[
[
0.11314368045025121,
-0.01195505691365361,
-0.06012564036427041
],
[
-0.7967350774928492,
0.4029152822496166,
-0.05832355088979144
]
],
[
[
0.046074299633705136,
0.11303342560969898,
-0.022104113753016692
],
[
-0.640912033754493,
-0.6019150468511031,
-0.15209818847877182
]
],
[
[
-0.06715905136293847,
0.09178786448748326,
0.02603501668741923
],
[
0.12471652487455819,
-0.8896302413412297,
0.027539940310013895
]
]
],
"contact_id_pairs": [
[
0,
1
],
[
0,
3
],
[
0,
4
],
[
1,
4
],
[
2,
3
]
],
"coupler_pt_pairs": [
[
[
0.006471067612328776,
0.0,
0.0
],
[
0.006471067612328776,
-0.00010046059315323153,
0.04734481322799535
]
],
[
[
-0.05532426386204083,
0.0,
0.0
],
[
-0.05532426386204083,
0.007507675594467853,
-0.04129112199398248
]
],
[
[
-0.04922159154860854,
0.0,
0.0
],
[
-0.04922159154860855,
4.013828095166677e-05,
0.026175704249292737
]
],
[
[
-0.02776435801492542,
-0.11047602360656553,
0.0471106081741798
],
[
-0.02761425520144994,
-0.11047851930777913,
0.026345175484391144
]
],
[
[
-0.01817543756508597,
0.04792149977484904,
-0.05986555208513718
],
[
-0.01960099377643087,
0.04468497612830446,
-0.0345314337509079
]
]
],
"half_couplers": [
{
"pose": [
[
0.0,
-5.551115123125783e-17,
1.0,
0.006471067612328754
],
[
-0.999997748794202,
0.0021218874919197717,
5.551115123125783e-17,
0.0
],
[
-0.0021218874919198827,
-0.999997748794202,
-2.220446049250313e-16,
0.0
],
[
0.0,
0.0,
0.0,
1.0
]
],
"at_element": 0,
"to_element": 1
},
{
"pose": [
[
-0.9551110011745587,
1.6653345369377348e-16,
0.2962481652860187,
0.006471067612328761
],
[
0.2962474983704313,
-0.0021218874919199937,
0.955108851023135,
-0.00010046059315323153
],
[
0.0006286052764247485,
0.9999977487942019,
0.002026638086787158,
0.04734481322799536
],
[
0.0,
0.0,
0.0,
1.0
]
],
"at_element": 1,
"to_element": 0
},
{
"pose": [
[
-4.440892098500626e-16,
3.885780586188048e-16,
1.0,
-0.05532426386204084
],
[
0.9838690761030775,
-0.17889002512179553,
3.885780586188048e-16,
0.0
],
[
0.17889002512179553,
0.9838690761030775,
-4.440892098500626e-16,
0.0
],
[
0.0,
0.0,
0.0,
1.0
]
],
"at_element": 0,
"to_element": 3
},
{
"pose": [
[
-0.7266703363546911,
-6.106226635438361e-16,
-0.6869863333881981,
-0.055324263862040875
],
[
0.6759046091260872,
0.17889002512179641,
-0.7149484724608023,
0.007507675594467814
],
[
0.1228950024381461,
-0.9838690761030774,
-0.12999407472575464,
-0.04129112199398249
],
[
0.0,
0.0,
0.0,
1.0
]
],
"at_element": 3,
"to_element": 0
},
{
"pose": [
[
-2.220446049250313e-16,
-1.1102230246251565e-16,
1.0,
-0.04922159154860856
],
[
-0.999998824317577,
-0.0015334156200554894,
-1.1102230246251565e-16,
0.0
],
[
0.0015334156200554339,
-0.999998824317577,
-2.220446049250313e-16,
0.0
],
[
0.0,
0.0,
0.0,
1.0
]
],
"at_element": 0,
"to_element": 4
},
{
"pose": [
[
0.9814192596660861,
3.0531133177191805e-16,
0.19187557623749668,
-0.049221591548608556
],
[
0.1918753506527543,
0.0015334156200551563,
-0.9814181058287129,
4.013828095168759e-05
],
[
-0.0002942250057099416,
0.9999988243175769,
0.0015049236225948004,
0.026175704249292737
],
[
0.0,
0.0,
0.0,
1.0
]
],
"at_element": 4,
"to_element": 0
},
{
"pose": [
[
-0.9550836487787202,
-0.007228305485687342,
0.29624816528601844,
-0.02776435801492541
],
[
0.29625507295825104,
0.00012018222947085544,
0.9551088510231351,
-0.11047602360656547
],
[
-0.006939422312259802,
0.9999738682365842,
0.0020266380867853817,
0.0471106081741798
],
[
0.0,
0.0,
0.0,
1.0
]
],
"at_element": 1,
"to_element": 4
},
{
"pose": [
[
-0.9813926405080355,
0.007228305485686828,
0.19187557623749682,
-0.027614255201449937
],
[
-0.19188144023801007,
-0.0001201822294711885,
-0.981418105828713,
-0.11047851930777917
],
[
-0.00707092984358082,
-0.9999738682365842,
0.0015049236225965767,
0.026345175484391147
],
[
0.0,
0.0,
0.0,
1.0
]
],
"at_element": 4,
"to_element": 1
},
{
"pose": [
[
0.41111413622765824,
0.05572982000425997,
-0.9098787579431007,
-0.018175437565085967
],
[
0.901040289593939,
0.12652666995943607,
0.4148703391632702,
0.04792149977484904
],
[
0.13824457863604378,
-0.9903964806840082,
0.0018020894744790183,
-0.05986555208513717
],
[
0.0,
0.0,
0.0,
1.0
]
],
"at_element": 2,
"to_element": 3
},
{
"pose": [
[
0.7245301683850938,
-0.05572982000425997,
-0.686986333388198,
-0.019600993776430868
],
[
-0.6876333932517686,
-0.12652666995943607,
-0.714948472460802,
0.04468497612830445
],
[
-0.04707814338869065,
0.9903964806840078,
-0.12999407472575486,
-0.034531433750907906
],
[
0.0,
0.0,
0.0,
1.0
]
],
"at_element": 3,
"to_element": 2
}
],
"nstatus": true,
"opt_line_pos": [
[
3.700743415417188e-17,
0.0,
0.0
],
[
-0.007193035818386186,
-0.04415374988651109,
0.04725133689403138
],
[
0.049707596832572025,
0.016969400653803896,
-0.06000000000000032
],
[
-0.060000000000000275,
0.0026416247765763887,
-0.042175881942434545
],
[
-0.039999999999999696,
-0.04712707855731689,
0.026248031281380674
]
],
"opt_line_orient": [
[
1.0,
0.0,
0.0
],
[
0.29624816528601877,
0.955108851023135,
0.0020266380867873545
],
[
-0.9098787579431005,
0.41487033916327015,
0.0018020894744789667
],
[
-0.6869863333881981,
-0.7149484724608021,
-0.1299940747257551
],
[
0.19187557623749665,
-0.9814181058287129,
0.0015049236225946636
]
],
"opt_edge_ids": [
[
0,
1
],
[
0,
2
],
[
0,
3
],
[
0,
4
],
[
0,
5
]
],
"opt_parameters": {
"layers": [],
"orient_devi": 0.17266462599716473,
"clamp_t_bnd": 0.0600000000000003,
"bar_collision_distance": 0.02,
"pos_devi": 0.0600000000000003,
"debug_mode": false,
"adjustopt_trust_region_start": 0.010000000000000004,
"bar_available_lengths": [
1.0
],
"clamp_collision_dist": 0.024,
"time_out": 200,
"contactopt_trust_region_start": 0.10000000000000003,
"clamp_gap": 0.016,
"opt_tol": 0.001,
"trust_region_lobnd": 1e-06,
"trust_region_upbnd": 1.0,
"contact_ignore_para_tol": 1e-06,
"line_para_tol": 0.0001,
"bigM": 1,
"pos_tol": 1e-06,
"duplicate_vertices_tol": 0.001,
"bar_contact_distance_tol": 1e-05,
"bar_contact_distance": 0.018000000000000002,
"fixed_contact_pairs": [
[
0,
1
],
[
0,
2
],
[
0,
3
],
[
1,
4
],
[
3,
4
]
],
"clamp_extension_length": 0.03,
"number_clamp_on_joint": [
5,
5.1
],
"radius": 0.018000000000000002,
"tr_size": 0.10000000000000003
}
}