{
"line_pt_pairs": [
[
[
-0.1000000360158292,
0.0,
0.0
],
[
0.8999999639841708,
0.0,
0.0
]
],
[
[
-0.08254694628950042,
-0.08099709359943728,
0.050005250838400635
],
[
0.16533891379610202,
0.8745914824724211,
-0.10937816627448298
]
],
[
[
0.08931032347325892,
-0.06390052231020373,
-0.022833303465824847
],
[
-0.788683131492892,
0.4036485527018131,
-0.12542645865665075
]
],
[
[
0.10379992016037116,
0.03149321961733457,
0.04513555034192248
],
[
-0.6562539535297264,
-0.5983857596778974,
-0.11477248738812426
]
],
[
[
-0.05139729987991807,
0.08869491827870485,
0.06835015016435333
],
[
0.1705866167619802,
-0.8835432063770049,
-0.005650996571839387
]
]
],
"contact_id_pairs": [
[
0,
1
],
[
0,
2
],
[
0,
3
],
[
1,
4
],
[
3,
4
]
],
"coupler_pt_pairs": [
[
[
-0.05999947016451905,
0.0,
0.0
],
[
-0.05999947016451906,
0.005922388604366693,
0.03550787776988564
]
],
[
[
-0.016197531597913158,
0.0,
0.0
],
[
-0.016197531597913168,
-0.007715479282826886,
-0.03516185066391898
]
],
[
[
0.055109507981384004,
0.0,
0.0
],
[
0.05510950798138401,
-0.008857955722203908,
0.034891555097206914
]
],
[
[
-0.05405032917133898,
0.028856053189190094,
0.031682752689931766
],
[
-0.03801119785650612,
0.03006689276869986,
0.06388772371902596
]
],
[
[
-0.011307608803558453,
-0.06389977206756652,
0.02091803139788829
],
[
-0.015709462069709457,
-0.06760954301065628,
0.056453157974819944
]
]
],
"half_couplers": [
{
"pose": [
[
1.1102230246251565e-16,
1.1102230246251565e-16,
1.0,
-0.05999947016451905
],
[
-0.986374055493019,
-0.16451815295053152,
1.1102230246251565e-16,
0.0
],
[
0.16451815295053152,
-0.986374055493019,
1.1102230246251565e-16,
0.0
],
[
0.0,
0.0,
0.0,
1.0
]
],
"at_element": 0,
"to_element": 1
},
{
"pose": [
[
-0.9687892445571542,
-3.885780586188048e-16,
0.24788586008560246,
-0.059999470164519064
],
[
0.24450818111201075,
0.1645181529505314,
0.9555885760718584,
0.005922388604366696
],
[
-0.040781723843837575,
0.9863740554930193,
-0.15938341711288384,
0.03550787776988564
],
[
0.0,
0.0,
0.0,
1.0
]
],
"at_element": 1,
"to_element": 0
},
{
"pose": [
[
4.440892098500626e-16,
3.885780586188048e-16,
1.0,
-0.016197531597913123
],
[
0.9767616513988735,
0.2143284310504453,
-4.440892098500626e-16,
0.0
],
[
-0.21432843105044525,
0.9767616513988735,
-2.220446049250313e-16,
0.0
],
[
0.0,
0.0,
0.0,
1.0
]
],
"at_element": 0,
"to_element": 2
},
{
"pose": [
[
0.47867263660731774,
-7.216449660063518e-16,
-0.8779934549661512,
-0.01619753159791315
],
[
0.8575903369901403,
-0.2143284310504452,
0.4675490750120167,
-0.007715479282826898
],
[
-0.18817895967545512,
-0.9767616513988736,
-0.10259315519082568,
-0.03516185066391898
],
[
0.0,
0.0,
0.0,
1.0
]
],
"at_element": 2,
"to_element": 0
},
{
"pose": [
[
-4.440892098500626e-16,
4.996003610813204e-16,
1.0,
0.05510950798138406
],
[
-0.9692532430984306,
0.24606533836193767,
-4.996003610813204e-16,
0.0
],
[
-0.24606533836193772,
-0.9692532430984306,
3.3306690738754696e-16,
0.0
],
[
0.0,
0.0,
0.0,
1.0
]
],
"at_element": 0,
"to_element": 3
},
{
"pose": [
[
0.6498600688522702,
-8.881784197001252e-16,
-0.7600538736900974,
0.055109507981384025
],
[
-0.7366846820036518,
-0.246065338361938,
-0.629878979295232,
-0.008857955722203902
],
[
-0.18702291360285506,
0.9692532430984302,
-0.1599080377300468,
0.034891555097206914
],
[
0.0,
0.0,
0.0,
1.0
]
],
"at_element": 3,
"to_element": 0
},
{
"pose": [
[
0.8602534347332964,
-0.4455520490348879,
0.24788586008560273,
-0.054050329171338986
],
[
-0.29277823258886226,
-0.03363598970002757,
0.9555885760718584,
0.0288560531891901
],
[
-0.4174265618665255,
-0.8946239387573488,
-0.15938341711288317,
0.031682752689931766
],
[
0.0,
0.0,
0.0,
1.0
]
],
"at_element": 1,
"to_element": 4
},
{
"pose": [
[
0.8672983986801404,
0.4455520490348879,
0.22198391664189798,
-0.03801119785650611
],
[
0.2315634884062002,
0.03363598970002746,
-0.9722381246557096,
0.03006689276869981
],
[
-0.44064933732392686,
0.8946239387573486,
-0.0740011467361934,
0.06388772371902596
],
[
0.0,
0.0,
0.0,
1.0
]
],
"at_element": 4,
"to_element": 1
},
{
"pose": [
[
-0.6382522321512498,
0.12227917746952982,
-0.7600538736900975,
-0.011307608803558467
],
[
0.7698262038821311,
0.10305380758819194,
-0.6298789792952322,
-0.06389977206756653
],
[
0.0013053621623512202,
-0.9871310528490891,
-0.15990803773004658,
0.02091803139788829
],
[
0.0,
0.0,
0.0,
1.0
]
],
"at_element": 3,
"to_element": 4
},
{
"pose": [
[
0.9673525435484718,
-0.1222791774695296,
0.22198391664189834,
-0.015709462069709454
],
[
0.21007841799557792,
-0.10305380758819171,
-0.9722381246557097,
-0.06760954301065628
],
[
0.14176076602070556,
0.9871310528490893,
-0.07400114673619296,
0.05645315797481995
],
[
0.0,
0.0,
0.0,
1.0
]
],
"at_element": 4,
"to_element": 3
}
],
"nstatus": true,
"opt_line_pos": [
[
3.700743415417188e-17,
0.0,
0.0
],
[
-0.05337120604624876,
0.03147404156439752,
0.03124609622118492
],
[
-0.06000000000000027,
0.015610211209283317,
-0.040280150137677384
],
[
0.00950627234493198,
-0.046650697144321095,
0.025297072156989252
],
[
-0.024692166867955986,
-0.028267377147930352,
0.059447656251626554
]
],
"opt_line_orient": [
[
1.0,
0.0,
0.0
],
[
0.24788586008560243,
0.9555885760718584,
-0.15938341711288362
],
[
-0.8779934549661511,
0.46754907501201687,
-0.10259315519082592
],
[
-0.7600538736900976,
-0.629878979295232,
-0.15990803773004675
],
[
0.22198391664189826,
-0.9722381246557097,
-0.07400114673619272
]
],
"opt_edge_ids": [
[
0,
1
],
[
0,
2
],
[
0,
3
],
[
0,
4
],
[
0,
5
]
],
"opt_parameters": {
"layers": [],
"orient_devi": 0.17266462599716473,
"clamp_t_bnd": 0.0600000000000003,
"bar_collision_distance": 0.02,
"pos_devi": 0.0600000000000003,
"debug_mode": false,
"adjustopt_trust_region_start": 0.010000000000000004,
"bar_available_lengths": [
1.0
],
"clamp_collision_dist": 0.024,
"time_out": 200,
"contactopt_trust_region_start": 0.10000000000000003,
"clamp_gap": 0.016,
"opt_tol": 0.001,
"trust_region_lobnd": 1e-06,
"trust_region_upbnd": 1.0,
"contact_ignore_para_tol": 1e-06,
"line_para_tol": 0.0001,
"bigM": 1,
"pos_tol": 1e-06,
"duplicate_vertices_tol": 0.001,
"bar_contact_distance_tol": 1e-05,
"bar_contact_distance": 0.018000000000000002,
"fixed_contact_pairs": [
[
0,
1
],
[
0,
2
],
[
0,
3
],
[
1,
4
],
[
3,
4
]
],
"clamp_extension_length": 0.03,
"number_clamp_on_joint": [
5,
5.1
]
}
}