{
"line_pt_pairs": [
[
[
-0.1000000360748428,
0.0,
0.0
],
[
0.8999999639251572,
0.0,
0.0
]
],
[
[
-0.08257393029189646,
-0.080946472724783,
0.04996600588425487
],
[
0.16574401957406001,
0.8745956398177718,
-0.10902288345106828
]
],
[
[
0.08842463399302534,
-0.06543582201223418,
-0.022745531094278768
],
[
-0.7905792832718922,
0.4007199781591111,
-0.12299962527273577
]
],
[
[
0.10364662400288198,
0.03162358946539705,
0.045189956732800705
],
[
-0.6566950495674878,
-0.597856315157003,
-0.11492122060589458
]
],
[
[
-0.05144658593775927,
0.08865025225969791,
0.06838915254287865
],
[
0.17093286978066738,
-0.8834910396525071,
-0.005696515663904611
]
]
],
"contact_id_pairs": [
[
0,
1
],
[
0,
2
],
[
0,
3
],
[
1,
4
],
[
3,
4
]
],
"coupler_pt_pairs": [
[
[
-0.060002659252579214,
0.0,
0.0
],
[
-0.060002659252579214,
0.00590910909409962,
0.03551444764867532
]
],
[
[
-0.020692839946154073,
0.0,
0.0
],
[
-0.020692839946154066,
-0.007568339993420839,
-0.03519083798534788
]
],
[
[
0.054729777946443195,
0.0,
0.0
],
[
0.05472977794644319,
-0.008874219165088196,
0.03488914844352934
]
],
[
[
-0.054041605917426315,
0.02884759380664495,
0.03169780350540586
],
[
-0.03804202876645441,
0.030051657871000805,
0.06392342718239581
]
],
[
[
-0.011364498317040514,
-0.0635930648690962,
0.020971152421815884
],
[
-0.01577059631253876,
-0.06730886065594038,
0.056503704214102474
]
]
],
"half_couplers": [
{
"pose": [
[
0.0,
0.0,
1.0,
-0.06000265925257922
],
[
-0.9864387734166965,
-0.16412966307210652,
0.0,
0.0
],
[
0.16412966307210658,
-0.9864387734166965,
0.0,
0.0
],
[
0.0,
0.0,
0.0,
1.0
]
],
"at_element": 0,
"to_element": 1
},
{
"pose": [
[
-0.9686785822832917,
1.3877787807814457e-17,
0.24831794986595646,
-0.06000265925257922
],
[
0.24495045388312287,
0.16412966307210697,
0.9555421125425549,
0.005909109094099599
],
[
-0.04075634144625573,
0.9864387734166964,
-0.15898888933532285,
0.03551444764867533
],
[
0.0,
0.0,
0.0,
1.0
]
],
"at_element": 1,
"to_element": 0
},
{
"pose": [
[
-4.440892098500626e-16,
-4.996003610813204e-16,
1.0,
-0.020692839946154062
],
[
0.9776459251755074,
0.2102580438121836,
5.551115123125783e-16,
0.0
],
[
-0.21025804381218366,
0.9776459251755074,
4.440892098500626e-16,
0.0
],
[
0.0,
0.0,
0.0,
1.0
]
],
"at_element": 0,
"to_element": 2
},
{
"pose": [
[
0.476814548260569,
5.551115123125783e-16,
-0.8790039172649173,
-0.02069283994615402
],
[
0.8593545979273554,
-0.2102580438121835,
0.4661558001713455,
-0.007568339993420881
],
[
-0.18481764414736768,
-0.9776459251755074,
-0.10025409417845776,
-0.03519083798534787
],
[
0.0,
0.0,
0.0,
1.0
]
],
"at_element": 2,
"to_element": 0
},
{
"pose": [
[
-2.220446049250313e-16,
1.6653345369377348e-16,
1.0,
0.05472977794644321
],
[
-0.9691413503846129,
0.24650566519796024,
-1.6653345369377348e-16,
0.0
],
[
-0.24650566519796024,
-0.9691413503846129,
1.1102230246251565e-16,
0.0
],
[
0.0,
0.0,
0.0,
1.0
]
],
"at_element": 0,
"to_element": 3
},
{
"pose": [
[
0.6495233170812338,
-2.7755575615628914e-16,
-0.7603416735703701,
0.054729777946443195
],
[
-0.7368785562776852,
-0.24650566519796024,
-0.6294799046224,
-0.008874219165088189
],
[
-0.18742853002119408,
0.9691413503846131,
-0.1601111773386954,
0.03488914844352935
],
[
0.0,
0.0,
0.0,
1.0
]
],
"at_element": 3,
"to_element": 0
},
{
"pose": [
[
0.8607012577016282,
-0.4444452055824246,
0.24831794986595676,
-0.05404160591742631
],
[
-0.29295146064771194,
-0.033447165232397325,
0.9555421125425549,
0.028847593806645033
],
[
-0.4163805791523033,
-0.895181404170525,
-0.15898888933532263,
0.031697803505405846
],
[
0.0,
0.0,
0.0,
1.0
]
],
"at_element": 1,
"to_element": 4
},
{
"pose": [
[
0.867764851160251,
0.4444452055824247,
0.22237945571842646,
-0.038042028766454426
],
[
0.2319969734655734,
0.0334471652323971,
-0.9721412919122048,
0.03005165787100085
],
[
-0.43950149873878863,
0.895181404170525,
-0.07408566820678364,
0.06392342718239581
],
[
0.0,
0.0,
0.0,
1.0
]
],
"at_element": 4,
"to_element": 1
},
{
"pose": [
[
-0.63788582462734,
0.1224018552625234,
-0.7603416735703701,
-0.011364498317040547
],
[
0.7701296060042551,
0.10322518894293653,
-0.6294799046224002,
-0.06359306486909622
],
[
0.0014369047392320256,
-0.987097941541764,
-0.16011117733869518,
0.020971152421815877
],
[
0.0,
0.0,
0.0,
1.0
]
],
"at_element": 3,
"to_element": 4
},
{
"pose": [
[
0.9672461752328972,
-0.12240185526252312,
0.22237945571842666,
-0.015770596312538753
],
[
0.21044207974396278,
-0.10322518894293609,
-0.9721412919122049,
-0.0673088606559404
],
[
0.1419470590409218,
0.9870979415417639,
-0.0740856682067832,
0.05650370421410248
],
[
0.0,
0.0,
0.0,
1.0
]
],
"at_element": 4,
"to_element": 3
}
],
"nstatus": true,
"opt_line_pos": [
[
3.700743415417188e-17,
0.0,
0.0
],
[
-0.05284882112955509,
0.03343750000000031,
0.030934107088203325
],
[
-0.06000000000000027,
0.013277142361627067,
-0.039673984929889106
],
[
0.009109325841597776,
-0.046642973447541855,
0.02528248797609628
],
[
-0.024697879623014195,
-0.02828286024293201,
0.059477826743502285
]
],
"opt_line_orient": [
[
1.0,
0.0,
0.0
],
[
0.24831794986595646,
0.9555421125425548,
-0.15898888933532315
],
[
-0.8790039172649176,
0.4661558001713452,
-0.100254094178457
],
[
-0.7603416735703699,
-0.6294799046224001,
-0.1601111773386953
],
[
0.22237945571842666,
-0.972141291912205,
-0.07408566820678326
]
],
"opt_edge_ids": [
[
0,
1
],
[
0,
2
],
[
0,
3
],
[
0,
4
],
[
0,
5
]
],
"opt_parameters": {
"layers": [],
"orient_devi": 0.17266462599716473,
"clamp_t_bnd": 0.0600000000000003,
"bar_collision_distance": 0.02,
"pos_devi": 0.0600000000000003,
"debug_mode": false,
"adjustopt_trust_region_start": 0.010000000000000004,
"bar_available_lengths": [
1.0
],
"clamp_collision_dist": 0.024,
"time_out": 200,
"contactopt_trust_region_start": 0.10000000000000003,
"clamp_gap": 0.016,
"opt_tol": 0.001,
"trust_region_lobnd": 1e-06,
"trust_region_upbnd": 1.0,
"contact_ignore_para_tol": 1e-06,
"line_para_tol": 0.0001,
"bigM": 1,
"pos_tol": 1e-06,
"duplicate_vertices_tol": 0.001,
"bar_contact_distance_tol": 1e-05,
"bar_contact_distance": 0.018000000000000002,
"fixed_contact_pairs": [
[
0,
1
],
[
0,
2
],
[
0,
3
],
[
1,
4
],
[
3,
4
]
],
"clamp_extension_length": 0.03,
"number_clamp_on_joint": [
5,
5.1
],
"radius": 0.018000000000000002,
"tr_size": 0.0015625000000000005
}
}