{
 "contact_id_pairs": [
  [
   0, 
   1
  ]
 ], 
 "line_pt_pairs": [
  [
   [
    0.99999836973544187, 
    0.0018056927917981735, 
    0.0
   ], 
   [
    0.0, 
    0.0, 
    0.0
   ]
  ], 
  [
   [
    1.499998369735442, 
    0.037553125452902153, 
    0.0
   ], 
   [
    0.5, 
    0.035747432661103945, 
    0.0
   ]
  ]
 ], 
 "clamp_gap": 0.016, 
 "clamp_dist": null, 
 "contact_t_pairs": [], 
 "radius": [
  0.002, 
  0.002
 ], 
 "collision_id_pairs": [], 
 "boundary_vertices": [
  1
 ]
}