{
"contact_id_pairs": [
[
5,
6
],
[
6,
7
],
[
7,
5
],
[
5,
0
],
[
0,
3
],
[
3,
4
],
[
4,
2
],
[
2,
3
],
[
3,
1
],
[
1,
7
],
[
7,
8
],
[
8,
2
]
],
"contact_t_bound_pairs": [
[
[
0.6,
0.9
],
[
0.1,
0.4
]
],
[
[
0.6,
0.9
],
[
0.1,
0.4
]
],
[
[
0.6,
0.9
],
[
0.1,
0.4
]
],
[
[
0.6,
0.9
],
[
0.6,
0.9
]
],
[
[
0.1,
0.4
],
[
0.1,
0.4
]
],
[
[
0.6,
0.9
],
[
0.1,
0.4
]
],
[
[
0.6,
0.9
],
[
0.1,
0.4
]
],
[
[
0.6,
0.9
],
[
0.1,
0.4
]
],
[
[
0.6,
0.9
],
[
0.1,
0.4
]
],
[
[
0.6,
0.9
],
[
0.1,
0.4
]
],
[
[
0.6,
0.9
],
[
0.6,
0.9
]
],
[
[
0.1,
0.4
],
[
0.1,
0.4
]
]
],
"line_pt_pairs": [
[
[
3.2943082774057157,
3.732928699435058,
1.9839385758034174
],
[
3.340306511690084,
3.9329286966426826,
0.1
]
],
[
[
4.925584681894818,
1.9656898849131001,
1.9893802205933495
],
[
5.125584680171682,
1.7656899121085763,
0.1
]
],
[
[
2.0487089654671493,
1.3952597391740271,
1.84115107183981
],
[
3.5301205602566683,
4.017839654043979,
1.8354134587185948
]
],
[
[
3.1403065204381373,
4.018886463888539,
1.8000000032429249
],
[
5.115639239766843,
1.6894439496120601,
1.8000000102540916
]
],
[
[
5.253382836400198,
1.9645197473869145,
1.8306400704345807
],
[
1.8680489242776837,
1.750438396575597,
1.8823839744197617
]
],
[
[
2.003664683440283,
1.5576970334763574,
0.0
],
[
3.5403065111558933,
4.132928696218714,
0.2999999996323969
]
],
[
[
3.1519749783590636,
4.052434616391109,
0.2218499668637893
],
[
4.969984438904895,
1.6196812771450413,
0.2509967806179901
]
],
[
[
5.325584679909619,
1.9656899099265859,
0.2999999942398352
],
[
1.803664684064644,
1.7576970330755985,
0.19999999250268835
]
],
[
[
2.181224694412136,
1.699574989990229,
2.120586927685914
],
[
2.194905289706994,
1.7512635579013571,
-0.07111211220801418
]
]
],
"contact_t_pairs": [
[
0.868974283794026,
0.10473713970643601
],
[
0.871947998581993,
0.16735285255311516
],
[
0.899999999876733,
0.10000000025068964
],
[
0.8999999999121873,
0.8999999997796007
],
[
0.1000000016008267,
0.10000000393657629
],
[
0.8916396020248892,
0.10376201235882912
],
[
0.8829830903536802,
0.14507490048577698
],
[
0.8950615768909381,
0.11861357407031975
],
[
0.899999964570706,
0.10000000729207863
],
[
0.8834824627653209,
0.10000000006040148
],
[
0.8900206189062655,
0.8716631308930294
],
[
0.12768874488583679,
0.11179900339387579
]
],
"half_couplers": [
{
"pose": [
[
-0.8549932409474528,
-0.09499138832615142,
0.5098658589060864,
3.3389669151273984
],
[
0.516121172657726,
-0.0590817706910427,
0.8544754411370901,
3.7955071232115953
],
[
-0.051044030685132,
0.9937232917245531,
0.09954158133932767,
0.2606922848187701
],
[
0.0,
0.0,
0.0,
1.0
]
],
"at_element": 5,
"to_element": 6
},
{
"pose": [
[
-0.7954033993117944,
0.09499138832562393,
0.5985900671638423,
3.3423880892158744
],
[
-0.5957445011118621,
0.05908177069091691,
-0.800998023572471,
3.797634990027195
],
[
-0.11145367539126458,
-0.9937232917246113,
0.009596756003056428,
0.22490272076796047
],
[
0.0,
0.0,
0.0,
1.0
]
],
"at_element": 6,
"to_element": 5
},
{
"pose": [
[
-0.8005709188126846,
0.02785920752441251,
0.5985900671641032,
4.7371846888851294
],
[
-0.5986016701892602,
0.008843454071971957,
-0.8009980235722839,
1.9312002111918398
],
[
-0.02760877393224881,
-0.9995727376615414,
0.009596756002386186,
0.24726447278180677
],
[
0.0,
0.0,
0.0,
1.0
]
],
"at_element": 6,
"to_element": 7
},
{
"pose": [
[
0.05915566980102116,
-0.02785920752445631,
-0.9978599457271052,
4.736181322141107
],
[
-0.9982229282270729,
-0.008843454071913781,
-0.058930288323115254,
1.9308817086748444
],
[
-0.007182777468370483,
0.9995727376615404,
-0.028332840162126782,
0.2832647086938072
],
[
0.0,
0.0,
0.0,
1.0
]
],
"at_element": 7,
"to_element": 6
},
{
"pose": [
[
0.06652516780867734,
-0.011748927120511787,
-0.9977155730765879,
2.155856684083278
],
[
-0.9770050647219536,
-0.20377491398404723,
-0.0627446247773093,
1.7784963207863358
],
[
-0.2025722230605136,
0.9789472647401958,
-0.02503492164977672,
0.20999999268872974
],
[
0.0,
0.0,
0.0,
1.0
]
],
"at_element": 7,
"to_element": 5
},
{
"pose": [
[
0.855457588240051,
-0.0030782052389267123,
0.5178637266453622,
2.1573288665970645
],
[
-0.5106591112133227,
0.16131161245577952,
0.8445151483672367,
1.815220200396177
],
[
-0.08613702373157947,
-0.9868987224327649,
0.13642332939509239,
0.030000000038446578
],
[
0.0,
0.0,
0.0,
1.0
]
],
"at_element": 5,
"to_element": 7
},
{
"pose": [
[
0.24370590538182801,
0.7966149401475047,
0.553183576053927,
3.3866423282493954
],
[
-0.22969877867352478,
-0.5067435399715494,
0.8309328828328995,
3.8754055297183405
],
[
0.9422557523082118,
-0.32956884232416406,
0.05948508561980603,
0.26999999964281335
],
[
0.0,
0.0,
0.0,
1.0
]
],
"at_element": 5,
"to_element": 0
},
{
"pose": [
[
-0.6207472776111043,
-0.783273929862002,
-0.033981879538050104,
3.335706688251509
],
[
-0.768538465218791,
0.5993566667071919,
0.22387544204934465,
3.9129286968778407
],
[
-0.15498853124521197,
0.16508645272153608,
-0.9740251630785892,
0.28839385799556055
],
[
0.0,
0.0,
0.0,
1.0
]
],
"at_element": 0,
"to_element": 5
},
{
"pose": [
[
0.6496937675894999,
-0.7598084354010609,
0.024272409207838585,
3.298908100907788
],
[
-0.7574506601381862,
-0.644306289577157,
0.10553626233453174,
3.752928699475986
],
[
-0.06454847644667558,
-0.08695140427105728,
-0.9941191817300905,
1.7955447152072164
],
[
0.0,
0.0,
0.0,
1.0
]
],
"at_element": 0,
"to_element": 3
},
{
"pose": [
[
0.06631758696516532,
0.7598084353153818,
0.6467558420939922,
3.337839800147056
],
[
0.05623632766904124,
0.6443062895339524,
-0.762697109419782,
3.7859422032908636
],
[
-0.996212554181796,
0.08695140533989099,
2.254273434587617e-09,
1.8000000039440416
],
[
0.0,
0.0,
0.0,
1.0
]
],
"at_element": 3,
"to_element": 0
},
{
"pose": [
[
-0.7625591841627748,
-0.014504177041095967,
0.6467558422599395,
4.901591400167126
],
[
-0.6466388837396361,
-0.012299330604598646,
-0.7626971092790611,
1.941863267519202
],
[
0.019016957826126224,
-0.9998191613062031,
2.6601746361265555e-09,
1.8000000094943587
],
[
0.0,
0.0,
0.0,
1.0
]
],
"at_element": 3,
"to_element": 4
},
{
"pose": [
[
0.06328065924415016,
0.0145041779248134,
-0.9978903682210543,
4.902113777171779
],
[
-0.9979311356921419,
0.012299332040748956,
-0.06310447565381977,
1.9423062356182357
],
[
0.011358106436280935,
0.9998191612757164,
0.015252480588591188,
1.8360091220393853
],
[
0.0,
0.0,
0.0,
1.0
]
],
"at_element": 4,
"to_element": 3
},
{
"pose": [
[
0.06299333620888015,
0.01570517537924604,
-0.997890368256745,
2.2641902367951463
],
[
-0.997984544359561,
-0.006683896114101806,
-0.06310447489818338,
1.7754895346604471
],
[
-0.007660862400181989,
0.9998543258890483,
0.01525248137984292,
1.8763290626823799
],
[
0.0,
0.0,
0.0,
1.0
]
],
"at_element": 4,
"to_element": 2
},
{
"pose": [
[
0.8705519562959858,
-0.01570517516982156,
0.49182582167075894,
2.263624605159715
],
[
-0.49178409180045185,
0.006683896187367422,
0.8706915255035856,
1.7757302593397828
],
[
-0.016961675661227,
-0.999854325891848,
-0.0019048764058657852,
1.840318688187224
],
[
0.0,
0.0,
0.0,
1.0
]
],
"at_element": 2,
"to_element": 4
},
{
"pose": [
[
-0.870692232313804,
0.001548474260838345,
0.4918258216237412,
3.374663563523976
],
[
0.491827757629943,
0.0013130862296589774,
0.870691525529711,
3.7426302533000286
],
[
0.0007024337026479976,
0.9999979390138847,
-0.0019048766039779785,
1.836015554791945
],
[
0.0,
0.0,
0.0,
1.0
]
],
"at_element": 2,
"to_element": 3
},
{
"pose": [
[
-0.7626955374628048,
-0.0015484742611865943,
0.6467558421551255,
3.3746077942557586
],
[
-0.646754509196759,
-0.0013130862290273715,
-0.7626971093679419,
3.742582961678854
],
[
0.0020302630328145055,
-0.999997939013885,
2.2963854151569763e-09,
1.8000000040745443
],
[
0.0,
0.0,
0.0,
1.0
]
],
"at_element": 3,
"to_element": 2
},
{
"pose": [
[
-0.009359839841678763,
-0.7626396750983222,
0.6467558421568866,
4.918105897849328
],
[
-0.00793700241982348,
-0.6467071387859049,
-0.7626971093664486,
1.9223882835702117
],
[
0.9999246958600063,
-0.012272025475615345,
2.296797307899112e-09,
1.8000000095529747
],
[
0.0,
0.0,
0.0,
1.0
]
],
"at_element": 3,