{
"contact_id_pairs": [
[
2,
3
],
[
1,
3
],
[
1,
2
]
],
"nstatus": 0,
"opt_line_pos": [
[
0.3860863539280359,
-0.1032347187369913,
0.3704553648873813
],
[
0.34483791699224864,
-0.1532347187369913,
-0.42273240198798256
],
[
-0.20695850409876812,
0.45104057588329893,
-0.42273240198798256
],
[
-0.25238388934811207,
-0.41157680707694727,
-0.4112923840097333
]
],
"opt_line_orient": [
[
0.0,
0.0,
-1.0
],
[
-0.7235363958215121,
0.688550090288395,
-0.048927058826988785
],
[
-0.10262449105691648,
-0.9944462290794555,
-0.023343335343526967
],
[
0.8924370744480855,
0.4444747678862961,
-0.07744836255832406
]
]
}