{
"contact_id_pairs": [
[
0,
11
],
[
0,
12
],
[
0,
4
],
[
0,
7
],
[
4,
7
],
[
4,
9
],
[
10,
12
],
[
10,
13
],
[
12,
13
],
[
5,
9
],
[
5,
13
],
[
8,
9
],
[
10,
11
],
[
10,
14
],
[
6,
7
],
[
6,
8
],
[
6,
14
],
[
7,
14
],
[
2,
3
],
[
2,
5
],
[
3,
5
],
[
1,
3
],
[
3,
4
],
[
1,
2
],
[
1,
6
],
[
2,
6
]
],
"nstatus": 0,
"opt_line_pos": [
[
0.3860863539280359,
-0.1032347187369913,
0.3704553648873813
],
[
0.41928802706902996,
-0.08777418253831432,
-0.4222571798253335
],
[
-0.22413601552974968,
0.43367525644055793,
-0.3983410507813307
],
[
-0.22318492076823793,
-0.4219252820713472,
-0.37043569688230754
],
[
0.3563228750910915,
-0.08124832603216375,
-0.04772296289939891
],
[
-0.25236877502649274,
-0.33061959686354453,
0.02376778460325134
],
[
-0.1678386933630174,
0.4441621399355582,
-0.033690384967025866
],
[
0.34609283639247307,
-0.11464810706607519,
-0.012700133292971266
],
[
-0.20541663192065612,
0.4356078334615523,
-0.03016591309366005
],
[
-0.24767419207291638,
-0.3804166738556787,
-0.04108501380895705
],
[
-0.21015564047085658,
0.47142326788920336,
0.33246192054503554
],
[
0.4161278502793848,
-0.08253004016047322,
0.3484836482908001
],
[
-0.24311293892228067,
-0.3919310236540461,
0.33076420918563393
],
[
-0.20067425683512788,
-0.33528202070499613,
0.3751319629011763
],
[
-0.17369081130228162,
0.43328425296253614,
0.35471661662797904
]
],
"opt_line_orient": [
[
0.0,
0.0,
-1.0
],
[
-0.7448820121893883,
0.667046757850184,
-0.014121287414604689
],
[
-0.07826707279355255,
-0.9969322263885554,
0.0006334858224015377
],
[
0.9126245193989782,
0.3919662458353809,
-0.11609887474692362
],
[
-0.06806616345377824,
-0.15974265014845437,
-0.9848092623022147
],
[
-0.002609659303274983,
-0.16268729091267914,
-0.9866742294464845
],
[
-0.059218903230156016,
-0.08319645330567044,
-0.9947720702038105
],
[
-0.712295919394315,
0.6883891999098007,
-0.13694828462507944
],
[
-0.15123912989260513,
-0.9877639343244288,
-0.038067514198503724
],
[
0.8692881060979257,
0.47459863049957685,
-0.13818222940960148
],
[
0.050386362588059445,
-0.9972435336651694,
-0.05446603554648411
],
[
-0.692859859221135,
0.7192342942900821,
-0.051451388680158035
],
[
0.882910316586254,
0.46212438232029834,
-0.0831289849008366
],
[
-0.060547336469263566,
0.09769110285288106,
-0.9933732775094495
],
[
0.06716554546018244,
-0.05535439082524804,
-0.9962051399784092
]
]
}