{
"line_pt_pairs": [
[
[
0.3860863539280359,
-0.1032347187369913,
0.450431615690049
],
[
0.3860863539280359,
-0.1032347187369913,
-0.149568384309951
]
],
[
[
-0.20321271815680939,
-0.3879097422073432,
0.4563769835226857
],
[
-0.19745502367281867,
-0.3682888045749285,
-0.1432744717083126
]
],
[
[
-0.15079134109633754,
0.4795716956946941,
0.4875792575632492
],
[
-0.1345452610824106,
0.4985774254313247,
-0.11189955534122631
]
],
[
[
-0.3738444038420097,
-0.4273246979280028,
0.38157461346117755
],
[
0.5264915517739426,
0.00393621540910738,
0.3231863299382674
]
],
[
[
0.4113828157563174,
-0.21247406592305768,
0.3681169047859067
],
[
-0.3000104465411767,
0.4893402890752704,
0.4052145795918778
]
],
[
[
-0.1795193418019673,
0.5501812907693494,
0.3750684444782771
],
[
-0.2417870019064503,
-0.44551359752999203,
0.3064067526867509
]
],
[
[
-0.3894714371538659,
-0.4734043889220537,
-0.3608350391609312
],
[
0.5038701629375437,
-0.02763174890639719,
-0.417646472513663
]
],
[
[
0.4328176462236189,
-0.15514550036200037,
-0.3698731150832784
],
[
-0.23568116098391884,
0.5874420679958706,
-0.4107760255230473
]
],
[
[
-0.17738714928515528,
0.5550659817173128,
-0.3701317472678284
],
[
-0.26491858067290175,
-0.4404426680843234,
-0.406198029157367
]
],
[
[
-0.1711626604970466,
0.532125104609795,
0.005716247995482102
],
[
-0.24079591338145684,
-0.4629835849721367,
-0.0643544735026328
]
],
[
[
0.47465733442745794,
-0.10176213918376793,
-0.005092840234524019
],
[
-0.26996816157985304,
0.5612735206043906,
0.07182649767960135
]
],
[
[
-0.3526506786497196,
-0.40435719350336274,
0.011374202186296749
],
[
0.5540273617151205,
0.013879379487273635,
-0.04351751060554049
]
],
[
[
-0.2022997475617493,
-0.4356534755211722,
0.0824241424134049
],
[
-0.20295846549028695,
-0.41565236968280994,
-0.5172420329341241
]
],
[
[
-0.24034016468016836,
0.4847530595544274,
0.1452076880220473
],
[
-0.2170447963695815,
0.4785958828383808,
-0.4543082959101256
]
],
[
[
0.3997577995852713,
-0.13721538965183108,
0.12807354146805616
],
[
0.3349465687840037,
-0.15015784816258745,
-0.46827534729566267
]
]
],
"contact_id_pairs": [
[
0,
3
],
[
3,
4
],
[
0,
11
],
[
0,
14
],
[
10,
11
],
[
1,
3
],
[
1,
5
],
[
1,
9
],
[
1,
11
],
[
9,
12
],
[
2,
5
],
[
4,
5
],
[
2,
9
],
[
2,
10
],
[
10,
13
],
[
6,
8
],
[
6,
12
],
[
6,
7
],
[
6,
14
],
[
7,
8
],
[
8,
13
]
],
"contact_t_pairs": [
[
0.19521867889784067,
0.8267789734029654
],
[
0.7480569449196071,
0.15398454541211967
],
[
0.8047813211021595,
0.7981419585810132
],
[
0.6388096728064571,
0.10216792654412166
],
[
0.07615428643899433,
0.8469442432019526
],
[
0.14313381592076868,
0.17322102659703473
],
[
0.24221264695567768,
0.9350988199748375
],
[
0.8568661840792314,
0.9051182861587546
],
[
0.7576567050609441,
0.15305575679804764
],
[
0.9651768833379517,
0.24090322137688863
],
[
0.19361303381921885,
0.06490118002516258
],
[
0.8460154545878812,
0.16718641217282565
],
[
0.8063869661807812,
0.03482311666204834
],
[
0.7094072089733858,
0.856711969791192
],
[
0.9238457135610056,
0.13326541653484808
],
[
0.14617345168163984,
0.96608182957853
],
[
0.19103658837588747,
0.7590967786231112
],
[
0.8538265483183601,
0.0877133661033868
],
[
0.8003944743918014,
0.897832073455876
],
[
0.9122866338966129,
0.033918170421469926
],
[
0.07920724919730214,
0.8667345834651521
]
],
"half_couplers": [
{
"pose": [
[
0.9018745997975053,
0.4319979238840041,
-3.5024959595103576e-16,
0.3860863539280359
],
[
0.4319979238840041,
-0.9018745997975053,
1.5419768783598994e-15,
-0.1032347187369913
],
[
3.5024959595103576e-16,
-1.5419768783598994e-15,
-1.0,
0.33330040835134456
],
[
0.0,
0.0,
0.0,
1.0
]
],
"at_element": 0,
"to_element": 3
},
{
"pose": [
[
-0.05265890983508914,
-0.43199792388400426,
0.9003359556159524,
0.3705344332599251
],
[
-0.025223617261045245,
0.9018745997975052,
0.4312609133371099,
-0.07076724273032163
],
[
-0.9982939488683923,
2.858824288409778e-15,
-0.058388283522910145,
0.33330040835134467
],
[
0.0,
0.0,
0.0,
1.0
]
],
"at_element": 3,
"to_element": 0
},
{
"pose": [
[
0.43095769407391127,
-0.0605857486840517,
0.9003359556159523,
0.2996581605173345
],
[
-0.9021857713532189,
-0.008652086190013009,
0.43126091333711003,
-0.10471697663380475
],
[
-0.01833848102473984,
-0.9981254973503851,
-0.05838828352291037,
0.33789685246992957
],
[
0.0,
0.0,
0.0,
1.0
]
],
"at_element": 3,
"to_element": 4
},
{
"pose": [
[
-0.7001778298504762,
0.0605857486840522,
-0.7113932622974939,
0.30183924765219294
],
[
-0.7123073441449562,
0.008652086190011232,
0.7018143549983284,
-0.10440550150494014
],
[
0.04867498395518016,
0.9981254973503852,
0.03709767480596948,
0.37382937337675076
],
[
0.0,
0.0,
0.0,
1.0
]
],
"at_element": 4,
"to_element": 3
},
{
"pose": [
[
0.9080470908195317,
0.41886809481528314,
-8.462644567934983e-17,
0.3860863539280359
],
[
0.41886809481528314,
-0.9080470908195317,
3.8549425340234585e-16,
-0.1032347187369913
],
[
8.462644567934983e-17,
-3.8549425340234585e-16,
-1.0,
-0.032437176971246706
],
[
0.0,
0.0,
0.0,
1.0
]
],
"at_element": 0,
"to_element": 11
},
{
"pose": [
[
-0.04984426011072807,
-0.41886809481528464,
0.9066780403648407,
0.3710071082894688
],
[
-0.022992387158265182,
0.908047090819531,
0.41823657299063494,
-0.07054503598640532
],
[
-0.9984923133739079,
-8.326672684688674e-16,
-0.05489171279183669,
-0.03243717697124668
],
[
0.0,
0.0,
0.0,
1.0
]
],
"at_element": 11,
"to_element": 0
},
{
"pose": [
[
-0.9806382104810538,
-0.19582824143753227,
1.6389147907370451e-15,
0.3860863539280359
],
[
-0.19582824143753227,
0.9806382104810538,
-1.6576246788652454e-14,
-0.1032347187369913
],
[
1.6389147907370451e-15,
-1.6576246788652454e-14,
-1.0,
0.06714581200617477
],
[
0.0,
0.0,
0.0,
1.0
]
],
"at_element": 0,
"to_element": 14
},
{
"pose": [
[
0.9746708451660306,
0.19582824143753133,
-0.10801871800211095,
0.39313617051753325
],
[
0.19463659028303995,
-0.980638210481054,
-0.02157076418461113,
-0.1385376938022584
],
[
-0.11015144713678378,
1.5971599043318463e-14,
-0.9939148146061978,
0.06714581200617596
],
[
0.0,
0.0,
0.0,
1.0
]
],
"at_element": 14,
"to_element": 0
},
{
"pose": [
[
-0.6632685429481975,
0.07488464883566348,
-0.7446254960073111,
0.4179509111147389
],
[
-0.7479236037494611,
-0.03152771485060035,
0.6630356597881581,
-0.05126913162899291
],
[
0.0261748522401532,
0.9966936804079067,
0.07691933791412642,
0.0007648970576860812
],
[
0.0,
0.0,
0.0,
1.0
]
],
"at_element": 10,
"to_element": 11
},
{
"pose": [
[
0.41512313894666475,
-0.0748846488356647,
0.9066780403648405,
0.4152550680749093
],
[
-0.9077908196326663,
0.0315277148505998,
0.41823657299063566,
-0.05013413571243
],
[
-0.05990498561655894,
-0.9966936804079067,
-0.054891712791836245,
-0.035116017962244776
],
[
0.0,
0.0,
0.0,
1.0
]
],
"at_element": 11,
"to_element": 10
},
{
"pose": [
[
0.9025304808369031,
0.43051904130021434,
0.00959615747331774,
-0.20238859737440984
],
[
0.4300253262823863,
-0.9022243770544842,
0.03270156272069169,
-0.3851013225320723
],
[
0.022736532630011845,
-0.025387566377903396,
-0.9994190920516639,
0.3705465825130309
],
[
0.0,
0.0,
0.0,
1.0
]
],
"at_element": 1,
"to_element": 3
},
{
"pose": [
[
-0.06362799779227979,
-0.43051904130021446,
0.9003359556159524,
-0.21788728532799215
],
[
-0.00227992900983498,
0.902224377054484,
0.43126091333711003,
-0.35262123978857374
],
[
-0.9979710816555037,
0.02538756637790382,
-0.05838828352291037,
0.37146053504810034
],
[
0.0,
0.0,
0.0,
1.0
]
],
"at_element": 3,
"to_element": 1
},
{
"pose": [
[
0.06264738033528716,
0.9979895888729868,
0.009596157473318084,
-0.20181813173547988
],
[
0.9974820438241743,
-0.06292996141721963,
0.0327015627206909,
-0.3831573029676438
],
[
0.03323970495467597,
0.007523327532022572,
-0.9994190920516637,
0.31113381730036155
],
[
0.0,
0.0,
0.0,
1.0
]
],
"at_element": 1,