{
"contact_id_pairs": [
[
0,
4
],
[
0,
7
],
[
4,
7
],
[
4,
9
],
[
5,
9
],
[
8,
9
],
[
6,
7
],
[
6,
8
],
[
2,
3
],
[
2,
5
],
[
3,
5
],
[
1,
3
],
[
3,
4
],
[
1,
2
],
[
1,
6
],
[
2,
6
]
],
"nstatus": 0,
"opt_line_pos": [
[
0.3860863539280359,
-0.1032347187369913,
0.3704553648873813
],
[
0.42878760793735965,
-0.14673603008303604,
-0.3846018515163909
],
[
-0.1674666670829043,
0.43329168545848057,
-0.36429685773715875
],
[
-0.2523877871889877,
-0.3752091072843069,
-0.36751489428140516
],
[
0.3515367949028559,
-0.08969766268719385,
-0.04772296289939891
],
[
-0.23704878523116,
-0.3641489851894798,
-0.028177794406903624
],
[
-0.19869893842686628,
0.43328496042951303,
0.012088909277122431
],
[
0.3360972811268277,
-0.10634158201650017,
0.03631316262213156
],
[
-0.23365714828796152,
0.441467423826554,
0.04731615634195161
],
[
-0.24713252865274873,
-0.3308927882475735,
-0.04488674699966341
]
],
"opt_line_orient": [
[
0.0,
0.0,
-1.0
],
[
-0.77373762523296,
0.632965490499154,
-0.02616820849857696
],
[
-0.07111083065277105,
-0.9961135006733499,
-0.05197252678249463
],
[
0.9418439222146731,
0.32761432512866473,
-0.07482566510075703
],
[
-0.0946795008780939,
-0.13309940115886607,
-0.9865699881532106
],
[
-0.07178563508922359,
-0.15375757140456445,
-0.9854975554665811
],
[
-0.01541360823287457,
-0.03546686896064734,
-0.9992519811776066
],
[
-0.734812351247373,
0.6708978600302098,
-0.09973399551403002
],
[
-0.09641396571767846,
-0.9932546439973189,
-0.06441707376425743
],
[
0.9055553075993336,
0.42064617679667216,
-0.055012533344858734
]
]
}