{
"contact_id_pairs": [
[
0,
4
],
[
2,
3
],
[
2,
5
],
[
3,
5
],
[
1,
3
],
[
1,
4
],
[
3,
4
],
[
1,
2
],
[
1,
6
],
[
2,
6
]
],
"nstatus": 0,
"opt_line_pos": [
[
0.3860863539280359,
-0.1032347187369913,
0.3704553648873813
],
[
0.3952129250045911,
-0.10918159377858203,
-0.42273240198798256
],
[
-0.21699000430308174,
0.4332874030151912,
-0.40772446478733004
],
[
-0.2523877871889877,
-0.39190278424615543,
-0.3821147105599076
],
[
0.35238207467988947,
-0.08938913739374517,
-0.04185436527427089
],
[
-0.252386702627167,
-0.3340734849111108,
0.001240934471593575
],
[
-0.14837157177083599,
0.43328496042951303,
-0.03560745760159035
]
],
"opt_line_orient": [
[
0.0,
0.0,
-1.0
],
[
-0.7269666277228646,
0.6862140621280567,
-0.025095479970653724
],
[
-0.1390757595970745,
-0.9902813554370645,
-0.0008775911502666211
],
[
0.9195743607622168,
0.37816559811648376,
-0.1066479040111078
],
[
-0.02917155707257938,
-0.048133018559303256,
-0.9984148600568459
],
[
-0.09943665337131125,
-0.09001544696285187,
-0.9909639606334794
],
[
-0.09945102367736135,
-0.09943303083769774,
-0.9900619002203623
]
]
}