{
"contact_id_pairs": [
[
0,
4
],
[
0,
7
],
[
4,
7
],
[
7,
9
],
[
5,
8
],
[
5,
9
],
[
8,
9
],
[
6,
7
],
[
6,
8
],
[
2,
3
],
[
2,
5
],
[
3,
5
],
[
1,
3
],
[
1,
4
],
[
3,
4
],
[
1,
2
],
[
1,
6
],
[
2,
6
]
],
"nstatus": 0,
"opt_line_pos": [
[
0.3860863539280359,
-0.1032347187369913,
0.3704553648873813
],
[
0.35257781490467444,
-0.1105805014924878,
-0.42163351272045296
],
[
-0.2119973943759807,
0.43328567146827673,
-0.42273083584182986
],
[
-0.25238861801017176,
-0.38965599796576245,
-0.3543865598959323
],
[
0.3596081153481106,
-0.07792936551079183,
-0.047331844518969386
],
[
-0.2503817507380837,
-0.3444105606641484,
-0.034833525871542204
],
[
-0.1576840458777478,
0.4369715397661857,
-0.04772126715431813
],
[
0.4114765343038249,
-0.07770061112494746,
-0.04581011289796001
],
[
-0.1900906510194568,
0.4336741209677664,
0.03190439510897758
],
[
-0.21664331685080807,
-0.36949012112587504,
0.025470949429854547
]
],
"opt_line_orient": [
[
0.0,
0.0,
-1.0
],
[
-0.7106405848229131,
0.7019323874104251,
-0.047758587781145175
],
[
-0.1587257821034055,
-0.985827552794423,
0.054315396040361244
],
[
0.9268412657233503,
0.34601844797488407,
-0.14572749161839793
],
[
-0.09483533483599274,
-0.14546560106956685,
-0.9848076046477378
],
[
-0.15559164276550458,
-0.07710028752647012,
-0.9848079946694521
],
[
-0.07106524463785012,
-0.15843593759107902,
-0.9848085015292051
],
[
-0.717795205088785,
0.682367938921789,
-0.13836198713222844
],
[
-0.11681669692580277,
-0.9923610314518797,
-0.03966664310358025
],
[
0.9395159405818354,
0.31634427306227614,
-0.13128632180592606
]
]
}