{
"line_pt_pairs": [
[
[
0.3860863539280359,
-0.1032347187369913,
0.32524682467164867
],
[
0.3860863539280359,
-0.1032347187369913,
-0.2747531753283513
]
],
[
[
0.4531176703926157,
-0.1869235068745837,
-0.42043250779593927
],
[
-0.34210020771752403,
0.41928312023956726,
-0.4323510470055867
]
],
[
[
-0.23046274861357327,
0.46936241801729345,
-0.40928339262523167
],
[
-0.32657793018329373,
-0.5192635812214315,
-0.2936092576552556
]
],
[
[
-0.41537007653871527,
-0.5056847347828927,
-0.32076398119706717
],
[
0.4951002112858156,
-0.12051004829761075,
-0.4713771143551047
]
],
[
[
0.3526601180421786,
-0.08856074479387245,
0.09183258971504679
],
[
0.33613960518416347,
-0.15407379067827626,
-0.5043512019749455
]
],
[
[
-0.23189993244311838,
-0.41663957083098907,
0.12631560830281144
],
[
-0.2977301205593348,
-0.40940646689163224,
-0.4700182483077168
]
],
[
[
-0.21140126217483343,
0.47094764234478703,
0.08591589274936473
],
[
-0.28468116659781756,
0.40621819809376386,
-0.5060639672583149
]
],
[
[
0.47227235186155786,
-0.13447607275418144,
-0.03712992476215969
],
[
-0.2574861794204515,
0.5471658185616407,
0.01594377893857883
]
],
[
[
-0.1923104605438987,
0.5494970963137046,
-0.05086674402993918
],
[
-0.18623917560228506,
-0.45011715524856977,
-0.023765312836144224
]
],
[
[
-0.3954631613656197,
-0.4323583137891561,
-0.01608368677325757
],
[
0.5354335726835676,
-0.08609107412688588,
0.10023599889184599
]
]
],
"contact_id_pairs": [
[
0,
4
],
[
0,
7
],
[
0,
9
],
[
5,
9
],
[
8,
9
],
[
6,
7
],
[
6,
8
],
[
2,
3
],
[
2,
5
],
[
3,
5
],
[
1,
3
],
[
1,
4
],
[
3,
4
],
[
1,
2
],
[
1,
6
],
[
2,
6
]
],
"contact_t_pairs": [
[
0.47807654860157633,
0.08962285615460926
],
[
0.5964930534467736,
0.08442820178916288
],
[
0.4035069465532262,
0.8530485871381515
],
[
0.21316831196251104,
0.1469514128618485
],
[
0.9073146157002441,
0.21898860987982377
],
[
0.11591239851330976,
0.9155717982108371
],
[
0.21932793489141994,
0.09268538429975604
],
[
0.9440214463685856,
0.0987127512152474
],
[
0.886866322717217,
0.7327860373104577
],
[
0.15970808456985613,
0.7868316880374889
],
[
0.05572624904658897,
0.9012872487847529
],
[
0.1167540732692998,
0.855320048077534
],
[
0.8428715996866968,
0.9103771438453904
],
[
0.8774399272548932,
0.12182449218145629
],
[
0.9442737509534112,
0.8840876014866902
],
[
0.05597855363141411,
0.8188631392938625
]
],
"half_couplers": [
{
"pose": [
[
0.24451670350810206,
0.9696450802770727,
-2.395328730411794e-14,
0.3860863539280359
],
[
0.9696450802770727,
-0.24451670350810217,
3.0743482084584135e-14,
-0.1032347187369913
],
[
2.395328730411794e-14,
-3.0743482084584135e-14,
-1.0,
0.03840089551070286
],
[
0.0,
0.0,
0.0,
1.0
]
],
"at_element": 0,
"to_element": 4
},
{
"pose": [
[
-0.24296149238165898,
-0.9696450802770731,
-0.027534188096716386,
0.3511795024947043
],
[
-0.963477800921891,
0.2445167035081005,
-0.1091884098073085,
-0.09443221108142069
],
[
0.11260657330011468,
3.0156432906380815e-14,
-0.9936396528166567,
0.03840089551070507
],
[
0.0,
0.0,
0.0,
1.0
]
],
"at_element": 4,
"to_element": 0
},
{
"pose": [
[
0.7307885062247153,
-0.6826039548448641,
-3.800857398704182e-17,
0.3860863539280359
],
[
-0.6826039548448641,
-0.7307885062247153,
-9.637331065524612e-17,
-0.1032347187369913
],
[
3.800857398704182e-17,
9.637331065524612e-17,
-1.0,
-0.03264900739641549
],
[
0.0,
0.0,
0.0,
1.0
]
],
"at_element": 0,
"to_element": 7
},
{
"pose": [
[
0.03878565264727596,
0.6826039548448644,
-0.7297585312820094,
0.41066015132511724
],
[
-0.03622832004438842,
0.7307885062247151,
0.681641891315822,
-0.07692627360622256
],
[
0.998590597780435,
-3.885780586188048e-16,
0.053073703700738495,
-0.0326490073964155
],
[
0.0,
0.0,
0.0,
1.0
]
],
"at_element": 7,
"to_element": 0
},
{
"pose": [
[
-0.9372590115762556,
-0.34863382684286465,
-1.0406324994896608e-16,
0.3860863539280359
],
[
-0.34863382684286465,
0.9372590115762556,
5.782498805786002e-16,
-0.1032347187369913
],
[
-1.0406324994896608e-16,
5.782498805786002e-16,
-1.0,
0.08314265673971295
],
[
0.0,
0.0,
0.0,
1.0
]
],
"at_element": 0,
"to_element": 9
},
{
"pose": [
[
-0.10902167361333648,
0.34863382684286687,
0.930896734049188,
0.3986369823865591
],
[
-0.0405529771505832,
-0.9372590115762547,
0.34626723966226775,
-0.13697553422302883
],
[
0.9932118257082783,
1.4988010832439613e-15,
0.11631968566510398,
0.08314265673971291
],
[
0.0,
0.0,
0.0,
1.0
]
],
"at_element": 9,
"to_element": 0
},
{
"pose": [
[
0.9288961731882922,
0.35371469250417464,
-0.10971698019369401,
-0.24593284252002678
],
[
0.3570804915784268,
-0.9339958219031008,
0.012055173232261455,
-0.415097702273987
],
[
-0.09821110919980157,
-0.050375797504634376,
-0.9938897610175468,
-0.0008038732769489881
],
[
0.0,
0.0,
0.0,
1.0
]
],
"at_element": 5,
"to_element": 9
},
{
"pose": [
[
0.09119861206857327,
-0.3537146925041744,
0.9308967340491874,
-0.2586665710686112
],
[
0.08803864721940202,
0.9339958219031012,
0.3462672396622705,
-0.38147385369301323
],
[
-0.9919334704265925,
0.05037579750463478,
0.11631968566510342,
0.0010096553788755073
],
[
0.0,
0.0,
0.0,
1.0
]
],
"at_element": 9,
"to_element": 5
},
{
"pose": [
[
-0.9910325003834894,
0.13348304267886393,
0.006071284941613603,
-0.18680189498029182
],
[
-0.009632456263191251,
-0.02604925833746541,
-0.9996142515622743,
-0.35746752419100747
],
[
-0.13327339933380322,
-0.9907086925313924,
0.027101431193795378,
-0.026277219401414503
],
[
0.0,
0.0,
0.0,
1.0
]
],
"at_element": 8,
"to_element": 9
},
{
"pose": [
[
-0.3400199227306382,
-0.13348304267886324,
0.9308967340491876,
-0.19160737963452018
],
[
0.9377741918376409,
0.026049258337466408,
0.3462672396622695,
-0.3565297323285918
],
[
-0.07046997424088192,
0.9907086925313924,
0.11631968566510442,
0.009388999492201523
],
[
0.0,
0.0,
0.0,
1.0
]
],
"at_element": 9,
"to_element": 8
},
{
"pose": [
[
0.734746791192314,
-0.667256053274848,
-0.12213317403830687,
-0.21989531165932763
],
[
-0.6781333314609092,
-0.7269776963588821,
-0.10788240708503863,
0.46344469720721737
],
[
-0.01680290434201337,
0.16208882862432714,
-0.9866331000127997,
0.017298087304301255
],
[
0.0,
0.0,
0.0,
1.0
]
],
"at_element": 6,
"to_element": 7
},
{
"pose": [
[
0.14906993455824802,
0.667256053274847,
-0.7297585312820086,
-0.19587397888401087
],
[
0.08287195545007636,
0.726977696358883,
0.6816418913158231,
0.4896160194136819
],
[
0.9853478541158348,
-0.162088828624326,
0.05307370370073772,
0.011462861572834639
],
[
0.0,
0.0,
0.0,
1.0
]
],
"at_element": 7,
"to_element": 6
},
{
"pose": [
[
0.015937464543164914,
-0.9923857541416361,
-0.12213317403830724,
-0.2274735922809672
],
[
-0.9941600255318914,
-0.0026888428676263842,
-0.10788240708503896,
0.45675066701054085
],
[
0.1067325669997879,
0.12313929145796357,
-0.9866331000127992,
-0.043921827443431524
],
[
0.0,
0.0,
0.0,
1.0
]
],
"at_element": 6,
"to_element": 8
},
{
"pose": [
[
-0.12301891917869368,
0.9923857541416362,
0.0060712849416134085,
-0.1917477411658919
],
[
-0.027642687959521628,
0.0026888428676266063,
-0.9996142515622743,
0.45684746525614217
],
[
-0.9920192676185673,
-0.12313929145796404,
0.027101431193794934,
-0.0483548374646689
],
[
0.0,
0.0,
0.0,
1.0
]
],
"at_element": 8,
"to_element": 6
},
{
"pose": [
[
0.9881861924640949,
0.11937303252885252,
-0.09611518156972042,
-0.321197541337
],
[
-0.10871206444350325,
0.10392459128456821,
-0.9886259992387249,
-0.4639217277016359
],
[
-0.10802655260511836,
0.987395441771533,
0.1156741349699778,
-0.30008452842343986
],
[
0.0,
0.0,
0.0,
1.0
]
],
"at_element": 2,
"to_element": 3
},
{
"pose": [
[
0.39597213802688447,
-0.11937303252885206,
0.9104702878245305,
-0.32549504952781766
],
[
-0.9169733585101041,
-0.10392459128456899,
0.3851746864852823,
-0.46766308178146015
],
[
0.0486407821598101,
-0.9873954417715332,
-0.15061313315803826,
-0.3356314179402455
],
[
0.0,
0.0,
0.0,
1.0
]
],
"at_element": 3,