{
"contact_id_pairs": [
[
0,
1
],
[
0,
4
],
[
1,
4
],
[
0,
5
],
[
0,
2
],
[
5,
2
],
[
3,
1
],
[
3,
2
],
[
1,
2
],
[
3,
5
],
[
3,
4
],
[
5,
4
]
],
"contact_t_bound_pairs": [
[
[
0.6,
0.9
],
[
0.1,
0.4
]
],
[
[
0.6,
0.9
],
[
0.1,
0.4
]
],
[
[
0.1,
0.4
],
[
0.1,
0.4
]
],
[
[
0.1,
0.4
],
[
0.1,
0.4
]
],
[
[
0.1,
0.4
],
[
0.1,
0.4
]
],
[
[
0.1,
0.4
],
[
0.1,
0.4
]
],
[
[
0.1,
0.4
],
[
0.6,
0.9
]
],
[
[
0.1,
0.4
],
[
0.6,
0.9
]
],
[
[
0.6,
0.9
],
[
0.6,
0.9
]
],
[
[
0.6,
0.9
],
[
0.6,
0.9
]
],
[
[
0.6,
0.9
],
[
0.6,
0.9
]
],
[
[
0.6,
0.9
],
[
0.6,
0.9
]
]
],
"line_pt_pairs": [
[
[
-0.19564222676731438,
-0.19474943591196833,
-0.2728844947569979
],
[
0.16551223192704645,
0.7082223713802953,
-0.2728844947569979
]
],
[
[
0.0682908272792243,
0.7095334248366677,
-0.23292192326477287
],
[
0.6938069380095945,
-0.21233097764212544,
-0.2728844947569979
]
],
[
[
-0.23329541430518327,
-0.051659523367229405,
-0.2375863070658674
],
[
0.6981743110013183,
-0.08734750575520359,
-0.23057964367487788
]
],
[
[
0.6471543642835916,
-0.18036992185701864,
-0.37015373232888177
],
[
0.19284071257725346,
0.22395207873026673,
0.585869541140728
]
],
[
[
0.1325076103825548,
0.6015591864893081,
-0.3779858734316976
],
[
0.21639433746232542,
0.11670484683033837,
0.5793720075086294
]
],
[
[
-0.17537265239531916,
-0.15713843990559934,
-0.3748233431253258
],
[
0.30110783485252074,
0.2425267660739412,
0.5337356912328561
]
]
],
"contact_t_pairs": [
[
0.8999999999822847,
0.10000000002579523
],
[
0.8424757191699049,
0.10000000003571952
],
[
0.16787254571580149,
0.13684794308734427
],
[
0.10000000001524584,
0.1000000000292542
],
[
0.15439512334222089,
0.10000000005068785
],
[
0.1688062358235968,
0.14999994128723695
],
[
0.10000000003168709,
0.8999999999853476
],
[
0.15910830706591353,
0.8691040917783267
],
[
0.8586116626623448,
0.8999999222140977
],
[
0.8653349220921466,
0.8999999998747659
],
[
0.8999999999588529,
0.8999999999583517
],
[
0.8577586782761866,
0.8278736265632908
]
],
"half_couplers": [
{
"pose": [
[
0.9276200406225141,
-0.04015700880715342,
0.3713603033162637,
0.12939678605121244
],
[
-0.3710128167231156,
0.01606127972258864,
0.9284888395241229,
0.6179251906350726
],
[
-0.043249856215541754,
-0.9990642871894355,
3.3306690738754696e-16,
-0.2728844947569979
],
[
0.0,
0.0,
0.0,
1.0
]
],
"at_element": 0,
"to_element": 1
},
{
"pose": [
[
0.8267603576308198,
0.04015700880715489,
0.561119172452538,
0.13084243836839665
],
[
0.5620336914230358,
-0.0160612797225943,
-0.8269583816608115,
0.6173469845650087
],
[
-0.024195883029033027,
0.9990642871894355,
-0.035848421263853236,
-0.2369181804150262
],
[
0.0,
0.0,
0.0,
1.0
]
],
"at_element": 1,
"to_element": 0
},
{
"pose": [
[
-0.24155128603584908,
-0.8965179871788929,
0.37136030331624603,
0.10862163555263497
],
[
0.09661134849468672,
0.3585731755460415,
0.9284888395241301,
0.5659823868267303
],
[
-0.9655667887600867,
0.26015529293776496,
-9.547918011776346e-15,
-0.2728844947569979
],
[
0.0,
0.0,
0.0,
1.0
]
],
"at_element": 0,
"to_element": 4
},
{
"pose": [
[
-0.4360987171538655,
0.8965179871790138,
0.07793207017167303,
0.14089628309352825
],
[
-0.8176378214624945,
-0.3585731755460764,
-0.4504371994994069,
0.5530737525060923
],
[
-0.37588070156742365,
-0.26015529293730016,
0.8894003158004211,
-0.2822500853034685
],
[
0.0,
0.0,
0.0,
1.0
]
],
"at_element": 4,
"to_element": 0
},
{
"pose": [
[
0.1491862275071223,
0.8141797982200147,
0.5611191724514579,
0.1732978091737787
],
[
0.1436378327239498,
0.5436064826785534,
-0.8269583816615067,
0.5547777007877764
],
[
-0.9783208280173532,
0.20396874309625884,
-0.035848421264716546,
-0.23963054187452243
],
[
0.0,
0.0,
0.0,
1.0
]
],
"at_element": 1,
"to_element": 4
},
{
"pose": [
[
-0.5753588867901565,
-0.8141797982206498,
0.07793207016995168,
0.14398733643575082
],
[
0.7082360632555824,
-0.5436064826778515,
-0.450437199501606,
0.5352078674100055
],
[
0.4091012467541831,
-0.2039687430955952,
0.8894003157994583,
-0.2469734166265552
],
[
0.0,
0.0,
0.0,
1.0
]
],
"at_element": 4,
"to_element": 1
},
{
"pose": [
[
-0.2858441848143829,
-0.8833938120276059,
0.37136030331624803,
-0.1595267808923722
],
[
0.11432682726509896,
0.3533240034962696,
0.9284888395241293,
-0.1044522551689754
],
[
-0.9514318044795944,
0.30785958069337854,
-7.993605777301127e-15,
-0.2728844947569979
],
[
0.0,
0.0,
0.0,
1.0
]
],
"at_element": 0,
"to_element": 5
},
{
"pose": [
[
-0.17981046594342143,
0.8833938120277864,
0.4327627169803629,
-0.1277246036565961
],
[
-0.8622044570012775,
-0.35332400349612514,
0.3629953482905845,
-0.11717191929595339
],
[
0.4735733002021358,
-0.3078595806930267,
0.8251974357153393,
-0.2839674396629284
],
[
0.0,
0.0,
0.0,
1.0
]
],
"at_element": 5,
"to_element": 0
},
{
"pose": [
[
0.9284592833463419,
0.0074083932154673515,
0.3713603033146682,
-0.13988173957160552
],
[
-0.37134848196476267,
-0.0029630761766592517,
0.9284888395247614,
-0.05533499235053117
],
[
0.007978979287080995,
-0.9999681674381123,
-9.120038058085811e-12,
-0.2728844947569979
],
[
0.0,
0.0,
0.0,
1.0
]
],
"at_element": 0,
"to_element": 2
},
{
"pose": [
[
0.03830550729226245,
-0.007408393290359028,
0.9992386120541669,
-0.14014844172731888
],
[
0.9992624884102248,
0.0029630762648384934,
-0.03828445422432225,
-0.055228321607835765
],
[
-0.002677193920487375,
0.9999681674372961,
0.0075164316539160225,
-0.23688564072641327
],
[
0.0,
0.0,
0.0,
1.0
]
],
"at_element": 2,
"to_element": 0
},
{
"pose": [
[
-0.9007104156181789,
-0.03791013141371925,
0.43276271689359036,
-0.094939774899618
],
[
0.21259163162451972,
-0.9072150643011108,
0.36299535157954294,
-0.08967246089453063
],
[
0.37884765455279223,
0.4189554260793456,
0.8251974343140689,
-0.2214529125117991
],
[
0.0,
0.0,
0.0,
1.0
]
],
"at_element": 5,
"to_element": 2
},
{
"pose": [
[
-0.009220457465672238,
0.03791013920384578,
0.9992386123992952,
-0.09357501019836931
],
[
-0.41892138294174386,
0.9072150660918259,
-0.03828444553837501,
-0.05701271863008548
],
[
-0.9079756924490329,
-0.41895542149678533,
0.007516430013672304,
-0.23653530796859956
],
[
0.0,
0.0,
0.0,
1.0
]
],
"at_element": 2,
"to_element": 5
},
{
"pose": [
[
-0.407764762533684,
-0.8203424396137288,
-0.40095658144547835,
0.601722999098562
],
[
0.7552324999995014,
-0.5498106778583283,
0.35683622217688193,
-0.1399377217854783
],
[
-0.5131781068794262,
-0.1573102039969492,
0.8437426920205511,
-0.27455140495162716
],
[
0.0,
0.0,
0.0,
1.0
]
],
"at_element": 3,
"to_element": 1
},
{
"pose": [
[
0.11037914692128425,
0.820342439613561,
0.5611191724525196,
0.6312553269273922
],
[
0.1176777528413267,
0.5498106778584135,
-0.826958381660823,
-0.12014453738073864
],
[
-0.9868983688359937,
0.15731020399752477,
-0.03584842126387078,
-0.26888823760718983
],
[
0.0,
0.0,
0.0,
1.0
]
],
"at_element": 1,
"to_element": 3
},
{
"pose": [
[
-0.9152953345255259,
-0.038317984281906615,
-0.4009565845280214,
0.574869288283663
],
[
-0.11751922074138865,
-0.926745476685956,
0.3568361727718427,
-0.11603893283407238
],
[
-0.3852579439182813,
0.37373058949287413,
0.8437427114501004,
-0.2180424877715193
],
[
0.0,
0.0,
0.0,
1.0
]
],
"at_element": 3,
"to_element": 2
},
{
"pose": [
[
-0.007342216819480996,
0.038318107761939696,
0.9992386173831154,
0.5762487353263313
],
[
-0.3737338781169808,
0.926745541781168,
-0.03828431971932186,
-0.08267609488793062
],
[
-0.927506916523978,
-0.3737304154150072,
0.0075164083117293945,
-0.23149678724304498
],
[
0.0,
0.0,
0.0,
1.0
]
],
"at_element": 2,
"to_element": 3
},
{
"pose": [
[
-0.8276814780870265,
0.009416340096426667,
0.5611191525610786,
0.6053662551355108
],
[
-0.5600637100117164,
0.049683475253320064,
-0.826958398599751,
-0.08199010252487787
],
[
-0.035665271057243764,
-0.9987206240115106,
-0.035848341865031275,
-0.267234253217975
],
[
0.0,
0.0,
0.0,
1.0
]
],
"at_element": 1,