{
"line_pt_pairs": [
[
[
6.068621194706825,
1.807748225340828,
0.0
],
[
7.227228894672652,
2.352751945907993,
0.0
]
],
[
[
7.215023002297267,
2.2967054638707465,
-0.034894989986689495
],
[
6.147827315266938,
3.5069030462271487,
-0.07291775043916543
]
],
[
[
6.146630200681198,
3.506977839937992,
-0.036937440894530216
],
[
6.068630740249349,
1.8077279327471243,
-0.03600029180178749
]
],
[
[
6.196957824043971,
3.413310600927946,
0.6527182741915508
],
[
6.020935495883907,
1.8351018131720305,
0.6164413844039238
]
],
[
[
7.277124098869178,
2.3402424377180613,
0.6770063198525612
],
[
6.13298290630756,
3.386181591446297,
0.6116801490630278
]
],
[
[
6.021959748935016,
1.8341606847365892,
0.652414858651015
],
[
7.175271135184403,
2.431912181359137,
0.6352154697013623
]
],
[
[
6.198665991762266,
1.9004103951225868,
0.8261397816933739
],
[
6.211617688698496,
1.8203663691371008,
-0.17056740070801069
]
],
[
[
6.1739499278817425,
3.432358655582179,
0.8064460980901647
],
[
6.090735683688787,
3.3331045236639625,
-0.18513042788277123
]
],
[
[
7.255013071546798,
2.3122951529465112,
0.820941301197289
],
[
7.23984440204854,
2.3218928582165,
-0.17889758358325547
]
]
],
"contact_id_pairs": [
[
0,
2
],
[
0,
6
],
[
0,
1
],
[
0,
8
],
[
1,
8
],
[
1,
2
],
[
2,
7
],
[
3,
4
],
[
3,
7
],
[
4,
7
],
[
3,
5
],
[
5,
6
],
[
4,
5
],
[
4,
8
]
],
"contact_t_pairs": [
[
2.0104974768776376e-16,
0.9999999999999996
],
[
0.10829068904742849,
0.8260531048981705
],
[
0.9626034515525262,
0.02881016047100966
],
[
0.9999999999999999,
0.8216187764306849
],
[
3.7513334059174556e-19,
0.8561553738347651
],
[
0.9999999999999993,
6.377302062944521e-16
],
[
0.09439061540197877,
0.8475910849934065
],
[
0.05087681824330512,
0.9496875522978897
],
[
0,
0.15240891500659354
],
[
1.0,
0.20111764726662115
],
[
0.9999999999999994,
2.6910554589561643e-16
],
[
0.14082094963944677,
0.1739468951018296
],
[
0.08937141823272007,
0.9999999999999998
],
[
8.750820976326015e-17,
0.14384462616523477
]
],
"half_couplers": [
{
"pose": [
[
-0.4256540831799216,
-0.0002651517583259766,
0.9048859216314538,
6.068621194706825
],
[
0.9048857460659752,
0.0005636784800950867,
0.42565416576511333,
1.807748225340828
],
[
-0.0006229276714561083,
0.9999998059805393,
4.440892098500626e-16,
0.0
],
[
0.0,
0.0,
0.0,
1.0
]
],
"at_element": 0,
"to_element": 2
},
{
"pose": [
[
-0.9989481169664249,
0.0002651517583262264,
-0.04585399986673218,
6.068630740249349
],
[
0.04585384489081394,
-0.0005636784800986394,
-0.9989480002358982,
1.807727932747125
],
[
-0.0002907197316903455,
-0.9999998059805392,
0.0005509273286704586,
-0.03600029180178749
],
[
0.0,
0.0,
0.0,
1.0
]
],
"at_element": 2,
"to_element": 0
},
{
"pose": [
[
0.03318533224649134,
-0.42435857780522507,
0.90488592163146,
6.194087620871781
],
[
-0.07054774126439634,
0.9021316685325422,
0.4256541657651,
1.8667670537744585
],
[
-0.9969562427339436,
-0.07796313278606898,
3.774758283725532e-15,
0.0
],
[
0.0,
0.0,
0.0,
1.0
]
],
"at_element": 0,
"to_element": 6
},
{
"pose": [
[
0.9054015965247739,
0.42435857780521236,
0.012951696936229964,
6.209364781230138
],
[
0.423970997280136,
-0.9021316685325496,
-0.08004402598548685,
1.8342897789287262
],
[
-0.02228323306159562,
0.0779631327860538,
-0.9967071824013845,
0.0028067189964029737
],
[
0.0,
0.0,
0.0,
1.0
]
],
"at_element": 6,
"to_element": 0
},
{
"pose": [
[
-0.4255260446688327,
-0.010442899103695391,
0.9048859216314553,
7.183900965689264
],
[
0.9046135526859367,
0.02220025819075855,
0.4256541657651097,
2.3323706878677495
],
[
-0.02453376459955342,
0.9996990018973578,
-5.551115123125783e-15,
0.0
],
[
0.0,
0.0,
0.0,
1.0
]
],
"at_element": 0,
"to_element": 1
},
{
"pose": [
[
0.7501193549355696,
0.010442899103693948,
-0.6612200081737961,
7.1842769232999535
],
[
0.6612670000739576,
-0.022200258190770317,
0.7498220476549433,
2.3315714504200624
],
[
-0.006848938912975666,
-0.9996990018973577,
-0.023558387915838308,
-0.035990431816876084
],
[
0.0,
0.0,
0.0,
1.0
]
],
"at_element": 1,
"to_element": 0
},
{
"pose": [
[
-0.006445314723585893,
-0.4256053650405635,
0.9048859216314523,
7.227228894672652
],
[
0.013701908786379391,
0.9047821775777927,
0.4256541657651166,
2.3527519459079924
],
[
-0.9998853512346922,
0.015142139422034545,
-8.881784197001252e-16,
0.0
],
[
0.0,
0.0,
0.0,
1.0
]
],
"at_element": 0,
"to_element": 8
},
{
"pose": [
[
0.9047817331900211,
0.4256053650405669,
-0.015168669498257646,
7.242550207873558
],
[
0.4257664796471663,
-0.9047821775777913,
0.009597705269988264,
2.320180807806982
],
[
-0.009639506964606248,
-0.015142139422031487,
-0.9998388847805448,
-0.0005450999439224891
],
[
0.0,
0.0,
0.0,
1.0
]
],
"at_element": 8,
"to_element": 0
},
{
"pose": [
[
0.011806359362742214,
-0.7500991338944787,
-0.6612200081737929,
7.215023002297267
],
[
-0.020998249220677556,
-0.6613062606540261,
0.7498220476549459,
2.2967054638707465
],
[
-0.9997097995959949,
0.005031793968610088,
-0.023558387915843415,
-0.034894989986689495
],
[
0.0,
0.0,
0.0,
1.0
]
],
"at_element": 1,
"to_element": 8
},
{
"pose": [
[
-0.661151420475222,
0.75009913389448,
-0.015168669498257766,
7.242026333641941
],
[
0.7500546071276024,
0.6613062606540245,
0.009597705269989001,
2.3205122798898943
],
[
0.017230366515382838,
-0.0050317939686084215,
-0.9998388847805446,
-0.035076132976532726
],
[
0.0,
0.0,
0.0,
1.0
]
],
"at_element": 8,
"to_element": 1
},
{
"pose": [
[
0.7494546983194967,
0.03325290900781569,
-0.6612200081737925,
6.147827315266938
],
[
0.6616362901829862,
-0.0020775859643253902,
0.7498220476549461,
3.5069030462271478
],
[
0.023560022914411005,
-0.9994448097214167,
-0.023558387915849854,
-0.0729177504391654
],
[
0.0,
0.0,
0.0,
1.0
]
],
"at_element": 1,
"to_element": 2
},
{
"pose": [
[
0.9983945386162424,
-0.033252909007817945,
-0.04585399986673221,
6.146630200681197
],
[
-0.045810222235441754,
0.002077585964333162,
-0.9989480002358984,
3.506977839937991
],
[
0.03331319258191768,
0.9994448097214166,
0.0005509273286729011,
-0.03693744089453021
],
[
0.0,
0.0,
0.0,
1.0
]
],
"at_element": 2,
"to_element": 1
},
{
"pose": [
[
-0.07893299946682619,
0.9958247799143137,
-0.04585399986673572,
6.139267783610013
],
[
0.003073421202381743,
-0.04575420097447713,
-0.9989480002358982,
3.346584595476491
],
[
-0.9968751856061433,
-0.07899089062541187,
0.000550927328677675,
-0.03684898281494282
],
[
0.0,
0.0,
0.0,
1.0
]
],
"at_element": 2,
"to_element": 7
},
{
"pose": [
[
-0.03752861937247154,
-0.9958247799143138,
-0.08321424419295473,
6.103418276359329
],
[
-0.9940096430067205,
0.04575420097448091,
-0.09925413191821737,
3.3482317382195395
],
[
0.10264712532578907,
0.07899089062540914,
-0.9915765259729359,
-0.034005325413228815
],
[
0.0,
0.0,
0.0,
1.0
]
],
"at_element": 7,
"to_element": 2
},
{
"pose": [
[
0.9913231533260296,
-0.07069689825053717,
-0.11081675982219687,
6.188002368047408
],
[
-0.11214152346033578,
-0.015040958402661175,
-0.9935784057065273,
3.3330163592833015
],
[
0.06857612117736196,
0.997384438493043,
-0.022838508186507234,
0.6508726214633933
],
[
0.0,
0.0,
0.0,
1.0
]
],
"at_element": 3,
"to_element": 4
},
{
"pose": [
[
0.6717277302236107,
0.07069689825053482,
-0.7374169817860107,
6.190547450222146
],
[
0.7384648264085214,
0.015040958402666393,
0.6741242242552641,
3.3335578324747552
],
[
0.058749949838858284,
-0.997384438493043,
-0.04210374384599125,
0.6149668686144554
],
[
0.0,
0.0,
0.0,
1.0
]
],
"at_element": 4,
"to_element": 3
},
{
"pose": [
[
-0.06934727745255564,
0.9914184791763905,
-0.1108167598222009,
6.196957824043971
],
[
0.03065445832199254,
-0.10891398394449459,
-0.9935784057065269,
3.413310600927946
],
[
-0.9971214867281235,
-0.07229898511674632,
-0.022838508186503903,
0.6527182741915508
],
[
0.0,
0.0,
0.0,
1.0
]
],
"at_element": 3,
"to_element": 7
},
{
"pose": [
[
-0.10082057682322798,
-0.9914184791763903,
-0.0832142441929562,
6.161267335211201
],
[
-0.989083596769504,
0.1089139839444988,
-0.0992541319182158,
3.4172314410266025
],
[
0.10746557537431556,
0.07229898511674163,
-0.9915765259729359,
0.6553209956206222
],
[
0.0,
0.0,
0.0,
1.0
]
],
"at_element": 7,