{
"line_pt_pairs": [
[
[
6.243594222961703,
2.1378123387730588,
0.15841146471580234
],
[
7.148480144593157,
2.563466504538172,
0.15841146471580234
]
],
[
[
7.033357142780408,
2.421781198902409,
0.2028065679990767
],
[
6.360517022603922,
3.15499998204168,
0.1044379310630082
]
],
[
[
6.395404125729037,
3.166647084153487,
0.14313279024535086
],
[
6.416049259906892,
2.168322617362941,
0.19718866358164988
]
],
[
[
6.442479237902662,
3.2362466089418005,
0.49493755012549123
],
[
6.480818720960418,
2.239700917164651,
0.421270948199877
]
],
[
[
7.083142125947997,
2.508424117486291,
0.5323786233341604
],
[
6.408985190455969,
3.2470045909076513,
0.5290154984961528
]
],
[
[
6.316455693802504,
2.140211058989938,
0.5894920683419522
],
[
7.19336166407921,
2.6202042035768094,
0.5641444758985709
]
],
[
[
6.432641314782107,
2.231251614934639,
0.8723748691681252
],
[
6.457941757639551,
2.2925024434536394,
-0.12542682635907398
]
],
[
[
6.394524115610547,
3.04877869634483,
0.7969722432739776
],
[
6.456245419505864,
3.00493415386491,
-0.2001577065019725
]
],
[
[
6.935147403289609,
2.44998939285346,
0.86567707739182
],
[
6.983760822185393,
2.4351817377399545,
-0.13303082227319357
]
]
],
"contact_id_pairs": [
[
0,
2
],
[
0,
6
],
[
2,
6
],
[
0,
1
],
[
0,
8
],
[
1,
8
],
[
1,
2
],
[
1,
7
],
[
2,
7
],
[
3,
4
],
[
3,
7
],
[
3,
6
],
[
5,
6
],
[
4,
5
],
[
5,
8
]
],
"contact_t_pairs": [
[
0.19038508676869806,
0.947456919134779
],
[
0.24579661173535866,
0.7139232867137772
],
[
0.8959596867932571,
0.6813468623759543
],
[
0.8096149132313013,
0.08729003706859875
],
[
0.7852988170138426,
0.7069508884101823
],
[
0.0582102141710765,
0.670388679173672
],
[
0.9417897858289233,
0.052543080865220755
],
[
0.8477122207070368,
0.6800731578722684
],
[
0.14728002602010018,
0.6455451063442609
],
[
0.020591215426813615,
0.9539058768712828
],
[
0.20096783402399712,
0.31992684212773154
],
[
0.9794087845731856,
0.45157204211082264
],
[
0.16040530300554812,
0.28607671328622275
],
[
0.046094123128717454,
0.8395946969944521
],
[
0.7020534360272397,
0.2930491115898177
]
],
"half_couplers": [
{
"pose": [
[
0.4249086943685676,
0.025180752236375836,
0.904885921631456,
6.415871007667281
],
[
-0.9033011454775662,
-0.05353103535077719,
0.42565416576510884,
2.218850544055708
],
[
0.05915777234578645,
-0.9982486453640117,
8.548717289613705e-15,
0.15841146471580234
],
[
0.0,
0.0,
0.0,
1.0
]
],
"at_element": 0,
"to_element": 2
},
{
"pose": [
[
0.9994697134738944,
-0.025180752236381165,
0.020645134177854643,
6.414964500952311
],
[
0.021970144779804114,
0.05353103535077275,
-0.9983244667905464,
2.2207776605512453
],
[
0.0240334056422739,
0.9982486453640116,
0.05405587333629547,
0.19434840145770058
],
[
0.0,
0.0,
0.0,
1.0
]
],
"at_element": 2,
"to_element": 0
},
{
"pose": [
[
0.019030744135095645,
0.42522852633713276,
0.9048859216314589,
6.466012116505741
],
[
-0.040456910400634205,
-0.9039810670404829,
0.42565416576510223,
2.242436690489164
],
[
0.999000034623873,
-0.044709404172952494,
-2.886579864025407e-15,
0.15841146471580234
],
[
0.0,
0.0,
0.0,
1.0
]
],
"at_element": 0,
"to_element": 6
},
{
"pose": [
[
-0.9047323294656695,
-0.4252285263371219,
0.025300442857443928,
6.450703890102208
],
[
-0.42316257684024455,
0.9039810670404885,
0.06125082851899934,
2.274980007744866
],
[
-0.04891672087893091,
0.0447094041729412,
-0.9978016955271991,
0.1600210032087675
],
[
0.0,
0.0,
0.0,
1.0
]
],
"at_element": 6,
"to_element": 0
},
{
"pose": [
[
-0.027848967280389658,
-0.9993989260831704,
0.02064513417785724,
6.413901333680832
],
[
0.05347219043582491,
-0.022112979386919474,
-0.9983244667905462,
2.272188607569784
],
[
0.9981809254195406,
-0.026698364864530866,
0.054055873336296356,
0.1915646735890773
],
[
0.0,
0.0,
0.0,
1.0
]
],
"at_element": 2,
"to_element": 6
},
{
"pose": [
[
-0.023699665293483996,
0.9993989260831704,
0.025300442857443668,
6.449879692139748
],
[
0.9978774234084915,
0.022112979386922027,
0.061250828519000294,
2.272984674763988
],
[
0.06065454407220666,
0.026698364864528538,
-0.9978016955271993,
0.1925258146472607
],
[
0.0,
0.0,
0.0,
1.0
]
],
"at_element": 6,
"to_element": 2
},
{
"pose": [
[
0.42338988796489074,
0.04384599870304129,
0.9048859216314564,
6.976203359887579
],
[
-0.9000723587231855,
-0.09321094479347103,
0.4256541657651077,
2.482428299255523
],
[
0.10300850368565989,
-0.9946804754133065,
1.0880185641326534e-14,
0.15841146471580234
],
[
0.0,
0.0,
0.0,
1.0
]
],
"at_element": 0,
"to_element": 1
},
{
"pose": [
[
-0.7384874413817903,
-0.0438459987030454,
-0.6728401201764865,
6.974624903748961
],
[
-0.6735740017418143,
0.09321094479345504,
0.7332187831392686,
2.485783893662029
],
[
0.03056735348201911,
0.9946804754133077,
-0.09836863693607434,
0.19421996603453975
],
[
0.0,
0.0,
0.0,
1.0
]
],
"at_element": 1,
"to_element": 0
},
{
"pose": [
[
0.014521608457542468,
-0.4254063842033868,
0.9048859216314542,
6.954200066751365
],
[
-0.030871068838370985,
0.9043591699516199,
0.4256541657651123,
2.472078051605416
],
[
-0.9994178805667739,
-0.03411597871112021,
2.220446049250313e-16,
0.15841146471580234
],
[
0.0,
0.0,
0.0,
1.0
]
],
"at_element": 0,
"to_element": 8
},
{
"pose": [
[
0.9036958248117917,
0.4254063842033857,
0.04861341889578326,
6.96951470296664
],
[
0.42651521083597443,
-0.9043591699516202,
-0.014807655113504787,
2.4395211079156955
],
[
0.03766472014073412,
0.03411597871111979,
-0.9987078996650132,
0.15963964046137147
],
[
0.0,
0.0,
0.0,
1.0
]
],
"at_element": 8,
"to_element": 0
},
{
"pose": [
[
-0.08552903915928511,
0.7348271607265096,
-0.6728401201764843,
6.9941909752820415
],
[
0.05497879505290365,
0.6777665882487104,
0.7332187831392714,
2.464462021303202
],
[
0.9948176292944452,
0.0257195589448882,
-0.09836863693606879,
0.1970805085753113
],
[
0.0,
0.0,
0.0,
1.0
]
],
"at_element": 1,
"to_element": 8
},
{
"pose": [
[
0.6765099994544636,
-0.7348271607265102,
0.048613418895784695,
6.96773728897327
],
[
-0.7351280059987808,
-0.6777665882487094,
-0.014807655113502488,
2.4400625085002576
],
[
0.043829618232173774,
-0.02571955894488421,
-0.9987078996650132,
0.19615460765507947
],
[
0.0,
0.0,
0.0,
1.0
]
],
"at_element": 8,
"to_element": 1
},
{
"pose": [
[
0.7344474355603059,
0.08873069975933418,
-0.6728401201764868,
6.399683190102288
],
[
0.6779997564820464,
-0.05202447752793127,
0.7332187831392698,
3.112319159640887
],
[
0.030054859992622585,
-0.9946960926122936,
-0.09836863693606412,
0.11016399048677364
],
[
0.0,
0.0,
0.0,
1.0
]
],
"at_element": 1,
"to_element": 2
},
{
"pose": [
[
0.9958416748434449,
-0.08873069975933283,
0.020645134177854817,
6.396488884683618
],
[
0.02533204976539989,
0.05202447752793238,
-0.9983244667905465,
3.114192040965183
],
[
0.08750797620609105,
0.9946960926122937,
0.05405587333629347,
0.14597305236930017
],
[
0.0,
0.0,
0.0,
1.0
]
],
"at_element": 2,
"to_element": 1
},
{
"pose": [
[
-0.07816869212169153,
0.7356465375796176,
-0.6728401201764832,
6.462982350324809
],
[
0.06176089100358384,
0.677182256408279,
0.7332187831392724,
3.0433397218215115
],
[
0.9950252498878748,
0.01575954799199708,
-0.09836863693606968,
0.11941827233407783
],
[
0.0,
0.0,
0.0,
1.0
]
],
"at_element": 1,
"to_element": 7
},
{
"pose": [
[
0.6745477391501504,
-0.7356465375796195,
0.06172130389531724,
6.436499117658629
],
[
-0.7345078949204842,
-0.6771822564082768,
-0.04384454247991965,
3.0189611998850463
],
[
0.07405065770740735,
-0.015759547991994416,
-0.9971299497759498,
0.11885092952083084
],
[
0.0,
0.0,
0.0,
1.0
]
],
"at_element": 7,
"to_element": 1
},
{
"pose": [
[
-0.06190655229228348,
-0.9978684067641692,
0.020645134177853963,
6.398444741627941
],
[
0.05268717698200076,
-0.023923218617879716,
-0.9983244667905464,
3.0196138307080727
],
[
0.9966903431683034,
-0.060715091969789026,
0.054055873336298355,
0.15109414067686022
],
[
0.0,
0.0,
0.0,
1.0
]
],
"at_element": 2,