{
"contact_id_pairs": [
[
0,
3
],
[
3,
4
],
[
0,
11
],
[
0,
14
],
[
10,
11
],
[
1,
3
],
[
1,
5
],
[
1,
9
],
[
1,
11
],
[
9,
12
],
[
2,
5
],
[
4,
5
],
[
2,
9
],
[
2,
10
],
[
10,
13
],
[
6,
8
],
[
6,
12
],
[
6,
7
],
[
6,
14
],
[
7,
8
],
[
8,
13
]
],
"nstatus": 0,
"opt_line_pos": [
[
0.3860863539280359,
-0.1032347187369913,
0.3704553648873813
],
[
-0.2637394841081007,
-0.39318858606498047,
0.30545536488738123
],
[
-0.19813231885282792,
0.43083206219152187,
0.3487191058202794
],
[
-0.2673867438487344,
-0.352624142655399,
0.34497021823862556
],
[
0.32108685289839084,
-0.1519370447509948,
0.3350689664786547
],
[
-0.23306210946138897,
0.43302959594262763,
0.30545536488738123
],
[
-0.19675600429088036,
-0.4336842114896822,
-0.4269678863967552
],
[
0.33583706972143523,
-0.16823471873699133,
-0.4178228318676516
],
[
-0.20998726189652023,
0.42864888962905706,
-0.40973179758893874
],
[
-0.1514707400743118,
0.44017024885926015,
-0.06272296289939891
],
[
0.4407463412480483,
-0.05036704683215336,
-0.011675355968586602
],
[
-0.244376541908932,
-0.36447710505426706,
-0.0010093497817091888
],
[
-0.19591927585482058,
-0.40804127372290216,
-0.06062821082847863
],
[
-0.24519619121257624,
0.485917555678256,
-0.022973249120825334
],
[
0.4195889044907202,
-0.1165126996675487,
-0.044018170915328676
]
],
"opt_line_orient": [
[
0.0,
0.0,
-1.0
],
[
-0.011148652672237632,
-0.07263798727755547,
-0.9972960595268888
],
[
0.025287570907832995,
0.02074976001707928,
-0.999464849915601
],
[
0.9119651217240834,
0.40296548794007475,
-0.07706122428300273
],
[
-0.7585864588859274,
0.651567115400729,
0.0026226938979556215
],
[
-0.08073462840950597,
-0.9957687027612359,
-0.043893170047110554
],
[
0.8757131885985641,
0.4804652970556613,
-0.04774421053647216
],
[
-0.7349476513086947,
0.6767241072463499,
-0.043548048262398664
],
[
-0.08412324028145964,
-0.9950480478197876,
-0.05294018298587211
],
[
-0.0928491403108877,
-0.9909198862554981,
-0.09724616273622338
],
[
-0.7617572709490875,
0.6476938115422829,
0.014784676054224299
],
[
0.9006092280172888,
0.43017298773787144,
-0.0620823568397361
],
[
0.01836443474242074,
0.053271340828209446,
-0.9984111937388103
],
[
0.010535967140238642,
0.003819073010799767,
-0.9999372020670888
],
[
-0.028917678613636085,
-0.06420826837807933,
-0.9975174515443263
]
]
}