{
"contact_id_pairs": [
[
0,
3
],
[
0,
6
],
[
1,
3
],
[
1,
7
],
[
0,
2
],
[
0,
4
],
[
4,
5
],
[
4,
6
],
[
4,
5
],
[
4,
6
],
[
5,
7
],
[
5,
8
],
[
1,
2
],
[
1,
8
]
],
"contact_t_bound_pairs": [
[
[
0.6,
0.9
],
[
0.6,
0.9
]
],
[
[
0.6,
0.9
],
[
0.1,
0.4
]
],
[
[
0.6,
0.9
],
[
0.1,
0.4
]
],
[
[
0.6,
0.9
],
[
0.1,
0.4
]
],
[
[
0.1,
0.4
],
[
0.6,
0.9
]
],
[
[
0.1,
0.4
],
[
0.6,
0.9
]
],
[
[
0.1,
0.4
],
[
0.6,
0.9
]
],
[
[
0.1,
0.4
],
[
0.6,
0.9
]
],
[
[
0.1,
0.4
],
[
0.6,
0.9
]
],
[
[
0.1,
0.4
],
[
0.6,
0.9
]
],
[
[
0.1,
0.4
],
[
0.6,
0.9
]
],
[
[
0.1,
0.4
],
[
0.1,
0.4
]
],
[
[
0.1,
0.4
],
[
0.1,
0.4
]
],
[
[
0.1,
0.4
],
[
0.6,
0.9
]
]
],
"line_pt_pairs": [
[
[
5.912342529870535,
1.9891660584943138,
0.0
],
[
7.022369957899942,
4.103605584309835,
0.0
]
],
[
[
5.9300406759829665,
1.861962607501391,
0.8533558421895175
],
[
7.179521543470306,
4.178144920944492,
0.8597114780466542
]
],
[
[
6.057431312248917,
2.171439353069181,
1.0083605658464594
],
[
6.055793457282053,
2.187187192425669,
-0.13680740228141125
]
],
[
[
7.018433893660919,
3.91845543483649,
1.0113652328244078
],
[
6.860287519225236,
3.9058293774552895,
-0.13034377225714538
]
],
[
[
7.699029520907412,
2.6536136262797703,
0.1
],
[
5.853696807744463,
2.1880703610416825,
0.02880984561419648
]
],
[
[
7.499875825402846,
2.685396263182755,
1.1196061830140782
],
[
7.499147968113989,
2.5497520379159764,
-0.04622742969198536
]
],
[
[
6.82321809325995,
4.016834326120442,
-0.05630571708970337
],
[
7.5887934297299156,
2.453863004016062,
0.14925058635682092
]
],
[
[
6.855076455890008,
3.9957246787725222,
0.8782485119556657
],
[
7.628845924762048,
2.497830051063971,
0.9938542847047838
]
],
[
[
7.789705874370449,
2.7041435222114965,
0.9249073340701722
],
[
5.801229389970539,
2.157804674760916,
0.8833791222363678
]
]
],
"contact_t_pairs": [
[
0.8993045016860537,
0.8821531321008232
],
[
0.8857797692669458,
0.10055529671419462
],
[
0.8798435439468311,
0.12984343869603024
],
[
0.8296500735837973,
0.14071386487835194
],
[
0.10068095340232039,
0.8807759245400775
],
[
0.11581785538130643,
0.8994180321704612
],
[
0.112934023362424,
0.878006570797561
],
[
0.10010287600627732,
0.8997210294407274
],
[
0.112934023362424,
0.878006570797561
],
[
0.10010287600627729,
0.8997210294407273
],
[
0.11864814986138682,
0.8745835696123972
],
[
0.17547115356450466,
0.14108957794891064
],
[
0.12714672168958177,
0.13440487944453944
],
[
0.1675918204796176,
0.8303408810848802
]
],
"half_couplers": [
{
"pose": [
[
0.10332779449950702,
0.8793572004584709,
0.4648163948116595,
6.910595192892372
],
[
-0.05424448633874185,
-0.4616403541584666,
0.8854070923108147,
3.8906910426031365
],
[
0.993167107080029,
-0.11670088866108219,
-2.19824158875781e-14,
0.0
],
[
0.0,
0.0,
0.0,
1.0
]
],
"at_element": 0,
"to_element": 3
},
{
"pose": [
[
-0.4559685951300956,
-0.8793572004584588,
-0.13719895865840093,
6.878924574122092
],
[
-0.886999549437448,
0.46164035415849847,
-0.01095366195300284,
3.9073173187715793
],
[
0.07296875737500232,
0.11670088866104794,
-0.9904829443422389,
0.004203058044000951
],
[
0.0,
0.0,
0.0,
1.0
]
],
"at_element": 3,
"to_element": 0
},
{
"pose": [
[
-0.8760719951282663,
-0.12823251719556486,
0.46481639481161635,
6.895582368950404
],
[
0.4599157042080585,
0.06731883769402236,
0.8854070923108375,
3.8620938138000964
],
[
-0.14482887962966834,
0.9894567174087077,
5.1958437552457326e-14,
0.0
],
[
0.0,
0.0,
0.0,
1.0
]
],
"at_element": 0,
"to_element": 6
},
{
"pose": [
[
-0.8903479793887228,
0.1282325171955266,
0.4368488264057918,
6.900200748375757
],
[
-0.44728384974976587,
-0.06731883769380231,
-0.8918549948531905,
3.8596692810704587
],
[
-0.08495665572188851,
-0.9894567174087275,
0.1172935250697924,
-0.03563594200516509
],
[
0.0,
0.0,
0.0,
1.0
]
],
"at_element": 6,
"to_element": 0
},
{
"pose": [
[
0.10086051580544475,
0.8743074215500239,
0.474777515236356,
7.029388350526789
],
[
-0.05713543107420349,
-0.4713332831230448,
0.8801025387626242,
3.8998406625881388
],
[
0.9932586263745331,
-0.11589421401864819,
0.00241501336957195,
0.8589478073660962
],
[
0.0,
0.0,
0.0,
1.0
]
],
"at_element": 1,
"to_element": 3
},
{
"pose": [
[
-0.4655781119915279,
-0.874307421550027,
-0.13719895865839482,
6.99789962458688
],
[
-0.881887154635036,
0.47133328312303546,
-0.010953661953012957,
3.9168160241289414
],
[
0.07424330356419225,
0.11589421401866454,
-0.9904829443422392,
0.8631218096143956
],
[
0.0,
0.0,
0.0,
1.0
]
],
"at_element": 3,
"to_element": 1
},
{
"pose": [
[
0.8768690294154772,
0.0754123085307955,
0.47477751523636325,
6.966672569635385
],
[
-0.47326473539952985,
-0.03794748332634623,
0.8801025387626201,
3.7835834342829497
],
[
0.08438717603505916,
-0.9964301140728599,
0.002415013369561514,
0.8586287959460628
],
[
0.0,
0.0,
0.0,
1.0
]
],
"at_element": 1,
"to_element": 7
},
{
"pose": [
[
0.8858107532043404,
-0.07541230853079414,
0.45787803313722697,
6.963956548379862
],
[
0.46140239483759526,
0.037947483326349785,
-0.8863790490232315,
3.7849501365271316
],
[
0.04946857129219509,
0.99643011407286,
0.06840970854386308,
0.8945158470414425
],
[
0.0,
0.0,
0.0,
1.0
]
],
"at_element": 7,
"to_element": 1
},
{
"pose": [
[
-0.006780500747843865,
-0.8853811291889575,
0.4648163948116453,
6.024101149627261
],
[
0.0035595918984727137,
0.46480276482741756,
0.8854070923108222,
2.2020498458649707
],
[
-0.9999706766276324,
0.00765806012480863,
9.325873406851315e-15,
0.0
],
[
0.0,
0.0,
0.0,
1.0
]
],
"at_element": 0,
"to_element": 2
},
{
"pose": [
[
0.4648636476492075,
0.8853811291889498,
-0.0014300945330560071,
6.055988729026215
],
[
0.8853074724112403,
-0.4648027648274313,
0.013750240055954172,
2.1853096708379005
],
[
0.011509491174430807,
-0.007658060124832046,
-0.9999044382979956,
-0.00027581003504784096
],
[
0.0,
0.0,
0.0,
1.0
]
],
"at_element": 2,
"to_element": 0
},
{
"pose": [
[
0.8842925430843388,
0.04441190560804742,
0.46481639481164466,
6.040903525999329
],
[
-0.4642312845750204,
-0.023315130441865062,
0.8854070923108226,
2.234055909707734
],
[
0.050159871084954955,
-0.9987412013793868,
6.838973831690964e-14,
0.0
],
[
0.0,
0.0,
0.0,
1.0
]
],
"at_element": 0,
"to_element": 4
},
{
"pose": [
[
0.2432669099509721,
-0.044411905608170654,
-0.9689421000055456,
6.039304003334614
],
[
-0.9693825285195163,
0.023315130441657006,
-0.24444614558957062,
2.2348956187691185
],
[
0.03344733059624755,
0.9987412013793862,
-0.03738032561717275,
0.03597029143240926
],
[
0.0,
0.0,
0.0,
1.0
]
],
"at_element": 4,
"to_element": 0
},
{
"pose": [
[
-0.06345023149967366,
-0.23900894326300187,
-0.9689421000054341,
7.490628673167622
],
[
0.09965820101844163,
0.9645280321877464,
-0.24444614558998795,
2.601037952287153
],
[
0.9929966319642809,
-0.11207319110446018,
-0.037380325617327514,
0.0919602094414191
],
[
0.0,
0.0,
0.0,
1.0
]
],
"at_element": 4,
"to_element": 5
},
{
"pose": [
[
0.9710171679566506,
0.23900894326333283,
-0.000620139976668644,
7.499236761920626
],
[
0.2373378801120254,
-0.9645280321876872,
-0.11556991731448991,
2.5662997421077787
],
[
-0.028220386201744108,
0.11207319110426502,
-0.9932991541516238,
0.09599661060149556
],
[
0.0,
0.0,
0.0,
1.0
]
],
"at_element": 5,
"to_element": 4
},
{
"pose": [
[
-0.23901716625307134,
0.06341924844419183,
-0.9689421000055296,
7.514306409131334
],
[
0.9645409426902745,
-0.09953316924791356,
-0.24444614558962297,
2.6070114065240846
],
[
-0.11194446886965254,
-0.9930111515719449,
-0.0373803256172458,
0.09287366080265018
],
[
0.0,
0.0,
0.0,
1.0
]
],
"at_element": 4,
"to_element": 6
},
{
"pose": [
[
0.8972965517568086,
-0.06341924844408647,
0.4368488264058039,
7.512022323103138
],
[
0.4412344233793755,
0.09953316924777256,
-0.8918549948531791,
2.6105961592103544
],
[
0.01307982532035351,
0.9930111515719657,
0.11729352506983304,
0.128637611855234
],
[
0.0,
0.0,
0.0,
1.0
]
],
"at_element": 6,