{
"line_pt_pairs": [
[
[
0.3860863539280359,
-0.1032347187369913,
0.3284594486278127
],
[
0.3860863539280359,
-0.1032347187369913,
-0.27154055137218724
]
],
[
[
0.41712840428180464,
-0.16215698466837955,
-0.3807536662695871
],
[
-0.3276513186949256,
0.5051519171183444,
-0.38216569987465493
]
],
[
[
-0.1862088903470756,
0.5033109072755424,
-0.4268356539564376
],
[
-0.271922668649754,
-0.49017480359911364,
-0.35174044440910096
]
],
[
[
-0.4479585091515336,
-0.4704610946995914,
-0.3900565287390064
],
[
0.4407127812248553,
-0.012974241381136398,
-0.4211871680119544
]
],
[
[
0.3696764208493769,
-0.06995607655477318,
0.1181585783085081
],
[
0.3024427401963336,
-0.12690080488095584,
-0.475336939873139
]
],
[
[
-0.231439078714578,
-0.39407582244500744,
0.12238964254681599
],
[
-0.3208807417707538,
-0.4463118158840983,
-0.46860239623135297
]
],
[
[
-0.19348875079845565,
0.5267980922047039,
0.09758634462590678
],
[
-0.2311332227806868,
0.4454659499175382,
-0.4956825458109333
]
],
[
[
0.5145905915059725,
-0.12872872598567617,
-0.03957475652941362
],
[
-0.2623992096377977,
0.49644872062788364,
-0.11333117431331954
]
],
[
[
-0.16012019061659552,
0.5483111730215442,
0.02410969869727072
],
[
-0.22512589626639173,
-0.4456290295827306,
-0.06453076542575349
]
],
[
[
-0.3233596166310547,
-0.47862883190228855,
0.055810002640557785
],
[
0.5783789244343699,
-0.05210385878803803,
-0.014503942399439675
]
]
],
"contact_id_pairs": [
[
0,
4
],
[
0,
9
],
[
7,
9
],
[
5,
8
],
[
5,
9
],
[
6,
7
],
[
6,
8
],
[
2,
3
],
[
2,
5
],
[
3,
5
],
[
1,
3
],
[
1,
4
],
[
3,
4
],
[
1,
2
],
[
1,
6
],
[
2,
6
]
],
"contact_t_pairs": [
[
0.45138420927538525,
0.10198839484310772
],
[
0.5486157907246209,
0.8038238846556927
],
[
0.042168997004662756,
0.8934778703836289
],
[
0.3023361292486919,
0.965893973636234
],
[
0.12624489282627163,
0.10652212961637096
],
[
0.3590522937727374,
0.9578310029953374
],
[
0.12561023437498198,
0.03410602636376564
],
[
0.880827439125984,
0.20974728706633913
],
[
0.9488100542706398,
0.8001964327102334
],
[
0.1371522643833442,
0.8737551071737283
],
[
0.13094253094988495,
0.8628477356166561
],
[
0.10690737001026486,
0.8320628241737141
],
[
0.8335554844463278,
0.8980116051568923
],
[
0.8210584611133623,
0.12087618795224264
],
[
0.893092629989735,
0.8170786770335904
],
[
0.05118994572936037,
0.8743897656250182
]
],
"half_couplers": [
{
"pose": [
[
0.7630801189494766,
0.6463039007031078,
-9.50328747583153e-15,
0.3860863539280359
],
[
0.6463039007031078,
-0.7630801189494769,
2.5924425328506394e-14,
-0.1032347187369913
],
[
9.50328747583153e-15,
-2.5924425328506394e-14,
-1.0000000000000004,
0.05762892306258158
],
[
0.0,
0.0,
0.0,
1.0
]
],
"at_element": 0,
"to_element": 4
},
{
"pose": [
[
-0.7548077176833852,
-0.6463039007031091,
-0.11205613442174833,
0.3628193656801789
],
[
-0.6392974474176898,
0.7630801189494756,
-0.09490788054361204,
-0.0757637779915374
],
[
0.14684714178636732,
2.606248550307555e-14,
-0.9891591969694133,
0.057628923062583444
],
[
0.0,
0.0,
0.0,
1.0
]
],
"at_element": 4,
"to_element": 0
},
{
"pose": [
[
-0.9039759615404672,
-0.4275832795573134,
-1.190363101459393e-16,
0.3860863539280359
],
[
-0.4275832795573134,
0.9039759615404673,
5.3005410619187905e-16,
-0.1032347187369913
],
[
-1.190363101459393e-16,
5.3005410619187905e-16,
-1.0,
-0.0007100258069598075
],
[
0.0,
0.0,
0.0,
1.0
]
],
"at_element": 0,
"to_element": 9
},
{
"pose": [
[
0.06356211607723417,
0.42758327955731135,
0.9017385410654235,
0.4014793603919117
],
[
0.030065067218815578,
-0.9039759615404683,
0.42652497311425264,
-0.13577787111092682
],
[
0.9975249115350013,
1.3600232051658168e-15,
-0.07031394503999677,
-0.0007100258069598457
],
[
0.0,
0.0,
0.0,
1.0
]
],
"at_element": 9,
"to_element": 0
},
{
"pose": [
[
0.6293611080813976,
-0.013836348980827251,
-0.7769898011437706,
0.4818257109088874
],
[
0.7688767122736129,
-0.13409609080457896,
0.6251774466135595,
-0.10236562011204625
],
[
-0.11284146825469454,
-0.9908717343217591,
-0.07375641778390474,
-0.0426849906900178
],
[
0.0,
0.0,
0.0,
1.0
]
],
"at_element": 7,
"to_element": 9
},
{
"pose": [
[
-0.43206036500016953,
0.013836348980826085,
0.9017385410654253,
0.4823238146829214
],
[
0.8944801203720634,
0.13409609080457519,
0.4265249731142488,
-0.09753820725873341
],
[
-0.11501806490764838,
0.9908717343217599,
-0.0703139450400001,
-0.007013951232050673
],
[
0.0,
0.0,
0.0,
1.0
]
],
"at_element": 9,
"to_element": 7
},
{
"pose": [
[
-0.03829715257430988,
-0.988084829673936,
-0.1490694384269597,
-0.25848052491654794
],
[
-0.9948609253135103,
0.05169427036260188,
-0.08705998906515149,
-0.40986865050884225
],
[
0.09372869031969942,
0.1449692097650646,
-0.9849867312969485,
-0.05628860287416845
],
[
0.0,
0.0,
0.0,
1.0
]
],
"at_element": 5,
"to_element": 8
},
{
"pose": [
[
-0.13950852160782934,
0.9880848296739355,
-0.06500570564979419,
-0.22290880995570458
],
[
0.09700812367349049,
-0.05169427036260421,
-0.9939402026042747,
-0.41172967882870226
],
[
-0.9854576583192942,
-0.1449692097650665,
-0.08864046412302651,
-0.06150759141947717
],
[
0.0,
0.0,
0.0,
1.0
]
],
"at_element": 8,
"to_element": 5
},
{
"pose": [
[
-0.8911643431218579,
-0.42849085880011256,
-0.14906943842695974,
-0.24273063188130842
],
[
-0.41982143911204456,
0.9034215613797734,
-0.0870599890651511,
-0.4006703498383993
],
[
0.17197695429934495,
-0.01500221179941097,
-0.9849867312969482,
0.04777991595008629
],
[
0.0,
0.0,
0.0,
1.0
]
],
"at_element": 5,
"to_element": 9
},
{
"pose": [
[
0.05712431603040791,
0.4284908588001125,
0.9017385410654245,
-0.22730450687960632
],
[
0.04365695527656746,
-0.9034215613797736,
0.4265249731142505,
-0.4331944834315932
],
[
0.9974120927550648,
0.01500221179941072,
-0.07031394503999722,
0.04832001147316879
],
[
0.0,
0.0,
0.0,
1.0
]
],
"at_element": 9,
"to_element": 5
},
{
"pose": [
[
-0.7752014850491382,
0.6285906865916606,
-0.06274078663705218,
-0.20700508481153929
],
[
0.6306140704108831,
0.7641669475515925,
-0.13555357047861025,
0.49759559995904634
],
[
-0.03726327652567875,
-0.14464655198070384,
-0.9887814840614002,
-0.11542821130944748
],
[
0.0,
0.0,
0.0,
1.0
]
],
"at_element": 6,
"to_element": 7
},
{
"pose": [
[
-0.03406754538848822,
-0.6285906865916575,
-0.7769898011437677,
-0.22963432904071268
],
[
-0.1587514929549482,
-0.764166947551594,
0.6251774466135627,
0.47008561475425387
],
[
-0.9867306450271918,
0.14464655198070825,
-0.07375641778390474,
-0.11022094015271537
],
[
0.0,
0.0,
0.0,
1.0
]
],
"at_element": 7,
"to_element": 6
},
{
"pose": [
[
-0.05215249145287215,
-0.9966662988821393,
-0.06274078663705121,
-0.19821728174706613
],
[
-0.9889344868173584,
0.060281094165487326,
-0.1355535704786101,
0.5165819427497935
],
[
0.13888375865646038,
0.05497707120963759,
-0.9887814840613998,
0.023065700250749784
],
[
0.0,
0.0,
0.0,
1.0
]
],
"at_element": 6,
"to_element": 8
},
{
"pose": [
[
-0.049300577132026735,
0.9966662988821392,
-0.06500570564979324,
-0.16233727692728267
],
[
0.09191878661722852,
-0.06028109416548988,
-0.9939402026042752,
0.5144118222675164
],
[
-0.9945453181033359,
-0.054977071209640016,
-0.08864046412302162,
0.021086524690994434
],
[
0.0,
0.0,
0.0,
1.0
]
],
"at_element": 8,
"to_element": 6
},
{
"pose": [
[
0.9963115681994296,
-0.00405059021288471,
-0.08571377830267835,
-0.26170793818723614
],
[
-0.08516282274791429,
0.07571945529047441,
-0.9934857108746562,
-0.3717785672424387
],
[
0.010514404101076964,
0.9971209338938989,
0.07509520954733473,
-0.36068973284022793
],
[
0.0,
0.0,
0.0,
1.0
]
],
"at_element": 2,
"to_element": 3
},
{
"pose": [
[
0.4585269134736706,
0.004050590212884564,
0.888671290376389,
-0.2615621169013432
],
[
-0.8859866495220415,
-0.07571945529047275,
0.4574868533184548,
-0.37450446834752926
],
[
0.06914279781015686,
-0.9971209338938991,
-0.03113063927294757,
-0.39658609587114807
],
[
0.0,
0.0,
0.0,
1.0
]
],
"at_element": 3,