{
"contact_id_pairs": [
[
0,
4
],
[
2,
3
],
[
2,
5
],
[
3,
5
],
[
1,
3
],
[
1,
4
],
[
3,
4
],
[
1,
2
],
[
1,
6
],
[
2,
6
]
],
"nstatus": 0,
"opt_line_pos": [
[
0.3860863539280359,
-0.1032347187369913,
0.3704553648873813
],
[
0.396582939540679,
-0.1041164851410992,
-0.42273248961938353
],
[
-0.22487521318155732,
0.4395495864205604,
-0.409274494186541
],
[
-0.25203025775766835,
-0.41252438986632545,
-0.3536174863229923
],
[
0.35512439344559615,
-0.08400677072601097,
-0.0418613057998465
],
[
-0.24613143043229815,
-0.34629985140445657,
-0.047104860717182825
],
[
-0.155644061504949,
0.4459325032558756,
-0.037250997840608174
]
],
"opt_line_orient": [
[
0.0,
0.0,
-1.0
],
[
-0.7193809028701448,
0.6940429778757262,
-0.028203926094247347
],
[
-0.09016642532643422,
-0.9954323923874555,
0.03137463831886062
],
[
0.8995666040222373,
0.41224905493792613,
-0.14432824266471983
],
[
-0.03719953347375843,
-0.04306564224963409,
-0.9983794595077371
],
[
-0.04964839746045812,
-0.09976732139620637,
-0.9937713611344587
],
[
-0.09329361615224772,
-0.07475999704646921,
-0.9928279025223097
]
]
}