{
"contact_id_pairs": [
[
2,
3
],
[
1,
3
],
[
1,
2
]
],
"nstatus": 0,
"opt_line_pos": [
[
0.3860863539280359,
-0.1032347187369913,
0.3704553648873813
],
[
0.34490641626741203,
-0.1532347187369913,
-0.42273240198798256
],
[
-0.20681865237514385,
0.45111614591890975,
-0.42273240198798256
],
[
-0.25238778718898763,
-0.4115403788837473,
-0.41425250634696115
]
],
"opt_line_orient": [
[
0.0,
0.0,
-1.0
],
[
-0.7232795670421681,
0.6887959019452679,
-0.049263306453171125
],
[
-0.10265383291534741,
-0.9943524246919753,
-0.026934106574709193
],
[
0.8927570164215053,
0.444612304105234,
-0.07283411747531028
]
]
}