{
"line_pt_pairs": [
[
[
0.3860863539280359,
-0.1032347187369913,
0.4117882994022065
],
[
0.3860863539280359,
-0.1032347187369913,
-0.18821170059779335
]
],
[
[
-0.2626907064141198,
-0.386355374641857,
0.3992731464863615
],
[
-0.26937989801746237,
-0.4299381670083902,
-0.19910448922977175
]
],
[
[
-0.1999621342609271,
0.42933060399563594,
0.4210406502222613
],
[
-0.1847895917162273,
0.4417804600058835,
-0.1786382597270993
]
],
[
[
-0.40918534636595816,
-0.4152799851776984,
0.35695222681691213
],
[
0.5027797753581252,
-0.012314497237623623,
0.2798910025339094
]
],
[
[
0.3953699501705248,
-0.21574048184861674,
0.3348121443014925
],
[
-0.3632165087154026,
0.43582663355211226,
0.3374348381994481
]
],
[
[
-0.2261132311089768,
0.5187360111320283,
0.3092332766108617
],
[
-0.30684785951848276,
-0.47703269162920753,
0.2653401065637512
]
],
[
[
-0.38453344071428586,
-0.5367094290451073,
-0.41673019033904757
],
[
0.4911797478842782,
-0.056244131989446,
-0.4644744008755197
]
],
[
[
0.41833401226778383,
-0.2441961422422177,
-0.41293461863353687
],
[
-0.3166136390409109,
0.43252796500413215,
-0.45648266689593553
]
],
[
[
-0.20394565669514686,
0.5001117510358519,
-0.40592971288774354
],
[
-0.2880688969766065,
-0.49493629678393575,
-0.45886989587361565
]
],
[
[
-0.14598988837766308,
0.4986638969602706,
-0.0569825565343988
],
[
-0.23883902868855078,
-0.4922559892952275,
-0.1542287192706222
]
],
[
[
0.48506870354809345,
-0.08805269929584071,
-0.012535592941116828
],
[
-0.27668856740099396,
0.5596411122464422,
0.0022490831131074685
]
],
[
[
-0.377331053080908,
-0.4279823829537504,
0.008155701107457182
],
[
0.523278174936381,
0.0021906047841210308,
-0.05392665573227892
]
],
[
[
-0.19728626497293159,
-0.41200662001538196,
0.013690288835904
],
[
-0.18626760412747914,
-0.3800438155184563,
-0.585356427407382
]
],
[
[
-0.2464585475576202,
0.48545997727247714,
0.09683322472949908
],
[
-0.240136967273477,
0.48775142107895697,
-0.5031290965107542
]
],
[
[
0.4219326499484788,
-0.11130869144225825,
0.03682950110318157
],
[
0.4045820427802972,
-0.14983365246910585,
-0.5616809698234142
]
]
],
"contact_id_pairs": [
[
0,
3
],
[
3,
4
],
[
0,
11
],
[
0,
14
],
[
10,
11
],
[
1,
3
],
[
1,
5
],
[
1,
9
],
[
1,
11
],
[
9,
12
],
[
2,
5
],
[
4,
5
],
[
2,
9
],
[
2,
10
],
[
10,
13
],
[
6,
8
],
[
6,
12
],
[
6,
7
],
[
6,
14
],
[
7,
8
],
[
8,
13
]
],
"contact_t_pairs": [
[
0.20134535218213798,
0.8560873427304156
],
[
0.7473827602876936,
0.1594078285360816
],
[
0.7586470277097631,
0.8304391288526284
],
[
0.7986546478178504,
0.17415566720212897
],
[
0.0716284529382454,
0.8949493255332283
],
[
0.08554205342398737,
0.14391265726958433
],
[
0.21795047245875318,
0.9155634121124622
],
[
0.9144579465760126,
0.9367225961402836
],
[
0.660880926576742,
0.10505067446677173
],
[
0.9070501975424466,
0.26442428843600396
],
[
0.19121429874209203,
0.08443658788753805
],
[
0.8405921714639184,
0.18607065183479252
],
[
0.8087857012579079,
0.06327740385971635
],
[
0.7038758677665247,
0.8546434523923261
],
[
0.9283715470617544,
0.15999939889874773
],
[
0.11526703443974562,
0.984142613183777
],
[
0.2427722747053836,
0.7355757115639964
],
[
0.7993450004713355,
0.13938188781254046
],
[
0.8847329655602545,
0.8258443327978503
],
[
0.8606181121874599,
0.16432060674285276
],
[
0.01585738681622264,
0.8400006011012523
]
],
"half_couplers": [
{
"pose": [
[
0.9146850634413409,
0.404167335044917,
-1.6274783701728872e-16,
0.3860863539280359
],
[
0.404167335044917,
-0.914685063441341,
7.709946490597953e-16,
-0.1032347187369913
],
[
1.6274783701728872e-16,
-7.709946490597953e-16,
-1.0,
0.2909810880929237
],
[
0.0,
0.0,
0.0,
1.0
]
],
"at_element": 0,
"to_element": 3
},
{
"pose": [
[
-0.07048675082216538,
-0.40416733504491786,
0.9119651217240837,
0.37153645135363245
],
[
-0.031145629653759305,
0.9146850634413405,
0.4029654879400738,
-0.07030633139501442
],
[
-0.997026362596298,
5.273559366969494e-16,
-0.07706122428300222,
0.2909810880929238
],
[
0.0,
0.0,
0.0,
1.0
]
],
"at_element": 3,
"to_element": 0
},
{
"pose": [
[
0.4063212071571032,
-0.056768771108524796,
0.9119651217240834,
0.27240166359428974
],
[
-0.9131071318778619,
-0.062082052503139806,
0.40296548794007453,
-0.11411052650036801
],
[
0.03374081101840187,
-0.996455280172585,
-0.07706122428300244,
0.2993579963011325
],
[
0.0,
0.0,
0.0,
1.0
]
],
"at_element": 3,
"to_element": 4
},
{
"pose": [
[
-0.6490946703076039,
0.05676877110852485,
-0.7585864588859275,
0.27444533000264354
],
[
-0.7560463695338869,
0.062082052503139695,
0.651567115400729,
-0.11187558283706805
],
[
0.08408326880475281,
0.9964552801725852,
0.0026226938979554415,
0.33523022224068044
],
[
0.0,
0.0,
0.0,
1.0
]
],
"at_element": 4,
"to_element": 3
},
{
"pose": [
[
0.9023498337562343,
0.43100438225161497,
6.550392530192343e-17,
0.3860863539280359
],
[
0.43100438225161497,
-0.9023498337562343,
-2.891185949375064e-16,
-0.1032347187369913
],
[
-6.550392530192343e-17,
2.891185949375064e-16,
-1.0,
-0.04339991722365126
],
[
0.0,
0.0,
0.0,
1.0
]
],
"at_element": 0,
"to_element": 11
},
{
"pose": [
[
-0.05602000437353216,
-0.43100438225161286,
0.9006092280172879,
0.3705700896704076
],
[
-0.026757767858433285,
0.9023498337562353,
0.4301729877378734,
-0.07074990176078005
],
[
-0.9980710300220239,
1.6375789613221059e-15,
-0.0620823568397364,
-0.04339991722365128
],
[
0.0,
0.0,
0.0,
1.0
]
],
"at_element": 11,
"to_element": 0
},
{
"pose": [
[
-0.41064758072619134,
-0.9117941458705062,
3.164460882205411e-14,
0.3860863539280359
],
[
-0.9117941458705062,
0.41064758072619134,
-4.89577511327837e-14,
-0.1032347187369913
],
[
3.164460882205411e-14,
-4.89577511327837e-14,
-1.0,
-0.06740448928850365
],
[
0.0,
0.0,
0.0,
1.0
]
],
"at_element": 0,
"to_element": 14
},
{
"pose": [
[
0.409628128208837,
0.9117941458705057,
-0.028917678613603837,
0.4189109433807421
],
[
0.9095305727217788,
-0.4106475807261931,
-0.06420826837812897,
-0.1180180317338249
],
[
-0.07041969798655429,
4.819755705653961e-14,
-0.9975174515443241,
-0.06740448928850012
],
[
0.0,
0.0,
0.0,
1.0
]
],
"at_element": 14,
"to_element": 0
},
{
"pose": [
[
-0.6458506514098312,
0.051017607055752257,
-0.7617572709490876,
0.4305052087155505
],
[
-0.7609910098418613,
0.03722108850764905,
0.6476938115422829,
-0.04165939359739153
],
[
0.061397223173047855,
0.9980039049726263,
0.014784676054223844,
-0.01147658946815962
],
[
0.0,
0.0,
0.0,
1.0
]
],
"at_element": 10,
"to_element": 11
},
{
"pose": [
[
0.4316250944748329,
-0.05101760705575187,
0.9006092280172886,
0.42866856810216614
],
[
-0.901978819701981,
-0.03722108850764916,
0.4301729877378718,
-0.042999357715128694
],
[
0.011575259332427479,
-0.9980039049726263,
-0.06208235683973662,
-0.04740486227377784
],
[
0.0,
0.0,
0.0,
1.0
]
],
"at_element": 11,
"to_element": 10
},
{
"pose": [
[
0.9130215368994566,
0.4077589737839598,
-0.011148652672237446,
-0.26326291359961623
],
[
0.4059674973221615,
-0.9109962205861484,
-0.07263798727755624,
-0.3900835361948415
],
[
-0.039775171599064636,
0.06179405615757531,
-0.9972960595268887,
0.3480866948042128
],
[
0.0,
0.0,
0.0,
1.0
]
],
"at_element": 1,
"to_element": 3
},
{
"pose": [
[
-0.0453016120842229,
-0.4077589737839601,
0.9119651217240837,
-0.2779420223614654
],
[
-0.0877764296777418,
0.9109962205861483,
0.4029654879400746,
-0.3572881510203076
],
[
-0.9951095730298244,
-0.061794056157576466,
-0.07706122428300288,
0.34586214125789777
],
[
0.0,
0.0,
0.0,
1.0
]
],
"at_element": 3,
"to_element": 1
},
{
"pose": [
[
0.07997953332413643,
0.9967341580345519,
-0.011148652672238153,
-0.2641486188844354
],
[
0.9940978383849086,
-0.08058045993116392,
-0.0726379872775548,
-0.3958542648292146
],
[
-0.07329912665035984,
-0.005273299198312688,
-0.9972960595268887,
0.2688564580732785
],
[
0.0,
0.0,
0.0,
1.0
]
],
"at_element": 1,