{
"contact_id_pairs": [
[
0,
4
],
[
2,
3
],
[
2,
5
],
[
3,
5
],
[
1,
3
],
[
3,
4
],
[
1,
2
],
[
1,
6
],
[
2,
6
]
],
"nstatus": 0,
"opt_line_pos": [
[
0.3860863539280359,
-0.1032347187369913,
0.3704553648873813
],
[
0.40755050905265566,
-0.09936187339683668,
-0.3996652206855046
],
[
-0.21085631229719926,
0.4460343303354422,
-0.4042095909497235
],
[
-0.24788721269826275,
-0.4300502416925218,
-0.36738434368538475
],
[
0.3494648177837651,
-0.09953387848658414,
-0.035611065625087285
],
[
-0.2523877871889877,
-0.3778886305025971,
-0.028205271517321058
],
[
-0.1457096081771113,
0.43374504798308944,
-0.037939124440856564
]
],
"opt_line_orient": [
[
0.0,
0.0,
-1.0
],
[
-0.732778235935041,
0.6787266110260811,
-0.04864405847562767
],
[
-0.13251463332864707,
-0.9911333751569229,
0.009721347839703307
],
[
0.9096201772360787,
0.4058356079098845,
-0.08881774888736672
],
[
-0.023447395469457108,
-0.07303761438899779,
-0.9970535223999075
],
[
-0.09840288423208643,
-0.08720796316616279,
-0.9913181343722185
],
[
-0.09391599057739362,
-0.08719359140240901,
-0.9917545383471743
]
]
}