{
"contact_id_pairs": [
[
0,
1
],
[
0,
4
],
[
1,
4
],
[
0,
5
],
[
0,
2
],
[
5,
2
],
[
3,
1
],
[
3,
2
],
[
1,
2
],
[
3,
5
],
[
3,
4
],
[
5,
4
]
],
"contact_t_bound_pairs": [
[
[
0.6,
0.9
],
[
0.1,
0.4
]
],
[
[
0.6,
0.9
],
[
0.1,
0.4
]
],
[
[
0.1,
0.4
],
[
0.1,
0.4
]
],
[
[
0.1,
0.4
],
[
0.1,
0.4
]
],
[
[
0.1,
0.4
],
[
0.1,
0.4
]
],
[
[
0.1,
0.4
],
[
0.1,
0.4
]
],
[
[
0.1,
0.4
],
[
0.6,
0.9
]
],
[
[
0.1,
0.4
],
[
0.6,
0.9
]
],
[
[
0.6,
0.9
],
[
0.6,
0.9
]
],
[
[
0.6,
0.9
],
[
0.6,
0.9
]
],
[
[
0.6,
0.9
],
[
0.6,
0.9
]
],
[
[
0.6,
0.9
],
[
0.6,
0.9
]
]
],
"line_pt_pairs": [
[
[
-0.19564222676731438,
-0.19474943591196833,
-0.2728844947569979
],
[
0.16551223192704645,
0.7082223713802953,
-0.2728844947569979
]
],
[
[
0.0682908271681124,
0.7095334248651836,
-0.23292192324109728
],
[
0.6938069380095945,
-0.21233097764212544,
-0.2728844947569979
]
],
[
[
-0.2246751747953731,
-0.03213257614762353,
-0.23767229838692763
],
[
0.6957336286922201,
-0.0741940859926241,
-0.2298089568562161
]
],
[
[
0.6477510339146372,
-0.17938776379757973,
-0.34122441742029397
],
[
0.19197864827278296,
0.2194861259119094,
0.29517978851932697
]
],
[
[
0.1341489325024909,
0.6104957448885181,
-0.35008166069707214
],
[
0.2161064236065375,
0.1120005763006306,
0.2849341691605015
]
],
[
[
-0.17733901094338173,
-0.1555427586546161,
-0.3488677405627524
],
[
0.30010360601217884,
0.235645507201116,
0.2507297520804236
]
]
],
"contact_t_pairs": [
[
0.8999999998965666,
0.10000000013819402
],
[
0.8502582989803317,
0.100000442989223
],
[
0.17138841877833394,
0.15616558494495889
],
[
0.10000000007547763,
0.1000000003867749
],
[
0.17529883956456035,
0.10000000047022968
],
[
0.2218408451178956,
0.16816245048243902
],
[
0.1000000086358942,
0.8999999999239022
],
[
0.2019443471395347,
0.8495758083723632
],
[
0.8431999267427411,
0.890920019812663
],
[
0.8663910700426838,
0.8999999996260021
],
[
0.8999999997494775,
0.8999999997471665
],
[
0.858247651475375,
0.835449897404791
]
],
"half_couplers": [
{
"pose": [
[
0.9276200406217572,
-0.04015700882356013,
0.37136030331638037,
0.12939678602025495
],
[
-0.37101281672292086,
0.016061279729784883,
0.9284888395240763,
0.6179251905576716
],
[
-0.043249856233447626,
-0.9990642871886605,
5.841993555577574e-13,
-0.2728844947569979
],
[
0.0,
0.0,
0.0,
1.0
]
],
"at_element": 0,
"to_element": 1
},
{
"pose": [
[
0.8267603575919031,
0.04015700882363066,
0.5611191725086992,
0.13084243833870318
],
[
0.562033691480005,
-0.016061279730984035,
-0.8269583816219297,
0.6173469844870565
],
[
-0.024195883035486532,
0.9990642871886382,
-0.03584842128171206,
-0.23691818039820994
],
[
0.0,
0.0,
0.0,
1.0
]
],
"at_element": 1,
"to_element": 0
},
{
"pose": [
[
-0.35322097039358447,
-0.8586769451862433,
0.37136080821734,
0.11143234895131532
],
[
0.14127466065789768,
0.3434389612960844,
0.9284886375825299,
0.5730098369835477
],
[
-0.9248115571997413,
0.3804255297288656,
-5.491340209218265e-07,
-0.2728844947569979
],
[
0.0,
0.0,
0.0,
1.0
]
],
"at_element": 0,
"to_element": 4
},
{
"pose": [
[
-0.5024673537607429,
0.8586766432860229,
0.10099990435502923,
0.14234471791918088
],
[
-0.7103933903715371,
-0.34343903526793507,
-0.6143214630555106,
0.560646007201742
],
[
-0.49281618208121936,
-0.3804261443819004,
0.7825651150860303,
-0.2865797964061457
],
[
0.0,
0.0,
0.0,
1.0
]
],
"at_element": 4,
"to_element": 0
},
{
"pose": [
[
0.23715800517798424,
0.7930326845958746,
0.5611196322912426,
0.1754970443256071
],
[
0.2021109756830699,
0.524682261144798,
-0.8269580874194409,
0.5515365425914224
],
[
-0.9502143095578159,
0.30952816673550415,
-0.03584801122686199,
-0.2397710451835236
],
[
0.0,
0.0,
0.0,
1.0
]
],
"at_element": 1,
"to_element": 4
},
{
"pose": [
[
-0.6007481426129544,
-0.793032417804522,
0.10100125473576904,
0.1469478720413756
],
[
0.5893365637049555,
-0.5246823168757473,
-0.6143214802026159,
0.5326479552937547
],
[
0.5401704210964541,
-0.30952875580309536,
0.7825649273405161,
-0.2509140421780557
],
[
0.0,
0.0,
0.0,
1.0
]
],
"at_element": 4,
"to_element": 1
},
{
"pose": [
[
-0.41326770581963634,
-0.8314453254444367,
0.3713603022984144,
-0.15952678087061922
],
[
0.16529140106746032,
0.3325465784763475,
0.9284888399312242,
-0.1044522551145878
],
[
-0.8954823035994239,
0.4450971174252528,
1.1886115425241428e-09,
-0.2728844947569979
],
[
0.0,
0.0,
0.0,
1.0
]
],
"at_element": 0,
"to_element": 5
},
{
"pose": [
[
-0.029374431020391834,
0.8314453264622494,
0.5548295340970156,
-0.12959474906316285
],
[
-0.8262908602071544,
-0.33254657615454075,
0.45459453255182586,
-0.11642393191774109
],
[
0.562477161438888,
-0.445097117258667,
0.6967840404800295,
-0.2889079910665255
],
[
0.0,
0.0,
0.0,
1.0
]
],
"at_element": 5,
"to_element": 0
},
{
"pose": [
[
0.9284509360642078,
0.0083895774671561,
0.37136030255187324,
-0.132332269254626
],
[
-0.37134514244130934,
-0.00335551734648587,
0.9284888398298501,
-0.03645952593412069
],
[
0.009035734986151484,
-0.9999591769133678,
-4.3817609540752755e-09,
-0.2728844947569979
],
[
0.0,
0.0,
0.0,
1.0
]
],
"at_element": 0,
"to_element": 2
},
{
"pose": [
[
0.04567621499592733,
-0.008389598412783639,
0.9989210669628096,
-0.13263429401381024
],
[
0.9989518851067908,
0.0033555443488848535,
-0.04564944209638844,
-0.03633872715190216
],
[
-0.0029689434542726767,
0.9999591766470244,
0.008534073714847157,
-0.23688596423015887
],
[
0.0,
0.0,
0.0,
1.0
]
],
"at_element": 2,
"to_element": 0
},
{
"pose": [
[
-0.8308838256341895,
-0.04238229100161928,
0.5548295321168011,
-0.07142273730266045
],
[
0.34543665077119345,
-0.82098558100718,
0.45459454031288604,
-0.06876122315697647
],
[
0.43624028768956546,
0.5693737060909624,
0.6967840369933624,
-0.215852526064219
],
[
0.0,
0.0,
0.0,
1.0
]
],
"at_element": 5,
"to_element": 2
},
{
"pose": [
[
-0.018985201249062555,
0.04238231102265627,
0.9989210688767713,
-0.06989697495528976
],
[
-0.5691210750275082,
0.8209855872635088,
-0.0456493972044007,
-0.03920574271415006
],
[
-0.8220345273120018,
-0.5693736955795996,
0.008534089814586698,
-0.23634997960614285
],
[
0.0,
0.0,
0.0,
1.0
]
],
"at_element": 2,
"to_element": 5
},
{
"pose": [
[
-0.27980713167381976,
-0.8078203227121474,
-0.5187815487059192,
0.6021737914144497
],
[
0.7104842499261477,
-0.5376620458992998,
0.4540172408689554,
-0.1395003713819981
],
[
-0.6456935028876699,
-0.24154885760984618,
0.7243852909301989,
-0.27758399133041245
],
[
0.0,
0.0,
0.0,
1.0
]
],
"at_element": 3,
"to_element": 1
},
{
"pose": [
[
0.1804762709005152,
0.8078203339428126,
0.5611190815774905,
0.6312553268778459
],
[
0.1644966711588618,
0.5376621463338513,
-0.8269584400544743,
-0.12014453732124271
],
[
-0.9697263329514658,
0.24154859649395372,
-0.03584849665333212,
-0.26888823760236674
],
[
0.0,
0.0,
0.0,
1.0
]
],
"at_element": 1,
"to_element": 3
},
{
"pose": [
[
-0.8537915562315315,
-0.043652846901594836,
-0.518781656831779,
0.5557103770519647
],
[
-0.23188518255808438,
-0.8602893847291564,
0.4540170003781067,
-0.09883743654919018
],
[
-0.46612148697281025,
0.5079336605106181,
0.7243853642244165,
-0.21270618553496323
],
[
0.0,
0.0,
0.0,
1.0
]
],
"at_element": 3,
"to_element": 2
},
{
"pose": [
[
-0.015844952218083908,
0.04365319784413238,
0.99892108587575,
0.5572818784606386
],
[
-0.5077577627340811,
0.8602896136679161,
-0.04564904159331387,
-0.067867017375552
],
[
-0.8613541616968523,
-0.5079332425950172,
0.008534002251243011,
-0.2309917936494654
],
[
0.0,
0.0,
0.0,
1.0
]
],
"at_element": 2,
"to_element": 3
},
{
"pose": [
[
-0.8276639935885874,
0.010847451557540855,
0.5611191018952193,
0.5957259660060544
],
[
-0.5599769248054061,
0.05065154845531583,
-0.826958441715519,
-0.06778257179572021
],
[
-0.03739194301545751,
-0.9986574755309178,
-0.03584814031080508,
-0.2666183606157562
],
[
0.0,
0.0,
0.0,
1.0
]
],
"at_element": 1,