{
"contact_id_pairs": [
[
0,
4
],
[
0,
7
],
[
0,
9
],
[
5,
9
],
[
8,
9
],
[
6,
7
],
[
6,
8
],
[
2,
3
],
[
2,
5
],
[
3,
5
],
[
1,
3
],
[
1,
4
],
[
3,
4
],
[
1,
2
],
[
1,
6
],
[
2,
6
]
],
"nstatus": 0,
"opt_line_pos": [
[
0.3860863539280359,
-0.1032347187369913,
0.3704553648873813
],
[
0.3360863539280359,
-0.09770876262194553,
-0.4221865457425642
],
[
-0.2336962667972705,
0.43610294648317993,
-0.4053918698428755
],
[
-0.23658636849749692,
-0.4300502416925218,
-0.35033899840058214
],
[
0.34879821503150754,
-0.10387534376023935,
-0.047533784672284835
],
[
-0.24074281727280283,
-0.4156679572456845,
0.04621084535212722
],
[
-0.22783353169589768,
0.4564327261169773,
-0.046829539812048855
],
[
0.3995394572130436,
-0.06653882263119691,
-0.03184022421821287
],
[
-0.19160582779025698,
0.43348196122590343,
-0.04772135449982103
],
[
-0.2523877871889877,
-0.37913832378630036,
0.001794217339964453
]
],
"opt_line_orient": [
[
0.0,
0.0,
-1.0
],
[
-0.7952178781101398,
0.606206627114151,
-0.011918539209647453
],
[
-0.09611518156972045,
-0.988625999238725,
0.1156741349699761
],
[
0.9104702878245309,
0.3851746864852819,
-0.15061313315803757
],
[
-0.02753418809669192,
-0.10918840980733971,
-0.993639652816654
],
[
-0.10971698019369405,
0.012055173232261351,
-0.993889761017547
],
[
-0.12213317403830684,
-0.10788240708503859,
-0.9866331000127994
],
[
-0.7297585312820093,
0.6816418913158221,
0.053073703700738516
],
[
0.006071284941613632,
-0.9996142515622743,
0.02710143119379496
],
[
0.9308967340491873,
0.3462672396622702,
0.11631968566510356
]
]
}