{
"contact_id_pairs": [
[
0,
1
],
[
0,
4
],
[
1,
4
],
[
0,
5
],
[
0,
2
],
[
5,
2
],
[
3,
1
],
[
3,
2
],
[
1,
2
],
[
3,
5
],
[
3,
4
],
[
5,
4
]
],
"contact_t_bound_pairs": [
[
[
0.6,
0.9
],
[
0.1,
0.4
]
],
[
[
0.6,
0.9
],
[
0.1,
0.4
]
],
[
[
0.1,
0.4
],
[
0.1,
0.4
]
],
[
[
0.1,
0.4
],
[
0.1,
0.4
]
],
[
[
0.1,
0.4
],
[
0.1,
0.4
]
],
[
[
0.1,
0.4
],
[
0.1,
0.4
]
],
[
[
0.1,
0.4
],
[
0.6,
0.9
]
],
[
[
0.1,
0.4
],
[
0.6,
0.9
]
],
[
[
0.6,
0.9
],
[
0.6,
0.9
]
],
[
[
0.6,
0.9
],
[
0.6,
0.9
]
],
[
[
0.6,
0.9
],
[
0.6,
0.9
]
],
[
[
0.6,
0.9
],
[
0.6,
0.9
]
]
],
"line_pt_pairs": [
[
[
-0.19564222676731438,
-0.19474943591196833,
-0.2728844947569979
],
[
0.16551223192704645,
0.7082223713802953,
-0.2728844947569979
]
],
[
[
0.06829082729738728,
0.7095334248305024,
-0.23292192326817562
],
[
0.6938069380095945,
-0.21233097764212544,
-0.2728844947569979
]
],
[
[
-0.2353447356115281,
-0.0557675765786127,
-0.23756960935637741
],
[
0.7007347751989107,
-0.0903039680799722,
-0.2307292902305874
]
],
[
[
0.6470565091806482,
-0.18055183996808444,
-0.38246248651098774
],
[
0.1929937745717795,
0.2247907592895596,
0.7036808594430296
]
],
[
[
0.13212668678334683,
0.5997090012046752,
-0.38997332060821643
],
[
0.21646501756988534,
0.11760978048272744,
0.6980540537111937
]
],
[
[
-0.1750082554010744,
-0.15744046822577254,
-0.38607822086050403
],
[
0.3013686428839782,
0.2438290029293509,
0.6475912149443994
]
]
],
"contact_t_pairs": [
[
0.899999999995343,
0.10000000000690511
],
[
0.8408441233309605,
0.10000000000650744
],
[
0.16695095204783134,
0.13228960150503719
],
[
0.10000000000417573,
0.10000000000583718
],
[
0.1499764837632344,
0.10000000001279442
],
[
0.1577466524938634,
0.14615416496912828
],
[
0.1000000000059935,
0.8999999999960194
],
[
0.15001595122673933,
0.8713181386564522
],
[
0.8619513526762882,
0.8999999999226325
],
[
0.8649711955984365,
0.8999999999328011
],
[
0.8999999999897305,
0.8999999999894446
],
[
0.8575332880962655,
0.8264748345839373
]
],
"half_couplers": [
{
"pose": [
[
0.9276200406226254,
-0.04015700880458373,
0.3713603033162638,
0.12939678605592847
],
[
-0.37101281672316017,
0.016061279721560684,
0.9284888395241231,
0.6179251906468638
],
[
-0.043249856212774135,
-0.9990642871895554,
2.220446049250313e-16,
-0.2728844947569979
],
[
0.0,
0.0,
0.0,
1.0
]
],
"at_element": 0,
"to_element": 1
},
{
"pose": [
[
0.8267603576367386,
0.04015700880458373,
0.5611191724440011,
0.13084243837292725
],
[
0.5620336914143796,
-0.01606127972156135,
-0.8269583816667149,
0.6173469845768741
],
[
-0.024195883027860576,
0.9990642871895555,
-0.03584842126130172,
-0.23691818041733378
],
[
0.0,
0.0,
0.0,
1.0
]
],
"at_element": 1,
"to_element": 0
},
{
"pose": [
[
-0.2137094614966737,
-0.9035595117022732,
0.37136030331626907,
0.10803237744061303
],
[
0.08547567516658605,
0.3613895181573029,
0.9284888395241209,
0.5645091017832681
],
[
-0.9731506435396413,
0.2301691225563976,
2.9976021664879227e-15,
-0.2728844947569979
],
[
0.0,
0.0,
0.0,
1.0
]
],
"at_element": 0,
"to_element": 4
},
{
"pose": [
[
-0.4225906141996738,
0.9035595117023134,
0.07069216082862073,
0.1405605198625495
],
[
-0.8403008047957916,
-0.3613895181573259,
-0.40409426329207004,
0.5514990791293432
],
[
-0.33957580928253345,
-0.2301691225562041,
0.9119816033077748,
-0.2811705831691952
],
[
0.0,
0.0,
0.0,
1.0
]
],
"at_element": 4,
"to_element": 0
},
{
"pose": [
[
0.12843415748572662,
0.8177101818533674,
0.5611191724440224,
0.17272133750204693
],
[
0.12976798216188445,
0.5470832713553064,
-0.826958381666701,
0.555627285178692
],
[
-0.9831912011387026,
0.17902500578553004,
-0.03584842126128507,
-0.239593712624514
],
[
0.0,
0.0,
0.0,
1.0
]
],
"at_element": 1,
"to_element": 4
},
{
"pose": [
[
-0.5712728567774754,
-0.8177101818533372,
0.07069216082907687,
0.14328377095469802
],
[
0.7330809781865715,
-0.5470832713549052,
-0.4040942632909242,
0.5359322874094797
],
[
0.36910649212703045,
-0.17902500578689345,
0.9119816033082472,
-0.24603861283292972
],
[
0.0,
0.0,
0.0,
1.0
]
],
"at_element": 4,
"to_element": 1
},
{
"pose": [
[
-0.25344605264549536,
-0.8932282034952284,
0.37136030331620457,
-0.1595267808963702
],
[
0.10136880377897983,
0.35725738690686604,
0.9284888395241465,
-0.1044522551789714
],
[
-0.9620236296572113,
0.2729661810209546,
-3.108624468950438e-14,
-0.2728844947569979
],
[
0.0,
0.0,
0.0,
1.0
]
],
"at_element": 0,
"to_element": 5
},
{
"pose": [
[
-0.2152368566242957,
0.8932282034949822,
0.39473595229167924,
-0.12737056556978843
],
[
-0.8728176641094253,
-0.35725738690704434,
0.33250035296059005,
-0.11731352110791793
],
[
0.4380210277704244,
-0.27296618102152687,
0.8565203110548308,
-0.28271127727397993
],
[
0.0,
0.0,
0.0,
1.0
]
],
"at_element": 5,
"to_element": 0
},
{
"pose": [
[
0.9284609155453796,
0.007200932266196447,
0.3713603033162446,
-0.14147755095691986
],
[
-0.3713491347843483,
-0.002880099659586799,
0.9284888395241306,
-0.05932489931694175
],
[
0.007755539926497773,
-0.9999699253479819,
-1.0902390101819037e-13,
-0.2728844947569979
],
[
0.0,
0.0,
0.0,
1.0
]
],
"at_element": 0,
"to_element": 2
},
{
"pose": [
[
0.03688857412635682,
-0.007200932267750648,
0.9992934402233409,
-0.14173678451850763
],
[
0.9993159698240526,
0.0028800996613184138,
-0.03686865173225501,
-0.05922121572919053
],
[
-0.002612576034817904,
0.9999699253479659,
0.007302249382632242,
-0.23688557744371092
],
[
0.0,
0.0,
0.0,
1.0
]
],
"at_element": 2,
"to_element": 0
},
{
"pose": [
[
-0.9180531319206158,
-0.03690494462936282,
0.3947359522929874,
-0.09986139437119768
],
[
0.1801790244204512,
-0.9257316211817805,
0.33250035293672475,
-0.09414155240306893
],
[
0.35314864594054785,
0.37637612916609864,
0.8565203110634925,
-0.22302032757706008
],
[
0.0,
0.0,
0.0,
1.0
]
],
"at_element": 5,
"to_element": 2
},
{
"pose": [
[
-0.007116557263019185,
0.036904944639696124,
0.9992934402235727,
-0.09853281636431835
],
[
-0.37637968601291105,
0.9257316211930664,
-0.03686865172581491,
-0.060815214039540794
],
[
-0.9264381720166461,
-0.3763761291373271,
0.007302249383404624,
-0.23656986822642523
],
[
0.0,
0.0,
0.0,
1.0
]
],
"at_element": 2,
"to_element": 5
},
{
"pose": [
[
-0.4367137700188639,
-0.8223636449461387,
-0.36469044208316226,
0.6016502357170399
],
[
0.7676423927668634,
-0.5520289624495971,
0.32555979703272064,
-0.14001758003989062
],
[
-0.46904822769420607,
-0.1377753972511883,
0.8723598454818984,
-0.27384815190907624
],
[
0.0,
0.0,
0.0,
1.0
]
],
"at_element": 3,
"to_element": 1
},
{
"pose": [
[
0.0941451527488062,
0.8223636449464811,
0.5611191724440022,
0.6312553269358838
],
[
0.10678885526193693,
0.5520289624494485,
-0.8269583816667139,
-0.1201445373911931
],
[
-0.9898145435412379,
0.13777539724973875,
-0.03584842126130039,
-0.2688882376079566
],
[
0.0,
0.0,
0.0,
1.0
]
],
"at_element": 1,
"to_element": 3
},
{
"pose": [
[
-0.930386242112798,
-0.03717959031134144,
-0.36469044208959905,
0.5789398561316842
],
[
-0.08999924452518171,
-0.9412284284965997,
0.3255597969263371,
-0.11974398436772996
],
[
-0.35536119156728824,
0.33571822031891874,
0.8723598455189092,
-0.2195236592991024
],
[
0.0,
0.0,
0.0,
1.0
]
],
"at_element": 3,
"to_element": 2
},
{
"pose": [
[
-0.0055043933581875315,
0.03717959059704695,
0.9992934402350464,
0.5802783213822658
],
[
-0.33575250957918157,
0.9412284286258336,
-0.036868651424017074,
-0.08585976093748778
],
[
-0.9419341558543464,
-0.33571821992495443,
0.007302249337019617,
-0.23160951522787793
],
[
0.0,
0.0,
0.0,
1.0
]
],
"at_element": 2,
"to_element": 3
},
{
"pose": [
[
-0.8276847398050471,
0.009123916647970354,
0.5611191724035576,
0.6074552850465852
],
[
-0.5600812448142025,
0.04948569633310629,
-0.82695838170116,
-0.08506884386489733
],
[
-0.03531247231822826,
-0.9987331575568267,
-0.03584842109976272,
-0.26736771581938884
],
[
0.0,
0.0,
0.0,
1.0
]
],
"at_element": 1,