{
"contact_id_pairs": [
[
0,
4
],
[
2,
3
],
[
2,
5
],
[
3,
5
],
[
1,
3
],
[
1,
4
],
[
3,
4
],
[
1,
2
],
[
1,
6
],
[
2,
6
]
],
"nstatus": 0,
"opt_line_pos": [
[
0.3860863539280359,
-0.1032347187369913,
0.3704553648873813
],
[
0.3964873001829292,
-0.10626320889855628,
-0.42273240198798256
],
[
-0.22445330864522675,
0.4332881551745365,
-0.3954052955521091
],
[
-0.2523877871889877,
-0.4024836568211953,
-0.3758150803727821
],
[
0.35362497586203745,
-0.08676110544072387,
-0.035295805241501214
],
[
-0.25238778718898763,
-0.3453307378509356,
0.0029051804777229955
],
[
-0.15881785257354825,
0.4373628299034072,
-0.0476427498607317
]
],
"opt_line_orient": [
[
0.0,
0.0,
-1.0
],
[
-0.7263484994244062,
0.6872554285277833,
-0.009891073905618055
],
[
-0.1277446548389455,
-0.9917827994496435,
-0.006941316583114712
],
[
0.9108457330792671,
0.39644297146483515,
-0.11486087631314988
],
[
-0.03128727704806017,
-0.04397310405609161,
-0.9985426743082091
],
[
-0.09974926213520696,
-0.09049847162455522,
-0.9908885463749701
],
[
-0.09317934846832077,
-0.08847540235227457,
-0.9917104981785876
]
]
}