{
"contact_id_pairs": [
[
0,
4
],
[
0,
9
],
[
7,
9
],
[
5,
8
],
[
5,
9
],
[
6,
7
],
[
6,
8
],
[
2,
3
],
[
2,
5
],
[
3,
5
],
[
1,
3
],
[
1,
4
],
[
3,
4
],
[
1,
2
],
[
1,
6
],
[
2,
6
]
],
"nstatus": 0,
"opt_line_pos": [
[
0.3860863539280359,
-0.1032347187369913,
0.3704553648873813
],
[
0.34418019652475973,
-0.0967967353169289,
-0.38089196933773556
],
[
-0.1908952233817358,
0.4489928618162245,
-0.42272988276987655
],
[
-0.25196501771436314,
-0.3695638938566205,
-0.39692228748225555
],
[
0.3517918449624758,
-0.08510372733361662,
-0.03971490906206506
],
[
-0.24580251198852512,
-0.4024643986479062,
0.027482253480350372
],
[
-0.2024981798080392,
0.5073329191381394,
-0.044400344801110644
],
[
0.4308046220614905,
-0.06131329998879014,
-0.04752821094757956
],
[
-0.16681965382971237,
0.44587607510477983,
0.014974446296735238
],
[
-0.19339182524019263,
-0.4171536856107606,
0.04567563694068481
]
],
"opt_line_orient": [
[
0.0,
0.0,
-1.0
],
[
-0.7447797229767302,
0.6673089017867239,
-0.0014120336050677785
],
[
-0.08571377830267843,
-0.9934857108746563,
0.07509520954733663
],
[
0.8886712903763889,
0.457486853318455,
-0.031130639272947958
],
[
-0.11205613442173888,
-0.09490788054363777,
-0.9891591969694118
],
[
-0.14906943842695974,
-0.08705998906515139,
-0.9849867312969484
],
[
-0.0627407866370519,
-0.13555357047860953,
-0.9887814840614001
],
[
-0.7769898011437703,
0.6251774466135598,
-0.07375641778390593
],
[
-0.06500570564979621,
-0.9939402026042751,
-0.08864046412302423
],
[
0.9017385410654245,
0.4265249731142505,
-0.07031394503999745
]
]
}