{
"line_pt_pairs": [
[
[
6.9988785940822815,
2.495797179699978,
0.9618728093433468
],
[
6.9988785940822815,
2.495797179699978,
0.36187280934334676
]
],
[
[
7.069166349093091,
2.4361050708384036,
0.17540449815503256
],
[
6.342817849668685,
3.1233604993661865,
0.1655134242494145
]
],
[
[
6.398932643748646,
3.114567421181036,
0.2024917291843394
],
[
6.2711879889097,
2.1227846217313924,
0.19555041260122463
]
],
[
[
6.192522614261533,
2.1234781567774963,
0.24267680431772432
],
[
7.103368347340799,
2.5199211282423315,
0.12781592800457442
]
],
[
[
6.970817349770102,
2.51845501730954,
0.7024571508204576
],
[
6.952044983541266,
2.492071154875885,
0.1033315462355322
]
],
[
[
6.350844931511137,
2.245028193362603,
0.5052642604437694
],
[
6.290995374230013,
2.1907291103878697,
-0.08926886738121265
]
],
[
[
6.447678587380703,
3.0304167572021323,
0.4826722563034529
],
[
6.391770978299711,
2.9773315157907674,
-0.11235404260369963
]
]
],
"contact_id_pairs": [
[
0,
4
],
[
2,
3
],
[
2,
5
],
[
3,
5
],
[
1,
3
],
[
1,
4
],
[
3,
4
],
[
1,
2
],
[
1,
6
],
[
2,
6
]
],
"coupler_pt_pairs": [
[
[
6.9988785940822815,
2.495797179699978,
0.6618728093433468
],
[
6.96954572306022,
2.5166677932712114,
0.6618728093433501
]
],
[
[
6.276364154601207,
2.1629712902570475,
0.19583167215605063
],
[
6.281242775407466,
2.1620933503675532,
0.23148887744297775
]
],
[
[
6.283848091602673,
2.2210750128713292,
0.19623833007908276
],
[
6.319417842549833,
2.216515666475418,
0.19307405641546443
]
],
[
[
6.336939584570898,
2.186335225499595,
0.22446531233637002
],
[
6.322422463191317,
2.2192416372750543,
0.22292133664709218
]
],
[
[
7.017578343020825,
2.4849165397795305,
0.1747019968335476
],
[
7.014648186194866,
2.4813059346522754,
0.139003854879321
]
],
[
[
6.979045924635034,
2.5213750906417194,
0.17417728039465075
],
[
6.954325070756688,
2.4952757326416877,
0.17610120216456404
]
],
[
[
6.967783828505643,
2.460908358483919,
0.14491361653988166
],
[
6.9533166102511474,
2.493858378914214,
0.14391588771263963
]
],
[
[
6.39440585574095,
3.07454903042506,
0.16621592557089943
],
[
6.39375647805714,
3.074380752655381,
0.2022104696295134
]
],
[
[
6.44301280227484,
3.0285581763157072,
0.1668778322188434
],
[
6.418441159124634,
3.0026553135858904,
0.17149746255455395
]
],
[
[
6.385419774701104,
3.009656330306317,
0.2017574745720942
],
[
6.421008406555779,
3.0050929594070093,
0.19882075114519937
]
]
],
"half_couplers": [],
"nstatus": 0,
"opt_line_pos": [
[
0.3860863539280359,
-0.1032347187369913,
0.3704553648873813
],
[
0.3964873001829292,
-0.10626320889855628,
-0.42273240198798256
],
[
-0.22445330864522675,
0.4332881551745365,
-0.3954052955521091
],
[
-0.2523877871889877,
-0.4024836568211953,
-0.3758150803727821
],
[
0.35362497586203745,
-0.08676110544072387,
-0.035295805241501214
],
[
-0.25238778718898763,
-0.3453307378509356,
0.0029051804777229955
],
[
-0.15881785257354825,
0.4373628299034072,
-0.0476427498607317
]
],
"opt_line_orient": [
[
0.0,
0.0,
-1.0
],
[
-0.7263484994244062,
0.6872554285277833,
-0.009891073905618055
],
[
-0.1277446548389455,
-0.9917827994496435,
-0.006941316583114712
],
[
0.9108457330792671,
0.39644297146483515,
-0.11486087631314988
],
[
-0.03128727704806017,
-0.04397310405609161,
-0.9985426743082091
],
[
-0.09974926213520696,
-0.09049847162455522,
-0.9908885463749701
],
[
-0.09317934846832077,
-0.08847540235227457,
-0.9917104981785876
]
],
"opt_edge_ids": [
[
0,
1
],
[
7,
8
],
[
8,
6
],
[
6,
7
],
[
1,
7
],
[
3,
6
],
[
5,
8
]
],
"opt_parameters": {
"layer_range": [
-1,
2
],
"layers": [
[
7,
8,
6
],
[
14,
12,
13
],
[
10,
9,
11
],
[
5,
4,
3,
1,
2
]
],
"pos_devi": 0.05000000000000003,
"clamp_collision_dist": 0.024,
"contactopt_trust_region_start": 0.05,
"adjustopt_trust_region_start": 0.01,
"clamp_t_bnd": 0.1,
"clamp_gap": 0.016,
"orient_devi": 0.17453292519943295,
"bar_collision_distance": 0.030000000000000006,
"time_out": 50,
"bar_available_lengths": [
0.6,
1.0
],
"opt_tol": 0.001,
"trust_region_lobnd": 1e-06,
"trust_region_upbnd": 1.0,
"contact_ignore_para_tol": 0.0001,
"line_para_tol": 0.0001,
"bigM": 1,
"pos_tol": 1e-06,
"duplicate_vertices_tol": 0.001,
"bar_contact_distance_tol": 0,
"bar_contact_distance": 0.018000000000000002,
"fixed_contact_pairs": [
[
0,
4
],
[
2,
3
],
[
2,
5
],
[
3,
5
],
[
1,
3
],
[
1,
4
],
[
3,
4
],
[
1,
2
],
[
1,
6
],
[
2,
6
]
],
"debug_mode": 0
}
}