{
"contact_id_pairs": [
[
0,
2
],
[
1,
2
],
[
1,
3
],
[
3,
4
],
[
2,
3
],
[
3,
5
],
[
0,
5
],
[
4,
5
]
],
"contact_t_bound_pairs": [
[
[
0.6,
0.9
],
[
0.1,
0.4
]
],
[
[
0.1,
0.4
],
[
0.1,
0.4
]
],
[
[
0.6,
0.9
],
[
0.1,
0.4
]
],
[
[
0.1,
0.4
],
[
0.6,
0.9
]
],
[
[
0.6,
0.9
],
[
0.6,
0.9
]
],
[
[
0.6,
0.9
],
[
0.1,
0.4
]
],
[
[
0.1,
0.4
],
[
0.6,
0.9
]
],
[
[
0.1,
0.4
],
[
0.6,
0.9
]
]
],
"line_pt_pairs": [
[
[
2.4651196357069356,
0.2894646892000798,
0.7830514990357514
],
[
2.0,
0.0,
0.0
]
],
[
[
1.9952352276712877,
0.03590423732799939,
0.03166221024483019
],
[
2.899999999999997,
0.0,
0.0
]
],
[
[
2.03509064052075,
-0.07188194755818679,
0.0736080414559235
],
[
2.4499999999999984,
0.7794228634059945,
0.0
]
],
[
[
2.8607016756931656,
-0.08235144755733541,
0.03863311122580106
],
[
2.3617184323674913,
0.7823455426576928,
0.0436979284364222
]
],
[
[
2.4352999586798605,
0.3031515161636699,
0.7625801183235263
],
[
2.87244899683438,
0.013110465617117832,
-0.02976171639116585
]
],
[
[
2.453597086129794,
0.7480049142987674,
-0.024610212811920974
],
[
2.4477778555084355,
0.18781099289064598,
0.7730044040626585
]
]
],
"contact_t_pairs": [
[
0.8999999934932378,
0.1000000080238017
],
[
0.10000003823421608,
0.12526616123953516
],
[
0.8999999905513887,
0.1000000080049081
],
[
0.12403959354746084,
0.8999999458456154
],
[
0.8999999900534607,
0.8999999913711245
],
[
0.8759604070381043,
0.10000007589871385
],
[
0.10000001742715656,
0.8999999872131029
],
[
0.10000006971141247,
0.873626553612016
]
],
"half_couplers": [
{
"pose": [
[
-0.2558412072685705,
-0.8352670168577673,
-0.48669732607944993,
2.0465119665971163
],
[
-0.8474153670625902,
0.4360536145701749,
-0.3028934480745013,
0.02894647080348588
],
[
0.4652230350375349,
0.3349421677988778,
-0.819378588871257,
0.07830515499870505
],
[
0.0,
0.0,
0.0,
1.0
]
],
"at_element": 0,
"to_element": 2
},
{
"pose": [
[
0.33397077112205686,
0.8352670168558718,
0.4367980478308383,
2.0765815797978253
],
[
-0.08157619194165872,
-0.43605361457475267,
0.896215693973605,
0.013248540368932332
],
[
0.9390467767605809,
-0.33494216779764435,
-0.07749125942051904,
0.06624723671971483
],
[
0.0,
0.0,
0.0,
1.0
]
],
"at_element": 2,
"to_element": 0
},
{
"pose": [
[
-0.03713621358031638,
-0.03758343688646837,
0.9986032179563203,
2.08571173949713
],
[
-0.9969057096667348,
-0.06788682982926275,
-0.03962807552224623,
0.03231381222242908
],
[
0.06928136599967749,
-0.9969848863486015,
-0.034946083009189666,
0.02849598800976738
],
[
0.0,
0.0,
0.0,
1.0
]
],
"at_element": 1,
"to_element": 2
},
{
"pose": [
[
-0.8987741377614853,
0.03758343668125361,
0.43679804781881254,
2.0870647432450697
],
[
0.4383934398939425,
0.06788683016257346,
0.8962156939869077,
0.03475773815604434
],
[
0.004030030900083248,
0.9969848863336417,
-0.07749125933445855,
0.0643874446663794
],
[
0.0,
0.0,
0.0,
1.0
]
],
"at_element": 2,
"to_element": 1
},
{
"pose": [
[
-0.0390863813065514,
-0.035550920058357416,
0.9986032179396194,
2.809523514218355
],
[
-0.9991069209514039,
-0.01466206400939507,
-0.03962807572907545,
0.003590424072045122
],
[
0.016050398853729553,
-0.9992603044062085,
-0.03494608325188264,
0.003166221323646937
],
[
0.0,
0.0,
0.0,
1.0
]
],
"at_element": 1,
"to_element": 3
},
{
"pose": [
[
-0.8654075322493475,
0.035550920076997866,
-0.49980589753200555,
2.810803347366283
],
[
-0.49961654907984354,
0.014662063996406127,
0.8661225824125091,
0.004118258385987367
],
[
0.03811964075962562,
0.9992603044057361,
0.005073167384671007,
0.039139592987406574
],
[
0.0,
0.0,
0.0,
1.0
]
],
"at_element": 3,
"to_element": 1
},
{
"pose": [
[
0.2432447469408867,
-0.8312797705157544,
-0.49980589854156254,
2.798807997004055
],
[
0.14598384179313562,
-0.47803806456202813,
0.8661225818353353,
0.02490521565064943
],
[
-0.9589164254620841,
-0.28364335345829117,
0.005073166462304046,
0.0392613490939987
],
[
0.0,
0.0,
0.0,
1.0
]
],
"at_element": 3,
"to_element": 4
},
{
"pose": [
[
-0.31201530333544847,
0.8312797710502942,
0.4600221654736421,
2.8287340693453906
],
[
0.8236031817188258,
0.47803806588852527,
-0.30521698285676196,
0.04211458637876765
],
[
-0.47362880987870165,
0.2836433496560929,
-0.8337998564696187,
0.04947250998908784
],
[
0.0,
0.0,
0.0,
1.0
]
],
"at_element": 4,
"to_element": 3
},
{
"pose": [
[
0.8954079823694077,
-0.08632502833909442,
0.43679804783377985,
2.4085090599251613
],
[
-0.4414326041748813,
-0.043985063943912994,
0.8962156939717315,
0.6942923738420396
],
[
-0.058153255115505675,
-0.9952955860607965,
-0.0774912594256052,
0.007360804877737631
],
[
0.0,
0.0,
0.0,
1.0
]
],
"at_element": 2,
"to_element": 3
},
{
"pose": [
[
-0.8618248396700818,
0.08632502833953104,
-0.49980589753404925,
2.411616761005723
],
[
-0.49789254502030966,
0.043985063945012004,
0.8661225824113767,
0.6958758361748273
],
[
0.09675205083529914,
0.99529558606071,
0.005073167376631327,
0.04319144667165641
],
[
0.0,
0.0,
0.0,
1.0
]
],
"at_element": 3,
"to_element": 2
},
{
"pose": [
[
0.28829009378974546,
-0.8167514233786963,
-0.49980589655542623,
2.423612110764415
],
[
0.17187863393204167,
-0.4693499829189256,
0.8661225829705974,
0.6750888799560445
],
[
-0.9419907414727362,
-0.3356005154091361,
0.005073168316468313,
0.04306969057119035
],
[
0.0,
0.0,
0.0,
1.0
]
],
"at_element": 3,
"to_element": 5
},
{
"pose": [
[
0.5769588088374364,
0.8167514240343163,
-0.005970279960179403,
2.453015162625986
],
[
-0.6703660434446219,
0.46934998292203434,
-0.5747346877712266,
0.691985479639957
],
[
-0.4666132238817176,
0.335600513809205,
0.8183180276822133,
0.05515130941346054
],
[
0.0,
0.0,
0.0,
1.0
]
],
"at_element": 5,
"to_element": 3
},
{
"pose": [
[
-0.283037200225863,
-0.8264476123960731,
-0.4866973261207987,
2.418607664030529
],
[
-0.8326922429711645,
0.4635506311593611,
-0.3028934480100372,
0.2605182152355253
],
[
0.47593441962517896,
0.31953897464407727,
-0.819378588870527,
0.7047463354858152
],
[
0.0,
0.0,
0.0,
1.0
]
],
"at_element": 0,
"to_element": 5
},
{
"pose": [
[
-0.5629819710793391,
0.8264476123845914,
-0.005970278337760954,
2.4483597786449813
],
[
-0.674389244879672,
-0.46355063123030593,
-0.5747346854650507,
0.24383039219460012
],
[
-0.47775563484928996,
-0.3195389745708541,
0.818318029313762,
0.6932429321761845
],
[
0.0,
0.0,
0.0,
1.0
]
],
"at_element": 5,
"to_element": 0
},
{
"pose": [
[
-0.26555017110873247,
0.8472677946060366,
0.46002216343079183,
2.479014892969589
],
[
0.8487875217183448,
0.4317433663724485,
-0.305216986042088,
0.2741473908898434
],
[
-0.45721204008572813,
0.30941064916516503,
-0.833799856430689,
0.6833458796167887
],
[
0.0,
0.0,
0.0,
1.0
]
],
"at_element": 4,
"to_element": 5
},
{
"pose": [
[
-0.5311324125867525,
-0.84726779478268,
-0.0059702783745956,
2.448513251737383
],
[
0.6951817799482755,
-0.43174336633615096,
-0.5747346852702346,
0.2586046293845897
],
[
0.48437656129061746,
-0.30941064873210566,
0.8183180294503196,
0.6722070960387864
],
[
0.0,
0.0,
0.0,
1.0
]
],
"at_element": 5,
"to_element": 4
}
],
"contact_residues": [
5.119509819782954e-11,
5.337172494436789e-11,
5.080513941970759e-11,
5.297334264819026e-11,
5.0344477908096374e-11,
5.2223345101614137e-11,
4.9485400283369934e-11,
5.151026345555971e-11
],
"collision_dists": [
0.02,
0.02,
0.02,
0.02,
0.02,
0.02,
0.02,
0.02,
0.02,
0.02,
0.02,
0.02,
0.025,
0.025,
0.025,
0.025,
0.025,
0.025,
0.025,
0.025,
0.025,
0.025,
0.025,
0.025
],
"collision_id_pairs": [
[
0,
1
],
[
0,
2
],
[
0,
4
],
[
0,
5
],
[
1,
2
],
[
1,
3
],
[
1,
4
],
[
2,
3
],
[
2,
5
],
[
3,
4
],
[
3,
5
],
[
4,
5
]
],