{
"contact_id_pairs": [
[
1,
2
],
[
1,
3
],
[
2,
3
],
[
4,
0
],
[
4,
1
],
[
1,
0
],
[
5,
0
],
[
5,
2
],
[
0,
2
],
[
4,
5
],
[
4,
3
],
[
3,
5
]
],
"contact_t_bound_pairs": [
[
[
0.1,
0.4
],
[
0.6,
0.9
]
],
[
[
0.1,
0.4
],
[
0.6,
0.9
]
],
[
[
0.1,
0.4
],
[
0.1,
0.4
]
],
[
[
0.1,
0.4
],
[
0.6,
0.9
]
],
[
[
0.6,
0.9
],
[
0.6,
0.9
]
],
[
[
0.1,
0.4
],
[
0.1,
0.4
]
],
[
[
0.6,
0.9
],
[
0.6,
0.9
]
],
[
[
0.6,
0.9
],
[
0.1,
0.4
]
],
[
[
0.1,
0.4
],
[
0.6,
0.9
]
],
[
[
0.6,
0.9
],
[
0.1,
0.4
]
],
[
[
0.1,
0.4
],
[
0.1,
0.4
]
],
[
[
0.6,
0.9
],
[
0.6,
0.9
]
]
],
"line_pt_pairs": [
[
[
0.20227621066400603,
0.5057385036192554,
0.0
],
[
0.22798233467963358,
0.020899500192647923,
0.10179797294115388
]
],
[
[
0.11576048119113885,
0.4589459815349829,
0.10182292072924333
],
[
0.49816471124228023,
-0.00984710988108528,
0.0
]
],
[
[
0.0,
0.0,
0.0
],
[
0.2729102032084519,
0.5891684911636212,
0.07502730563367746
]
],
[
[
0.027298324191707978,
0.09642311058234426,
-0.06024187231319793
],
[
0.26264137624486117,
0.3007438628475118,
0.11491475430377389
]
],
[
[
0.04983590982620036,
0.18210565866103048,
0.038340434603043136
],
[
0.47677252667430925,
0.03699093915179899,
0.050873420060736196
]
],
[
[
0.4821334396714747,
0.04216668455797909,
-0.014686952345049534
],
[
0.044591311937590875,
0.2617425932115081,
0.10179781789945602
]
]
],
"contact_t_pairs": [
[
0.17004523245441192,
0.6533019246632671
],
[
0.34902346700915043,
0.8999985405170473
],
[
0.29390292110182836,
0.33286775348366743
],
[
0.39999861750809396,
0.7718124094322499
],
[
0.8999979261119332,
0.8450455553342623
],
[
0.29815866537348135,
0.39999949738695234
],
[
0.6106266798499028,
0.6738226102560994
],
[
0.8327937083816067,
0.3999996071538796
],
[
0.2153964146197563,
0.690020000758083
],
[
0.6000008294798924,
0.3780362573303108
],
[
0.1512841095798941,
0.39999930228235037
],
[
0.6000004720463854,
0.7226492944162682
]
],
"half_couplers": [
{
"pose": [
[
0.7788916789819464,
0.06921245811248572,
0.6233276731019666,
0.18078649738173558
],
[
0.625521079125908,
-0.15750572380229677,
-0.7641435248293832,
0.3792299513321152
],
[
0.0452894246137458,
0.9850896317653243,
-0.16597374914911622,
0.08450841850465199
],
[
0.0,
0.0,
0.0,
1.0
]
],
"at_element": 1,
"to_element": 2
},
{
"pose": [
[
0.9060225024787032,
-0.06921247661854882,
0.4175318647511291,
0.17829276101632494
],
[
-0.4033616788300275,
0.15750574998368316,
0.9013829900622151,
0.38490490922814685
],
[
-0.12815061862375104,
-0.9850896262789516,
0.11478609299015963,
0.04901548317278066
],
[
0.0,
0.0,
0.0,
1.0
]
],
"at_element": 2,
"to_element": 1
},
{
"pose": [
[
-0.7296651706330839,
0.28116071214336064,
0.6233276768378178,
0.24922853136255296
],
[
-0.49207075596127753,
0.4170743619688585,
-0.7641435386862644,
0.2953261914590092
],
[
-0.4748211346314415,
-0.8642902466968535,
-0.16597367132169727,
0.06628433191532493
],
[
0.0,
0.0,
0.0,
1.0
]
],
"at_element": 1,
"to_element": 3
},
{
"pose": [
[
-0.6982909501999419,
-0.2811607255199794,
0.6582844334282423,
0.23910672756037332
],
[
0.7066994002322539,
-0.41707432872016703,
0.5715111215313271,
0.2803114894183402
],
[
0.11386705660653446,
0.8642902583899124,
0.4899353453998426,
0.09739883600396611
],
[
0.0,
0.0,
0.0,
1.0
]
],
"at_element": 3,
"to_element": 1
},
{
"pose": [
[
-0.5723585500042359,
-0.7057427564885691,
0.417531857348592,
0.08020910592145758
],
[
0.3590067550425552,
0.24212155060997564,
0.9013829954930566,
0.17315834057414503
],
[
-0.7372379806214975,
0.6658110215324895,
0.11478607726984658,
0.02205074428813747
],
[
0.0,
0.0,
0.0,
1.0
]
],
"at_element": 2,
"to_element": 3
},
{
"pose": [
[
0.2618945123941331,
0.7057427698064132,
0.6582844425047663,
0.1056364372266309
],
[
-0.7840613459253822,
-0.2421215318574137,
0.5715111281827301,
0.16443490037894354
],
[
0.5627246841960258,
-0.665811014235264,
0.4899353254456059,
-0.0019378795034289686
],
[
0.0,
0.0,
0.0,
1.0
]
],
"at_element": 3,
"to_element": 2
},
{
"pose": [
[
-0.3201704239206724,
-0.041812386572326,
0.9464368040052034,
0.2206099663290267
],
[
-0.9238448739391981,
-0.20742512078540698,
-0.3216915730376332,
0.12405997147726305
],
[
0.20976546079544273,
-0.9773569171987714,
0.027783229851652713,
0.043353611459369404
],
[
0.0,
0.0,
0.0,
1.0
]
],
"at_element": 4,
"to_element": 0
},
{
"pose": [
[
0.9977808052849737,
0.0418123876364923,
0.05181880783079825,
0.22211651617767175
],
[
0.04206531954992055,
0.20742511863136914,
-0.9773460641205477,
0.1315337441978346
],
[
-0.05161369484964785,
0.9773569176103981,
0.20520595045726453,
0.07856893877103095
],
[
0.0,
0.0,
0.0,
1.0
]
],
"at_element": 0,
"to_element": 4
},
{
"pose": [
[
0.2936792015797285,
-0.13420097878097315,
0.9464368039408242,
0.4340779795707434
],
[
0.8933883454192711,
-0.31364278388438827,
-0.3216915733839919,
0.05150271205440725
],
[
0.34001439797236593,
0.9400097347429334,
0.027783228034369722,
0.04962009552295791
],
[
0.0,
0.0,
0.0,
1.0
]
],
"at_element": 4,
"to_element": 1
},
{
"pose": [
[
-0.7703588020054135,
0.13420098026689886,
0.623327693166433,
0.4389094761368766
],
[
-0.5636602663107707,
0.3136427751594635,
-0.7641435164762841,
0.06279446326242598
],
[
-0.2980510364941791,
-0.9400097374419444,
-0.16597371225309066,
0.015777914135843334
],
[
0.0,
0.0,
0.0,
1.0
]
],
"at_element": 1,
"to_element": 4
},
{
"pose": [
[
0.6186171933308215,
0.478304697829668,
0.6233276699694689,
0.2297776160563609
],
[
0.6117147308346494,
0.20466986226527406,
-0.7641435307324181,
0.31917125906205956
],
[
-0.4930698289242502,
0.8540110441407557,
-0.16597373373587399,
0.07146353458018236
],
[
0.0,
0.0,
0.0,
1.0
]
],
"at_element": 1,
"to_element": 0
},
{
"pose": [
[
-0.8766637978951044,
-0.4783047123611125,
0.05181879575293963,
0.21255864735002372
],
[
0.053897129037056346,
-0.20466985978934127,
-0.9773460738015854,
0.31180314593502156
],
[
0.47807497836813667,
-0.8540110365955259,
0.20520590739874167,
0.040719138011472124
],
[
0.0,
0.0,
0.0,
1.0
]
],
"at_element": 0,
"to_element": 1
},
{
"pose": [
[
0.3498686308708123,
-0.348673662596827,
-0.8694933111553519,
0.21495854291887115
],
[
0.8748680589833502,
-0.21025700200205177,
0.4363460467104231,
0.17624559263410908
],
[
-0.33495943113053095,
-0.9133557193779559,
0.23148112099324203,
0.05644175616243165
],
[
0.0,
0.0,
0.0,
1.0
]
],
"at_element": 5,
"to_element": 0
},
{
"pose": [
[
0.9358105971928417,
0.34867368388780395,
0.05181880301285319,
0.2195975782477832
],
[
-0.02422090675279323,
0.2102570054613252,
-0.9773460693789631,
0.17904302077637288
],
[
-0.35167012079170107,
0.9133557104537882,
0.20520592662934067,
0.06859377584598808
],
[
0.0,
0.0,
0.0,
1.0
]
],
"at_element": 0,
"to_element": 5
},
{
"pose": [
[
-0.46771410397276414,
0.15882347882507009,
-0.8694933119460189,
0.11775110854279494
],
[
-0.877998781633032,
-0.1967746259914176,
0.4363460622222332,
0.22502811979681245
],
[
-0.1017922216864614,
0.9674992760409902,
0.231481088783283,
0.08232083143685169
],
[
0.0,
0.0,
0.0,
1.0
]
],
"at_element": 5,
"to_element": 2
},
{
"pose": [
[
0.8946743815127083,
-0.15882347758759224,
0.41753185990033925,
0.10916397407166621
],
[
-0.38573104921633844,
0.19677462689568836,
0.9013829951139112,
0.23566716501289248
],
[
-0.2253204578712631,
-0.9674992760602181,
0.11478607096524429,
0.030010892779285044
],
[
0.0,
0.0,
0.0,
1.0
]
],
"at_element": 2,
"to_element": 5
},
{
"pose": [
[
-0.8393018655161733,
0.5411905292684812,
0.051818814837590266,
0.207813217610743
],
[
-0.15397532739255104,
-0.1452110860785294,
-0.9773460692274005,
0.4013059206133484
],
[
-0.5214057701017778,
-0.8282671981371683,
0.2052059243652017,
0.021926918387083515
],
[
0.0,
0.0,
0.0,
1.0
]
],
"at_element": 0,
"to_element": 2
},
{
"pose": [
[
-0.7299177730331561,
-0.5411905236369872,
0.41753186912598805,
0.18831349862478455
],
[
0.407949082684035,
0.1452110417814837,
0.9013829925630894,
0.40653804271936056
],
[
-0.5484501714354476,
0.8282672095829098,
0.11478605743803638,
0.051770341490227044
],
[
0.0,
0.0,
0.0,
1.0
]
],
"at_element": 2,