{
"contact_id_pairs": [
[
0,
4
],
[
0,
5
],
[
0,
6
],
[
0,
8
],
[
1,
2
],
[
1,
5
],
[
1,
6
],
[
1,
9
],
[
11,
2
],
[
11,
3
],
[
11,
7
],
[
11,
9
],
[
10,
3
],
[
10,
4
],
[
10,
7
],
[
10,
8
]
],
"contact_t_bound_pairs": [
[
[
0.1,
0.4
],
[
0.6,
0.9
]
],
[
[
0.1,
0.4
],
[
0.1,
0.4
]
],
[
[
0.6,
0.9
],
[
0.1,
0.4
]
],
[
[
0.6,
0.9
],
[
0.6,
0.9
]
],
[
[
0.1,
0.4
],
[
0.1,
0.4
]
],
[
[
0.1,
0.4
],
[
0.6,
0.9
]
],
[
[
0.6,
0.9
],
[
0.6,
0.9
]
],
[
[
0.6,
0.9
],
[
0.6,
0.9
]
],
[
[
0.1,
0.4
],
[
0.6,
0.9
]
],
[
[
0.1,
0.4
],
[
0.1,
0.4
]
],
[
[
0.6,
0.9
],
[
0.1,
0.4
]
],
[
[
0.6,
0.9
],
[
0.1,
0.4
]
],
[
[
0.1,
0.4
],
[
0.6,
0.9
]
],
[
[
0.1,
0.4
],
[
0.1,
0.4
]
],
[
[
0.6,
0.9
],
[
0.6,
0.9
]
],
[
[
0.6,
0.9
],
[
0.1,
0.4
]
]
],
"line_pt_pairs": [
[
[
-0.7462165744565809,
5.931195868331836,
2.51387209548041
],
[
-0.7462165744565809,
5.931195868331836,
0.0
]
],
[
[
-0.7462165744565809,
3.3861318249651173,
2.51387209548041
],
[
-0.7462165744565809,
3.3861318249651173,
0.0
]
],
[
[
-0.9462165743860184,
3.5861318244133935,
2.3138720955261123
],
[
1.3353546031768468,
3.3861318249651173,
2.51387209548041
]
],
[
[
1.1353546040437155,
3.3238645576598,
2.3138720959054813
],
[
1.3353546031768468,
5.931195868331836,
2.51387209548041
]
],
[
[
1.4007404623660105,
5.73119586880992,
2.3138720959120014
],
[
-0.9462165743959274,
6.131195867731084,
2.3138720955360177
]
],
[
[
-0.7462165744565809,
6.131195868276622,
2.3138720955293275
],
[
-0.7462165744565809,
3.186131825020331,
2.3138720955293275
]
],
[
[
-0.7462165744565809,
6.131195868276622,
0.19999999995108245
],
[
-0.7462165744565809,
3.186131825020331,
0.19999999995108245
]
],
[
[
1.3353546031768468,
3.3861318249651173,
0.2542095415016592
],
[
1.3353546031768468,
5.931195868331836,
0.2542095415016592
]
],
[
[
1.5251930219413357,
5.731195868807975,
0.4542095410354865
],
[
-0.9462165743987254,
6.131195867721495,
0.19999999993780618
]
],
[
[
1.3743014151341528,
3.5861318244860896,
0.45420954100384836
],
[
-0.9462165743951926,
3.186131825565498,
0.19999999993769682
]
],
[
[
1.135354603484223,
5.731195868381428,
2.7138720954125732
],
[
1.293927560313905,
5.731195868382469,
0.05420954156074876
]
],
[
[
1.1353546032446387,
3.586131824769714,
2.7138720954132305
],
[
1.1353546035313113,
3.586131824903444,
0.05420954156132296
]
]
],
"contact_t_pairs": [
[
0.10000000001945906,
0.899999999977556
],
[
0.10000000001945906,
0.10000000001386775
],
[
0.8999999999805409,
0.10000000001386775
],
[
0.8999999999779731,
0.8999999999778747
],
[
0.10000000001782422,
0.10000000002179324
],
[
0.10000000001945906,
0.8999999999861323
],
[
0.8999999999805409,
0.8999999999861323
],
[
0.8999999999779731,
0.8999999999742865
],
[
0.10000000001886131,
0.8999999999732874
],
[
0.1428752677569577,
0.10000000013284928
],
[
0.8999999999827603,
0.1000000000189495
],
[
0.8591629435283122,
0.10000000017096666
],
[
0.10000000001884797,
0.8999999999806372
],
[
0.15054784246973127,
0.1000000001657959
],
[
0.8999999999828603,
0.8999999999810505
],
[
0.8593071869475981,
0.10000000013702938
]
],
"half_couplers": [
{
"pose": [
[
0.9784688074636797,
-0.2057779339682278,
0.015944739332212812,
-0.7462165744565809
],
[
-0.2057779339682278,
-0.9666610679739438,
0.15238707804548893,
5.9311958683318355
],
[
-0.015944739332212812,
-0.15238707804548893,
-0.9881922605102642,
2.262484885883451
],
[
0.0,
0.0,
0.0,
1.0
]
],
"at_element": 0,
"to_element": 4
},
{
"pose": [
[
-0.05910657263441088,
0.18008048154151088,
-0.9818744488167469,
-0.7115208706670585
],
[
-0.3148268145506168,
0.9300346653850988,
0.1895246633605737,
6.09119586782999
],
[
0.9473069670974265,
0.3203225582905531,
0.0017230028643506756,
2.313872095573616
],
[
0.0,
0.0,
0.0,
1.0
]
],
"at_element": 4,
"to_element": 0
},
{
"pose": [
[
-1.0000000000000004,
0.0,
0.0,
-0.7462165744565809
],
[
-0.0,
0.9681823427340656,
-0.25024578161874456,
5.9311958683318355
],
[
0.0,
-0.25024578161874456,
-0.9681823427340659,
2.262484885883451
],
[
0.0,
0.0,
0.0,
1.0
]
],
"at_element": 0,
"to_element": 5
},
{
"pose": [
[
1.0,
0.0,
0.0,
-0.7462165744565809
],
[
0.0,
-0.4354290475488549,
-0.9002230526656698,
5.836689463910151
],
[
0.0,
0.9002230526656698,
-0.4354290475488549,
2.3138720955293275
],
[
0.0,
0.0,
0.0,
1.0
]
],
"at_element": 5,
"to_element": 0
},
{
"pose": [
[
-1.0,
0.0,
0.0,
-0.7462165744565809
],
[
0.0,
0.9681823427340657,
0.25024578161874417,
5.9311958683318355
],
[
0.0,
0.25024578161874417,
-0.9681823427340659,
0.25138720959695865
],
[
0.0,
0.0,
0.0,
1.0
]
],
"at_element": 0,
"to_element": 6
},
{
"pose": [
[
-1.0,
0.0,
0.0,
-0.7462165744565809
],
[
-0.0,
-0.43542904754885514,
-0.9002230526656697,
5.836689463910151
],
[
0.0,
-0.9002230526656697,
0.43542904754885503,
0.19999999995108245
],
[
0.0,
0.0,
0.0,
1.0
]
],
"at_element": 6,
"to_element": 0
},
{
"pose": [
[
0.9597801968242535,
-0.2805339098782808,
-0.011076966750951545,
-0.7462165744565809
],
[
-0.2805339098782808,
-0.9567294809402018,
-0.07726205865945249,
5.931195868331836
],
[
0.011076966750951545,
0.07726205865945249,
-0.9969492841159482,
0.2513872096034138
],
[
0.0,
0.0,
0.0,
1.0
]
],
"at_element": 0,
"to_element": 8
},
{
"pose": [
[
-0.08333692830299633,
0.22272519829156912,
-0.9713127418226339,
-0.6990756147100387
],
[
0.12259794867355349,
0.9695904283149203,
0.2118115773538508,
6.091195867821292
],
[
0.9889513129381335,
-0.10142922343225735,
-0.10810834043620887,
0.22542095405319867
],
[
0.0,
0.0,
0.0,
1.0
]
],
"at_element": 8,
"to_element": 0
},
{
"pose": [
[
0.9889269751550172,
-0.14773762458073733,
0.014036812102084075,
-0.7462165744565807
],
[
-0.14773762458073733,
-0.971133093469789,
0.18728082937406781,
3.3861318249651173
],
[
-0.014036812102084075,
-0.18728082937406781,
-0.9822061183147719,
2.262484885887561
],
[
0.0,
0.0,
0.0,
1.0
]
],
"at_element": 1,
"to_element": 2
},
{
"pose": [
[
0.11558825453701227,
0.10241906403406051,
0.988002879922662,
-0.718059456580009
],
[
0.30955897695057544,
0.9414187288283258,
-0.13380589224908002,
3.5661318244642075
],
[
-0.9438286895419105,
0.32131155026492014,
0.07711220697109977,
2.333872095525901
],
[
0.0,
0.0,
0.0,
1.0
]
],
"at_element": 2,
"to_element": 1
},
{
"pose": [
[
1.0,
0.0,
0.0,
-0.7462165744565809
],
[
-0.0,
-0.968182342734065,
0.25024578161874544,
3.3861318249651173
],
[
0.0,
-0.25024578161874544,
-0.968182342734065,
2.262484885883451
],
[
0.0,
0.0,
0.0,
1.0
]
],
"at_element": 1,
"to_element": 5
},
{
"pose": [
[
1.0,
0.0,
0.0,
-0.7462165744565809
],
[
0.0,
0.43542904754885414,
-0.90022305266567,
3.4806382293868015
],
[
0.0,
0.90022305266567,
0.43542904754885414,
2.3138720955293275
],
[
0.0,
0.0,
0.0,
1.0
]
],
"at_element": 5,
"to_element": 1
},
{
"pose": [
[
1.0,
0.0,
0.0,
-0.7462165744565809
],
[
0.0,
-0.9681823427340654,
-0.25024578161874517,
3.3861318249651173
],
[
0.0,
0.25024578161874517,
-0.9681823427340654,
0.25138720959695865
],
[
0.0,
0.0,
0.0,
1.0
]
],
"at_element": 1,
"to_element": 6
},
{
"pose": [
[
1.0,
0.0,
0.0,
-0.7462165744565809
],
[
0.0,
0.7558948298286137,
-0.6546930626166518,
3.4806382293868015
],
[
-0.0,
0.6546930626166518,
0.7558948298286137,
0.19999999995108245
],
[
0.0,
0.0,
0.0,
1.0
]
],
"at_element": 6,
"to_element": 1
},
{
"pose": [
[
-0.9807927059628476,
-0.19489775720821503,
-0.007780241980966689,
-0.7462165744565809
],
[
-0.19489775720821503,
0.9776411862763521,
0.0789466600393875,
3.3861318249651173
],
[
-0.007780241980966689,
0.0789466600393875,
-0.996848480313504,
0.2513872096034138
],
[
0.0,
0.0,
0.0,
1.0
]
],
"at_element": 1,
"to_element": 9
},
{
"pose": [
[
0.07578895565186605,
0.18959647992198297,
-0.9789326886984582,
-0.7141647753825894
],
[
0.17891138459191114,
-0.9684093063655075,
-0.17370702866631835,
3.2261318254678426
],
[
-0.9809417672138365,
-0.16197712846531445,
-0.10731569870958402,
0.2254209540508486
],
[
0.0,
0.0,
0.0,
1.0
]
],
"at_element": 9,