{
"contact_id_pairs": [
[
0,
6
],
[
0,
7
],
[
6,
8
],
[
0,
4
],
[
0,
5
],
[
5,
8
],
[
5,
9
],
[
6,
9
],
[
1,
2
],
[
1,
10
],
[
2,
9
],
[
2,
7
],
[
2,
12
],
[
3,
7
],
[
3,
12
],
[
1,
3
],
[
1,
4
],
[
1,
13
],
[
11,
12
],
[
12,
14
],
[
14,
17
],
[
13,
15
],
[
13,
18
],
[
14,
15
],
[
10,
11
],
[
10,
15
],
[
10,
16
],
[
16,
17
],
[
16,
18
]
],
"nstatus": 0,
"opt_line_pos": [
[
-0.19987163762727178,
-0.3767985684114694,
-0.43941764326511945
],
[
0.37307270647806734,
-0.08057816895937145,
-0.09285789781492323
],
[
-0.20838536881580338,
0.43653663371056545,
-0.11423454625054091
],
[
-0.24987163762727177,
-0.34285708428189665,
-0.08848745989620822
],
[
0.42658365541054455,
-0.07240236355593202,
-0.026359438768071636
],
[
0.34510783595869216,
-0.10196406043146869,
-0.4778076872351751
],
[
-0.1715193736475764,
0.436710629811098,
-0.4058279553225261
],
[
-0.20152842437068869,
-0.3613985813272772,
-0.11440341656012298
],
[
-0.24987163762727177,
-0.32697242627529366,
-0.4435648620927805
],
[
-0.17149925358755422,
0.44531652672579586,
-0.11440858135047209
],
[
-0.20982124646015354,
0.4384975455867335,
0.24173165028034474
],
[
-0.23101018278630103,
0.43671076501210204,
0.3306168206310694
],
[
-0.24963591212327393,
-0.3724270484425489,
0.3178765554880064
],
[
0.3456962949632181,
-0.08914153112534662,
0.3053760733239878
],
[
-0.24960579155787502,
-0.41208966100719,
0.31080207495472884
],
[
0.33860274375097077,
-0.1349054926437114,
0.2433445301346583
],
[
-0.010305716093209471,
-0.03349810494402151,
0.6670467342860545
],
[
-0.007119796424979117,
-0.017563204130665606,
0.5864584355095629
],
[
-0.04900969697265702,
-0.0557775079557559,
0.6663132174122116
]
],
"opt_line_orient": [
[
0.904885921631454,
0.42565416576511306,
0.0
],
[
-0.8078421134346623,
0.588384216216319,
0.034570708250281364
],
[
-0.047403485407891736,
-0.9928362357800949,
0.10967733810225205
],
[
0.8637424299592702,
0.5005032029705601,
-0.05869887992343593
],
[
0.0682540900946643,
-0.08755355431640464,
-0.99381877337466
],
[
-0.7768506508444096,
0.6195998938927091,
-0.11224543541169535
],
[
-0.13757647531327147,
-0.9904872214036896,
0.0027888485751955765
],
[
0.09317949314567814,
-0.1276753965658238,
-0.9874292760339215
],
[
0.924135060821006,
0.3646804315447971,
-0.11394109096219886
],
[
-0.13240328367527235,
-0.08884379753808257,
-0.9872062348420505
],
[
-0.1689623974807484,
-0.03638781232264402,
-0.984950575080765
],
[
0.02883833416243276,
-0.9982260658411755,
0.052087157322946206
],
[
-0.102344195689676,
-0.08864492366147544,
-0.9907914730747761
],
[
-0.05184861524087274,
-0.002620276014198164,
-0.9986515184243269
],
[
0.9069899269779046,
0.3924715683666333,
-0.15275909264083304
],
[
-0.7300518466232118,
0.6732167798343508,
-0.11748816362300302
],
[
-0.24736302879496885,
0.7324243303538276,
-0.6343233657143073
],
[
-0.34708560243977243,
-0.6825078032297668,
-0.6432065633289965
],
[
0.7668330022655316,
-0.1348981499882566,
-0.6275106658584991
]
]
}