{
"contact_id_pairs": [
[
0,
2
],
[
0,
6
],
[
0,
1
],
[
0,
8
],
[
1,
7
],
[
2,
7
],
[
3,
4
],
[
3,
14
],
[
7,
14
],
[
3,
5
],
[
3,
6
],
[
5,
12
],
[
4,
13
],
[
5,
8
],
[
5,
13
],
[
8,
13
],
[
9,
16
],
[
11,
12
],
[
11,
16
],
[
12,
16
],
[
9,
13
],
[
10,
13
],
[
13,
17
],
[
10,
11
],
[
10,
15
],
[
11,
14
],
[
15,
17
],
[
16,
17
]
],
"nstatus": 0,
"opt_line_pos": [
[
-0.19987163762727178,
-0.3767985684114694,
-0.43941764326511945
],
[
0.3733334138013424,
-0.11397883587621248,
-0.4749245060288865
],
[
-0.17544977974482023,
0.43700348578438397,
-0.48940852236039717
],
[
-0.23083941229107127,
0.4484782701290522,
-0.0818562859005127
],
[
0.33861498980382687,
-0.08785885909729906,
-0.07400068581440666
],
[
-0.1682323758328431,
-0.4131380272808708,
-0.10558704288441437
],
[
-0.24987096190237373,
-0.36068091811753383,
-0.1092515228108859
],
[
-0.16761962285201804,
0.4537972323252937,
-0.11401821248982043
],
[
0.4105144014792549,
-0.05692821199985141,
-0.09533611681696118
],
[
-0.1857340166282393,
-0.33767120564951675,
0.3388161463998628
],
[
0.3908595898027831,
-0.1412911283148217,
0.24267304407859092
],
[
-0.1794463552798518,
0.4406013339741142,
0.24181200434824013
],
[
-0.16791411516997803,
-0.3999500070387116,
0.2490748021148664
],
[
0.39373018414033184,
-0.08918151922422249,
0.2638030453122028
],
[
-0.2152001151375046,
0.46776087336666583,
0.24920531840845084
],
[
0.020966532402853125,
-0.03474161517024316,
0.5862805359489347
],
[
-0.04704503180846146,
-0.056487159174434864,
0.6361185060711119
],
[
-0.0058579615070698835,
-0.044943891762571554,
0.6829273302071805
]
],
"opt_line_orient": [
[
0.904885921631454,
0.42565416576511306,
0.0
],
[
-0.7811324221845993,
0.6141587709214864,
-0.1124328382290077
],
[
-0.020886575202805024,
-0.9996329890284888,
0.01725219470869531
],
[
0.01772082218940063,
-0.9978492339829552,
-0.06311005229407905
],
[
-0.752951314440609,
0.6551394408221042,
-0.062101780662553306
],
[
0.8750102265305396,
0.47850689068748836,
-0.07340476164095722
],
[
-0.11831702005289343,
-0.055214592782672836,
-0.9914395753194679
],
[
-0.11748540678277834,
-0.11812850310973028,
-0.9860237501937463
],
[
-0.019717714994253677,
0.011189547239378102,
-0.9997429698417406
],
[
0.895022458328586,
0.4424621397932442,
-0.05623214327267045
],
[
-0.6506194396189477,
0.758439389429193,
0.038262741043992694
],
[
-0.02952513557498653,
-0.9992919504015688,
0.023320896893292198
],
[
0.03001819626168048,
0.09477430606466238,
-0.9950460988331933
],
[
-0.03906861521960572,
0.03722072765729297,
-0.998543069044838
],
[
0.0603213600257277,
0.03166350580696042,
-0.9976766790522165
],
[
-0.18424456351569463,
0.8458454527270116,
-0.5005990520525864
],
[
-0.3310011046412519,
-0.7140322495168147,
-0.6169248052852377
],
[
0.7411439315515888,
-0.15412703090506386,
-0.6534145170323685
]
]
}