{
"contact_id_pairs": [
[
0,
6
],
[
0,
7
],
[
6,
8
],
[
0,
4
],
[
0,
5
],
[
5,
8
],
[
5,
9
],
[
6,
9
],
[
1,
2
],
[
2,
9
],
[
2,
7
],
[
3,
7
],
[
1,
3
],
[
1,
4
]
],
"nstatus": 0,
"opt_line_pos": [
[
-0.19987163762727178,
-0.3767985684114694,
-0.43941764326511945
],
[
0.3406444476441235,
-0.14508050847019502,
-0.07168368438492455
],
[
-0.2027141394766492,
0.4493978228366635,
-0.07558372985511295
],
[
-0.18552968402038017,
-0.4264769557982968,
-0.09904021584935617
],
[
0.36043519553656006,
-0.11561738449590829,
-0.11172967218172514
],
[
0.38562666535134876,
-0.056176884556961536,
-0.4779557254761741
],
[
-0.22967510145268347,
0.44317119098609853,
-0.4387068539049529
],
[
-0.22553058751168428,
-0.4053496916042391,
-0.11335249692698662
],
[
-0.24987163015690717,
-0.32679857406159757,
-0.4395794549654965
],
[
-0.1700658049780867,
0.5219473508576546,
-0.1134459140616669
]
],
"opt_line_orient": [
[
0.904885921631454,
0.42565416576511306,
0.0
],
[
-0.7381420076947179,
0.6728855830433205,
-0.04869670018452669
],
[
0.014325482980014077,
-0.999027293753824,
0.04170427882484065
],
[
0.9198362238359554,
0.39218685130270503,
-0.009528640221993569
],
[
0.06040030183314517,
-0.0857395231133837,
-0.9944850615845141
],
[
-0.7805271084764804,
0.6227736075199228,
-0.054133785291309466
],
[
-0.06745969003954397,
-0.9968150759546738,
-0.042531101199553355
],
[
0.013655743690738034,
-0.06514077845094945,
-0.9977826414841346
],
[
0.9174848889490901,
0.3831378104301114,
-0.10689666397458834
],
[
-0.0659932612269514,
-0.16061211381072862,
-0.9848089349563603
]
]
}