{
"contact_id_pairs": [
[
0,
6
],
[
0,
7
],
[
6,
8
],
[
0,
5
],
[
4,
5
],
[
5,
8
],
[
5,
9
],
[
6,
9
],
[
1,
2
],
[
1,
10
],
[
2,
9
],
[
2,
3
],
[
3,
7
],
[
7,
12
],
[
1,
4
],
[
3,
4
],
[
3,
13
],
[
11,
12
],
[
12,
14
],
[
13,
14
],
[
14,
15
],
[
10,
11
],
[
10,
15
]
],
"nstatus": 0,
"opt_line_pos": [
[
-0.19987163762727178,
-0.3767985684114694,
-0.43941764326511945
],
[
0.37074665930982753,
-0.08431472904419472,
-0.05519230996743544
],
[
-0.1798694649858882,
0.45548079951744397,
-0.1086697529538114
],
[
-0.24987014740644878,
-0.3719168707558162,
-0.08071950032310728
],
[
0.4307030645312017,
-0.09284203095095955,
-0.11440820417653581
],
[
0.3664145436384997,
-0.10818003148148944,
-0.47596181763450435
],
[
-0.21610108194099586,
0.4367319627838182,
-0.48941764326511944
],
[
-0.24987088889739018,
-0.41281263176320737,
-0.11421261318000289
],
[
-0.2498716129576065,
-0.33155941897309943,
-0.4449776128405262
],
[
-0.14359640303276242,
0.48134645375669205,
-0.10171249901721034
],
[
-0.2311458040555559,
0.48217809160893293,
0.24173242829643007
],
[
-0.19732414653855693,
0.43673063674571677,
0.2665371793262959
],
[
-0.2274270563031981,
-0.42505714307461107,
0.2417320230286279
],
[
0.34334396116760746,
-0.14998304545593893,
0.24192703616354203
],
[
-0.24987109580103717,
-0.3957699220559071,
0.25022855647564635
],
[
0.4240921345166039,
-0.1468009535178467,
0.24173195311962528
]
],
"opt_line_orient": [
[
0.904885921631454,
0.42565416576511306,
0.0
],
[
-0.7558988463049827,
0.6424475085374752,
-0.12600846371885807
],
[
0.01877859610550449,
-0.9996262024169869,
-0.019870072211735226
],
[
0.9416733914372609,
0.3257055984328766,
-0.08465864993330083
],
[
0.08232350147821856,
-0.14482212525288377,
-0.9860270752578774
],
[
-0.7358809142085309,
0.6670822489321411,
-0.1161057847966845
],
[
-0.0860112389800709,
-0.996161037137577,
0.01628664661924412
],
[
0.05225047831389429,
-0.059428102368269634,
-0.9968641773907195
],
[
0.8874351667927606,
0.4440902015302556,
-0.12346140143511442
],
[
-0.09020386319944133,
-0.08507304745778588,
-0.992283144903783
],
[
-0.03715537311533946,
0.012553061356813925,
-0.9992306535025995
],
[
-0.06901582272704902,
-0.9962136572340056,
0.05286932337146033
],
[
-0.09882834995000132,
-0.06902956840783894,
-0.9927073465687598
],
[
-0.08936844171351943,
0.02604292184687304,
-0.9956580978666197
],
[
0.8966140214241431,
0.4363443589198646,
-0.0754115178499862
],
[
-0.6912876277104636,
0.715790950405879,
-0.09881665391768818
]
]
}