{
"contact_id_pairs": [
[
0,
6
],
[
0,
7
],
[
6,
8
],
[
0,
4
],
[
0,
5
],
[
5,
8
],
[
5,
9
],
[
6,
9
],
[
1,
2
],
[
1,
10
],
[
2,
9
],
[
2,
7
],
[
2,
12
],
[
3,
7
],
[
3,
12
],
[
1,
3
],
[
1,
4
],
[
1,
13
],
[
11,
12
],
[
12,
14
],
[
13,
15
],
[
14,
15
],
[
10,
11
],
[
10,
15
]
],
"nstatus": 0,
"opt_line_pos": [
[
-0.19987163762727178,
-0.3767985684114694,
-0.43941764326511945
],
[
0.3895656271071614,
-0.11905758966745955,
-0.08984580889563741
],
[
-0.19638708549363815,
0.4365371450448819,
-0.11440291098649218
],
[
-0.2248475579153411,
-0.3633873223631633,
-0.10395037278761454
],
[
0.42897786994769366,
-0.10438795748512025,
-0.0865407483119556
],
[
0.34108897416568695,
-0.14215783175590682,
-0.4731424810039086
],
[
-0.14924231434088642,
0.43653663371056545,
-0.432327097822027
],
[
-0.1563178157654319,
-0.37028133977214106,
-0.11316269471382645
],
[
-0.24499501156397274,
-0.33065887622841994,
-0.44719609654662834
],
[
-0.16010276604171506,
0.4367255983495975,
-0.11353628125463834
],
[
-0.23019533059331065,
0.43672501535444574,
0.24505843262657312
],
[
-0.19013845942037835,
0.4390680306798464,
0.28605781778586836
],
[
-0.2236545919930285,
-0.410944730102579,
0.24817124576723218
],
[
0.3506279814998019,
-0.1495433349957581,
0.2544208978196319
],
[
-0.24987163762727177,
-0.38422378160788867,
0.2663101643008097
],
[
0.3651794873922894,
-0.11317234971763501,
0.2540894805322727
]
],
"opt_line_orient": [
[
0.904885921631454,
0.42565416576511306,
0.0
],
[
-0.7839607687730966,
0.6202168890567147,
0.027138967436258963
],
[
0.0008425842915617982,
-0.9957873711742887,
0.09168861140573026
],
[
0.8954163364242248,
0.4440768867321361,
-0.03202035500916611
],
[
0.04835051695660742,
-0.02372934934272464,
-0.9985485193468567
],
[
-0.7559049735542138,
0.6407522787822837,
-0.1343286573718128
],
[
-0.16353058016863117,
-0.9859754179071007,
0.03332003350281588
],
[
0.04601735673307238,
-0.057573827521020624,
-0.9972801297849471
],
[
0.8941749349654132,
0.4282877097483477,
-0.1304638775987993
],
[
-0.10296643559879257,
-0.13921515685349417,
-0.9848944376136647
],
[
-0.09463477830147221,
0.012550276156042327,
-0.9954329456594444
],
[
0.005475403143229487,
-0.9989438426714153,
0.04562038085423833
],
[
-0.028192250754474655,
0.008660637031265035,
-0.9995650005695524
],
[
0.029478520271603567,
0.021291102836865215,
-0.9993386341889253
],
[
0.8905092790329403,
0.4483111497764336,
-0.07752636288621614
],
[
-0.7043500107495843,
0.7057236767539683,
-0.07645360963303977
]
]
}