{
"contact_id_pairs": [
[
0,
7
],
[
6,
7
],
[
6,
8
],
[
0,
4
],
[
0,
5
],
[
4,
5
],
[
4,
8
],
[
5,
9
],
[
6,
9
],
[
1,
9
],
[
2,
9
],
[
2,
10
],
[
2,
3
],
[
2,
7
],
[
3,
12
],
[
1,
4
],
[
1,
13
],
[
3,
4
],
[
3,
13
],
[
11,
12
],
[
11,
14
],
[
11,
17
],
[
12,
14
],
[
12,
17
],
[
13,
14
],
[
13,
15
],
[
13,
18
],
[
14,
15
],
[
15,
18
],
[
10,
11
],
[
10,
15
],
[
10,
16
],
[
15,
16
],
[
16,
17
],
[
16,
18
]
],
"nstatus": 0,
"opt_line_pos": [
[
-0.19987163762727178,
-0.3767985684114694,
-0.43941764326511945
],
[
0.3386025034897518,
-0.06657291710313266,
-0.04777768315156419
],
[
-0.18670273395801718,
0.4493259586542026,
-0.04850607635502083
],
[
-0.24304926790712164,
-0.4267985684114694,
-0.10016931750666297
],
[
0.3974839983641517,
-0.07743681728758435,
-0.10161983849961465
],
[
0.43246574540213334,
-0.0844540511636121,
-0.47512535968836334
],
[
-0.17040895079247603,
0.43653663371056545,
-0.4470605901362261
],
[
-0.18946655873872523,
-0.3316343692298475,
-0.11440820417653581
],
[
-0.19375878118449255,
-0.42661068154495646,
-0.48912928131078687
],
[
-0.15843059930007258,
0.48625440992741914,
-0.11440820417653581
],
[
-0.2005525941309852,
0.4609290388052239,
0.24182622693907052
],
[
-0.2299979910775542,
0.45214391369219187,
0.3403828390707603
],
[
-0.24987163762727177,
-0.4084421316055083,
0.2525058431576319
],
[
0.37535958875831416,
-0.12569381975876642,
0.27952030352251517
],
[
-0.20375694420298057,
-0.4267549537928616,
0.29964205645006364
],
[
0.34395769841268997,
-0.14721269910212365,
0.25637287740080444
],
[
-0.026478821882623432,
-0.02854494474886847,
0.6016351569882497
],
[
-0.055580267793545274,
-0.07926505952947079,
0.626042839452059
],
[
-0.07264537083107504,
-0.03523695005183967,
0.5862814732390809
]
],
"opt_line_orient": [
[
0.904885921631454,
0.42565416576511306,
0.0
],
[
-0.703622110751725,
0.6936980511935492,
-0.1539445972795392
],
[
-0.049995230029548685,
-0.9936554760451178,
-0.10074359483283747
],
[
0.9017220225596619,
0.43190109916287184,
-0.018942929362051934
],
[
0.07931797074826775,
-0.13416364821950363,
-0.9877797198833402
],
[
-0.7464669961028375,
0.6519776741438991,
-0.13308694957477218
],
[
0.0028363588041664333,
-0.9954650719173066,
-0.09508546503754205
],
[
-0.03624961979168501,
-0.01854464490722605,
-0.9991706867248575
],
[
0.8818913359502039,
0.4634382553347438,
-0.08656012400784505
],
[
-0.14433261919167853,
-0.08816329374944884,
-0.9855938964261693
],
[
-0.08047911846834921,
-0.15387500218267994,
-0.9848073898960333
],
[
-0.06058761186041664,
-0.9957228585541742,
-0.06975048560229423
],
[
-0.14128507253972647,
-0.016081127923165392,
-0.9898383330636186
],
[
0.017549467633880482,
-0.10566935021045952,
-0.9942464506408192
],
[
0.8579789899155337,
0.49657203377406584,
-0.13148485896485854
],
[
-0.6999381969040702,
0.7138916264246417,
-0.0211013325517468
],
[
-0.31868824616198294,
0.6911106424757171,
-0.6486939814851077
],
[
-0.3988739314985872,
-0.5287309813910372,
-0.7492283604403474
],
[
0.8192108805912254,
-0.22944834274625295,
-0.5255920386877516
]
]
}