{
"contact_id_pairs": [
[
0,
7
],
[
6,
7
],
[
6,
8
],
[
0,
5
],
[
4,
5
],
[
4,
8
],
[
5,
9
],
[
6,
9
],
[
1,
9
],
[
2,
9
],
[
2,
3
],
[
2,
7
],
[
1,
4
],
[
3,
4
]
],
"nstatus": 0,
"opt_line_pos": [
[
-0.19987163762727178,
-0.3767985684114694,
-0.43941764326511945
],
[
0.35224217533840807,
-0.10411381939860649,
-0.11440825250226758
],
[
-0.22757981496468888,
0.43673236982286434,
-0.09207138193637637
],
[
-0.24987163762727177,
-0.41871691176415876,
-0.1070513575507056
],
[
0.34199846950135165,
-0.14342830320088512,
-0.11421272301435142
],
[
0.3464623543947339,
-0.12043191089272551,
-0.40341784488759097
],
[
-0.23101508041692537,
0.4367318808907301,
-0.48725944863806214
],
[
-0.24967658776842966,
-0.3512014987578563,
-0.1144083269150989
],
[
-0.1818392592059065,
-0.4267982906955682,
-0.4894177546087061
],
[
-0.19197494781879335,
0.4435093995097796,
-0.11421318215756762
]
],
"opt_line_orient": [
[
0.904885921631454,
0.42565416576511306,
0.0
],
[
-0.7413948721185865,
0.6619982119005158,
-0.10996368053491472
],
[
0.01398526430007441,
-0.9976447575111836,
-0.06715169538372547
],
[
0.8822158890669827,
0.45409317262735505,
-0.1244769683555022
],
[
0.05824815624190539,
-0.12290768137553452,
-0.9907072494704522
],
[
-0.7525971945850308,
0.6584810843082718,
0.00035257757170019334
],
[
-0.02662466133260368,
-0.9989679229196933,
-0.03679967916215889
],
[
-0.09682540422997471,
-0.07372796971719708,
-0.992566888213123
],
[
0.8934927706454402,
0.4445977867028369,
-0.06327303425056881
],
[
-0.011329225217633705,
-0.14312380689385262,
-0.9896399469282651
]
]
}