{
"contact_id_pairs": [
[
0,
7
],
[
6,
7
],
[
6,
8
],
[
0,
5
],
[
4,
5
],
[
4,
8
],
[
5,
9
],
[
6,
9
],
[
1,
9
],
[
2,
9
],
[
2,
10
],
[
2,
3
],
[
2,
7
],
[
3,
12
],
[
1,
4
],
[
1,
13
],
[
3,
4
],
[
3,
13
],
[
11,
12
],
[
12,
14
],
[
13,
14
],
[
13,
15
],
[
10,
11
],
[
10,
15
]
],
"nstatus": 0,
"opt_line_pos": [
[
-0.19987163762727178,
-0.3767985684114694,
-0.43941764326511945
],
[
0.4047910147260114,
-0.09962109457577316,
-0.10156000989661719
],
[
-0.18577620063189934,
0.4949001519605161,
-0.09405542506014197
],
[
-0.1974142358591953,
-0.4188876239455239,
-0.11416846152870763
],
[
0.3668417810405202,
-0.11562941657020856,
-0.11416571618451916
],
[
0.3386025034897518,
-0.14998287480182068,
-0.4035134077267576
],
[
-0.18724046489163154,
0.4367765342957027,
-0.4844279771203959
],
[
-0.201093527187204,
-0.3353743875016118,
-0.11231012456061128
],
[
-0.1858321086385556,
-0.42662906019618013,
-0.48455366055922083
],
[
-0.22135797365400203,
0.4709739318074512,
-0.11440775612026997
],
[
-0.1515401339024826,
0.44775897959190575,
0.2826989314252039
],
[
-0.18586354243133107,
0.47276890499686436,
0.26697658011818143
],
[
-0.21200357839484021,
-0.4211633465974339,
0.2482220360550895
],
[
0.41895640634960213,
-0.04998990285010851,
0.24275655849788438
],
[
-0.24539750098612423,
-0.3958388256057945,
0.2417320230286279
],
[
0.4330149821145234,
-0.11660330218933256,
0.2623000123429325
]
],
"opt_line_orient": [
[
0.904885921631454,
0.42565416576511306,
0.0
],
[
-0.7690772218275355,
0.6324733497311877,
-0.09218290918522237
],
[
0.023897511825181267,
-0.997484134980585,
-0.06674061275265386
],
[
0.9090060658444645,
0.4047585305821823,
-0.09939066444551826
],
[
0.1043190752008985,
-0.1382800316118811,
-0.9848838324425102
],
[
-0.724870583325476,
0.6888749399750652,
0.0037355727451660104
],
[
0.017316876572617674,
-0.9989063119758907,
-0.04343162074448796
],
[
-0.02131609774331881,
-0.01679354905502506,
-0.9996317325331034
],
[
0.8951059854033944,
0.44138297993123654,
-0.06297888473163067
],
[
-0.00437324006093362,
-0.1306454524997333,
-0.9914195078333438
],
[
0.008428988248093527,
-0.033648247164990194,
-0.99939819272392
],
[
-0.0636328871863305,
-0.9970288875691476,
0.0434079833781718
],
[
-0.08777629947381413,
0.058837525604053816,
-0.9944010593475229
],
[
0.06649880980157369,
-0.09713648680683162,
-0.993047033743015
],
[
0.9096651367727461,
0.4113267959440931,
-0.05761602102356557
],
[
-0.6872594415071321,
0.722585063690398,
-0.07446667570697925
]
]
}