{
"contact_id_pairs": [
[
0,
7
],
[
1,
3
],
[
3,
7
],
[
0,
2
],
[
0,
9
],
[
1,
2
],
[
2,
8
],
[
3,
8
],
[
4,
5
],
[
4,
8
],
[
4,
15
],
[
4,
6
],
[
6,
7
],
[
6,
13
],
[
5,
9
],
[
5,
14
],
[
6,
9
],
[
10,
12
],
[
10,
13
],
[
13,
17
],
[
10,
11
],
[
11,
18
],
[
14,
18
],
[
11,
12
],
[
11,
16
],
[
12,
15
],
[
16,
17
],
[
17,
18
]
],
"nstatus": 0,
"opt_line_pos": [
[
-0.19987163762727178,
-0.3767985684114694,
-0.43941764326511945
],
[
-0.24967768040276167,
-0.32899042801650963,
-0.46962410801424853
],
[
0.42032978173241325,
-0.14998304545593893,
-0.4718315950044816
],
[
-0.17010460514616035,
0.4689854757647162,
-0.432460258621367
],
[
-0.23093510935464287,
0.43673064820698715,
-0.09292329756267649
],
[
0.41416464696259436,
-0.13148624884181517,
-0.11440820417653581
],
[
-0.24987163762727177,
-0.4148356698076555,
-0.0770818142124452
],
[
-0.18418111543101193,
-0.4267985684114694,
-0.1142271911213571
],
[
-0.1922166418535782,
0.4887197114691016,
-0.06421625568129155
],
[
0.37538839122131906,
-0.14359942622619862,
-0.08921413502405441
],
[
-0.24987163762727177,
-0.39093128850156017,
0.25911967532881724
],
[
0.36015390761570204,
-0.14885217770205894,
0.2595617141951691
],
[
-0.21005998339479337,
0.4367309230202291,
0.2749031976200938
],
[
-0.24987163762727177,
-0.42609738419811377,
0.297318275260468
],
[
0.38285185794850374,
-0.0608419262867172,
0.24192585715328435
],
[
-0.1684143842136158,
0.4724867180058229,
0.2669206947967633
],
[
-0.06801432759997059,
-0.07926437963418757,
0.6399033983073729
],
[
-0.02796350472939748,
-0.05492227547549803,
0.6375932744808277
],
[
-0.020319722127297973,
-0.009114074621486383,
0.6255562651456447
]
],
"opt_line_orient": [
[
0.904885921631454,
0.42565416576511306,
0.0
],
[
0.9307138816537734,
0.35982063799755065,
-0.06558032454937515
],
[
-0.6977402725740884,
0.7139433623670484,
-0.05868038309580263
],
[
0.00888664937323543,
-0.9945765034846127,
-0.10362724631697727
],
[
-0.1244545356306408,
-0.9918824738103897,
-0.026081156200275724
],
[
-0.809856092818557,
0.5862542050443349,
-0.02095509466683503
],
[
0.9363285369588826,
0.3496957672659131,
0.031650295934525285
],
[
-0.03430451371201248,
0.037759341634427075,
-0.9986978684558795
],
[
0.15647720279065788,
-0.07428622236228326,
-0.9848839739654376
],
[
-0.14693076644072017,
-0.07583010892147533,
-0.9862358462630021
],
[
0.9490091933289899,
0.3100038185928612,
-0.05726415488684562
],
[
-0.7524346911516013,
0.6549732873367665,
0.06965650311969329
],
[
-0.1529128950679372,
-0.9877901658743587,
0.02980326699959129
],
[
-0.04832710293185244,
-0.09026639524201903,
-0.9947444239663903
],
[
-0.027100935962032495,
0.009752077505263801,
-0.9995851320694569
],
[
-0.0787026641035364,
-0.15478985188889638,
-0.9848075915706681
],
[
-0.35504380063581126,
0.7438681702200227,
-0.5662190785937841
],
[
-0.3489108037098734,
-0.7124405649442442,
-0.6088429128079395
],
[
0.7120045173748831,
-0.15646856623629737,
-0.6845196527622253
]
]
}