{
"contact_id_pairs": [
[
0,
7
],
[
6,
7
],
[
6,
8
],
[
0,
5
],
[
4,
5
],
[
4,
8
],
[
5,
9
],
[
6,
9
],
[
1,
9
],
[
2,
9
],
[
2,
10
],
[
2,
3
],
[
2,
7
],
[
3,
12
],
[
1,
4
],
[
1,
13
],
[
3,
4
],
[
3,
13
],
[
11,
12
],
[
11,
17
],
[
12,
14
],
[
12,
17
],
[
13,
14
],
[
13,
15
],
[
13,
18
],
[
14,
15
],
[
10,
11
],
[
10,
15
],
[
10,
16
],
[
16,
17
],
[
16,
18
]
],
"nstatus": 0,
"opt_line_pos": [
[
-0.19987163762727178,
-0.3767985684114694,
-0.43941764326511945
],
[
0.4262335189831699,
-0.13397396630587066,
-0.04813062885198752
],
[
-0.17859343402217287,
0.4365628745098167,
-0.09496540748190463
],
[
-0.1876248197042786,
-0.41501156774631015,
-0.11410556859190607
],
[
0.362661799486048,
-0.12188150860704132,
-0.11440900032032368
],
[
0.3679348685820954,
-0.08352017204458866,
-0.40328187328236664
],
[
-0.1952222937107329,
0.4620628176505641,
-0.4600673275854668
],
[
-0.20330303825408622,
-0.3296973090627697,
-0.0828791741280947
],
[
-0.17457440050706094,
-0.4221432911808167,
-0.48941459244758206
],
[
-0.21611773658887343,
0.47737987985790636,
-0.10866864561101702
],
[
-0.2134337631488371,
0.43662215312906905,
0.2818345715215102
],
[
-0.17732275894443383,
0.43661988552660325,
0.2720958332179795
],
[
-0.18969042211665005,
-0.3889413613514628,
0.3017433897230784
],
[
0.3914255760071644,
-0.050955055867648494,
0.2763858728344261
],
[
-0.22734427101598356,
-0.3647715530984768,
0.25765720591434804
],
[
0.41449670017910245,
-0.1225353672994968,
0.27292639348065695
],
[
-0.02075518712605774,
-0.06695779547373959,
0.6695897506645633
],
[
0.026650973260395058,
-0.07908039558032492,
0.6802747887166746
],
[
0.011012116788403385,
-0.020871568040938808,
0.6589857865455797
]
],
"opt_line_orient": [
[
0.904885921631454,
0.42565416576511306,
0.0
],
[
-0.6923082229299432,
0.703945500502589,
-0.15865073837125282
],
[
0.017867812454538497,
-0.9976567781262796,
-0.06604312482598708
],
[
0.9094571533970097,
0.41553965867673676,
-0.01464507431968526
],
[
0.1063091652245774,
-0.12916179477797654,
-0.9859085110490657
],
[
-0.7111058111088081,
0.7030646005415622,
0.005356572842574413
],
[
-0.034520077424088774,
-0.9969661871706927,
-0.06976235297756486
],
[
0.038359483386526734,
-0.006958454823662669,
-0.9992397760001279
],
[
0.8943518213762973,
0.4462489255917726,
-0.03157080944620171
],
[
-0.043937094941315244,
-0.07410706946005804,
-0.9962819249309707
],
[
-0.0009844920575817076,
-0.11545603078785487,
-0.9933121038878477
],
[
-0.05627268509227334,
-0.996804182893911,
0.05669925817599721
],
[
-0.12192132862195137,
-0.025645106153433333,
-0.9922084045992743
],
[
0.10730429526329197,
-0.09796944666290333,
-0.9893875760987769
],
[
0.9171402466528847,
0.3968248539191891,
-0.03719950646849976
],
[
-0.7202349180231576,
0.6849899178451521,
-0.10977465695991676
],
[
-0.2535979819076841,
0.8412448950073214,
-0.47748831419886173
],
[
-0.37132247836651533,
-0.6970417133723622,
-0.6133942181653415
],
[
0.778553049117117,
-0.12077082877449995,
-0.6158486474999847
]
]
}