{
"contact_id_pairs": [
[
0,
6
],
[
0,
7
],
[
6,
8
],
[
0,
4
],
[
0,
5
],
[
5,
8
],
[
5,
9
],
[
6,
9
],
[
1,
2
],
[
1,
10
],
[
2,
9
],
[
2,
7
],
[
2,
12
],
[
3,
7
],
[
3,
12
],
[
1,
3
],
[
1,
4
],
[
1,
13
],
[
11,
12
],
[
12,
14
],
[
14,
17
],
[
13,
15
],
[
13,
18
],
[
14,
15
],
[
10,
11
],
[
10,
15
],
[
10,
16
],
[
16,
17
],
[
16,
18
]
],
"nstatus": 0,
"opt_line_pos": [
[
-0.19987163762727178,
-0.3767985684114694,
-0.43941764326511945
],
[
0.37662226927644454,
-0.08297945865112295,
-0.07050988103360932
],
[
-0.20356471746296143,
0.4369257275329355,
-0.11440820417653581
],
[
-0.24987400313829908,
-0.3365929361534589,
-0.06376263282584485
],
[
0.43224640806726894,
-0.07776395669045338,
-0.049410803793797635
],
[
0.3397729275615535,
-0.13259595413674707,
-0.47451416613194736
],
[
-0.1594215010211614,
0.43770696909001044,
-0.442753153821984
],
[
-0.19599388139160354,
-0.3556478891886007,
-0.09936373900152808
],
[
-0.24987011174836551,
-0.32679508936745927,
-0.447132273568242
],
[
-0.16734231119531698,
0.43653663371056545,
-0.11440820417653581
],
[
-0.20279723009135467,
0.4386042777729168,
0.24262590437737028
],
[
-0.22500103756812662,
0.43770245799774304,
0.3241912241457007
],
[
-0.24801313730567726,
-0.3626108191516344,
0.28397523777958494
],
[
0.3613602224721369,
-0.10656425171967603,
0.26591999220977136
],
[
-0.24819197356497066,
-0.40013849212975516,
0.3052448762396761
],
[
0.3386030881028256,
-0.134792546595492,
0.2600689100713629
],
[
-0.012673359498388725,
-0.03851792400553792,
0.6407292112132114
],
[
0.0024548274823951986,
-0.03563676168692478,
0.5862814732390809
],
[
-0.06420057708350485,
-0.0782930528087084,
0.6712660398077324
]
],
"opt_line_orient": [
[
0.904885921631454,
0.42565416576511306,
0.0
],
[
-0.8023805484828427,
0.5967728145316715,
0.006903857785335944
],
[
-0.042102289765942165,
-0.9888925581288232,
0.14254439895659426
],
[
0.8867130148623866,
0.45761912237134084,
-0.06576296916761494
],
[
0.024873823236823207,
-0.09460241635323906,
-0.9952043386851325
],
[
-0.7658204690550908,
0.6290327587217506,
-0.13355447439582355
],
[
-0.1521180859810984,
-0.9873215634533683,
0.04534554286193523
],
[
0.046903910708797784,
-0.15102079579916244,
-0.9874172078693022
],
[
0.9184008656191635,
0.37736667332486823,
-0.11888752623254285
],
[
-0.10803070901950435,
-0.13595703736685957,
-0.9848071130425335
],
[
-0.17280918860523914,
-0.017062128044789862,
-0.9848075284644112
],
[
0.025932606037753905,
-0.9985671305033571,
0.046810103849298616
],
[
-0.09525718818940254,
-0.08821876161369885,
-0.9915359389339321
],
[
-0.017846115447925852,
-0.016267356987357366,
-0.9997084021153696
],
[
0.9303644217236311,
0.34872557325164216,
-0.11319239087132678
],
[
-0.7231862620977664,
0.676785052485181,
-0.13770847121978963
],
[
-0.2402805808987837,
0.7016872708970098,
-0.6707460147507771
],
[
-0.36600821874028217,
-0.6478497720255347,
-0.6680783312614087
],
[
0.8050922833782197,
-0.11874525704863688,
-0.5811419612911269
]
]
}