{
"contact_id_pairs": [
[
0,
6
],
[
0,
7
],
[
6,
8
],
[
0,
5
],
[
4,
5
],
[
5,
8
],
[
5,
9
],
[
6,
9
],
[
1,
2
],
[
1,
10
],
[
2,
9
],
[
2,
3
],
[
3,
7
],
[
7,
12
],
[
1,
4
],
[
1,
13
],
[
3,
4
],
[
3,
13
],
[
11,
12
],
[
12,
14
],
[
14,
17
],
[
13,
14
],
[
13,
15
],
[
13,
18
],
[
14,
15
],
[
15,
18
],
[
10,
11
],
[
10,
15
],
[
10,
16
],
[
16,
18
],
[
17,
18
]
],
"nstatus": 0,
"opt_line_pos": [
[
-0.19987163762727178,
-0.3767985684114694,
-0.43941764326511945
],
[
0.34299599512902157,
-0.07679602515203947,
-0.06392073749570502
],
[
-0.183752560184655,
0.5060662231767556,
-0.11391845770241377
],
[
-0.24987163762727177,
-0.3616851902972649,
-0.09575991126472995
],
[
0.41498311561304313,
-0.10205500414948872,
-0.10994738084174947
],
[
0.4151193579726631,
-0.10200205797049129,
-0.4740275110919478
],
[
-0.1719465137171473,
0.43731755283584894,
-0.4887250555471369
],
[
-0.17485689451008365,
-0.37008952722161975,
-0.11362665780179944
],
[
-0.24987163762727177,
-0.32738448888297367,
-0.443981614245328
],
[
-0.14755437303393115,
0.5015772270109244,
-0.11345595962569258
],
[
-0.22959393981612541,
0.4696534758588696,
0.26308664607674914
],
[
-0.19655554144674467,
0.43653663371056545,
0.24231491284729945
],
[
-0.18395378028783108,
-0.39615433913533904,
0.2423182920897043
],
[
0.36356785573324446,
-0.09321446365754797,
0.2548177085643457
],
[
-0.2492872351639014,
-0.3830112541205783,
0.31482641949112117
],
[
0.35336182993912807,
-0.12993684406917835,
0.2767869444743351
],
[
-0.029427208926043596,
-0.07154376152041582,
0.6202105409402547
],
[
-0.07264382017654807,
-0.04682291588977752,
0.6809618974371335
],
[
-0.06836029936295904,
-0.0657421606248646,
0.5891296292594216
]
],
"opt_line_orient": [
[
0.904885921631454,
0.42565416576511306,
0.0
],
[
-0.7187613153946635,
0.6850331844882606,
-0.11879270870725205
],
[
-0.08054917685831817,
-0.996541949050072,
-0.020395437993122666
],
[
0.9093815977818043,
0.38237625266439274,
-0.16374831606507942
],
[
0.04787782549339501,
-0.16691019229641166,
-0.9848089670253815
],
[
-0.7700671867559867,
0.6274653921670854,
-0.11525497609355495
],
[
-0.1364937043434468,
-0.9905214978291226,
0.01538281550806872
],
[
0.11285453903917932,
-0.053240391076711635,
-0.9921841128420942
],
[
0.9080618884358332,
0.403549287844757,
-0.11212305316186201
],
[
-0.14914729512712685,
-0.08893254900837537,
-0.9848076391271215
],
[
-0.11178343338966287,
-0.011763082245189552,
-0.9936629679703837
],
[
-0.028584114239646227,
-0.9993704700369771,
-0.021014567119177575
],
[
-0.023099877777431832,
-0.018761233883914447,
-0.9995571077981591
],
[
-0.1651783976206762,
-0.006800165398462795,
-0.986240262162329
],
[
0.9273484725886516,
0.3741985325872213,
-0.0005182635095156409
],
[
-0.7279382131158877,
0.6733238314630902,
-0.12938692310087802
],
[
-0.346133825354225,
0.7870810971854704,
-0.5105827272822372
],
[
-0.34771014722968435,
-0.6877692194228282,
-0.637237125666753
],
[
0.7320090099283718,
-0.11103116719141849,
-0.6721866476625346
]
]
}