{
"line_pt_pairs": [
[
[
6.243353339468569,
2.140401583106694,
0.22458898762276636
],
[
7.148239261100023,
2.5660557488718068,
0.22458898762276636
]
],
[
[
7.054955950690871,
2.4588317035707448,
0.18604035366434563
],
[
6.35170047043753,
3.1685684937733423,
0.2273370620871493
]
],
[
[
6.375163282098451,
3.153858237707441,
0.26282126257588445
],
[
6.432342064759399,
2.1586954848404782,
0.18293583136555058
]
],
[
[
6.379297583605692,
3.1784563951631313,
0.5978977046005608
],
[
6.427708334161736,
2.184930166493627,
0.7006694525488781
]
],
[
[
7.0320080134430745,
2.448297214942275,
0.5939242224704642
],
[
6.36686798518976,
3.1938651286021256,
0.6353636835682738
]
],
[
[
6.228828278144757,
2.1546905506002285,
0.5518554644519464
],
[
7.144824197232331,
2.555753886814916,
0.5618392793168272
]
],
[
[
6.389189521696564,
2.204640052724292,
0.9410504171122287
],
[
6.397676364720396,
2.159189463122387,
-0.05788011971219337
]
],
[
[
6.423170514434417,
3.0999276673672718,
0.9269345742420545
],
[
6.4139585223860305,
3.0317938922236256,
-0.07069908992890545
]
],
[
[
6.971995783031688,
2.4372743337882787,
0.8886064422148426
],
[
7.017838922487562,
2.4679989232304615,
-0.10986959964517046
]
]
],
"contact_id_pairs": [
[
0,
2
],
[
0,
6
],
[
2,
6
],
[
0,
1
],
[
0,
8
],
[
1,
8
],
[
1,
2
],
[
1,
7
],
[
2,
7
],
[
3,
4
],
[
3,
7
],
[
4,
7
],
[
3,
6
],
[
5,
6
],
[
4,
5
],
[
4,
8
],
[
5,
8
]
],
"contact_t_pairs": [
[
0.205734101189407,
0.9275685512261639
],
[
0.15095966897904894,
0.7156160006211895
],
[
0.9863954415428745,
0.7580506569419444
],
[
0.8490403310209512,
0.06255109885784087
],
[
0.8220044026936085,
0.6653302371960707
],
[
0.03567626737109716,
0.7041176230595857
],
[
0.9643237326289039,
0.01360455845712521
],
[
0.8713751532656167,
0.7046095022781378
],
[
0.10247661022580391,
0.6743709284165582
],
[
0.010556649882392783,
0.97057703837476
],
[
0.10268074924709467,
0.31968919237082466
],
[
0.8791894444809026,
0.295390497721862
],
[
0.989443350117607,
0.24194934305805574
],
[
0.16291632889378663,
0.3863599762090646
],
[
0.05422477551575902,
0.837083671106213
],
[
0.029422961625240256,
0.29588237694041414
],
[
0.8120463599622808,
0.3294974174283386
]
],
"half_couplers": [
{
"pose": [
[
-0.4240751000255194,
0.03663029308562432,
0.9048859216314545,
6.429519231234364
],
[
0.901529031291807,
-0.0778712842122371,
0.4256541657651116,
2.2279731603179065
],
[
0.08605646562810809,
0.996290261281118,
2.220446049250313e-15,
0.22458898762276636
],
[
0.0,
0.0,
0.0,
1.0
]
],
"at_element": 0,
"to_element": 2
},
{
"pose": [
[
-0.9976917401892602,
-0.036630293085623156,
0.05717878266094795,
6.428200522692142
],
[
-0.059892891075517776,
0.07787128421224487,
-0.9951627528669631,
2.2307765647963915
],
[
0.032000518069911554,
-0.9962902612811175,
-0.07988543121032876,
0.18872204888403768
],
[
0.0,
0.0,
0.0,
1.0
]
],
"at_element": 2,
"to_element": 0
},
{
"pose": [
[
0.019045088537779087,
-0.42522788412307,
0.9048859216314536,
6.379954618661855
],
[
-0.040487404752832246,
0.9039797017760882,
0.4256541657651137,
2.2046581950701487
],
[
-0.9989985258542521,
-0.04474310383770344,
-4.440892098500626e-16,
0.22458898762276636
],
[
0.0,
0.0,
0.0,
1.0
]
],
"at_element": 0,
"to_element": 6
},
{
"pose": [
[
0.9050465292236114,
0.4252278841230707,
0.008486843023831956,
6.395262842359179
],
[
0.4251528462584418,
-0.9039797017760882,
-0.04545058960190633,
2.172114883567502
],
[
-0.011654924222860583,
0.044743103837702844,
-0.9989305368244223,
0.2261997414515579
],
[
0.0,
0.0,
0.0,
1.0
]
],
"at_element": 6,
"to_element": 0
},
{
"pose": [
[
0.0013204335818191026,
0.9983630818838243,
0.05717878266095272,
6.431564172668181
],
[
0.080091653577953,
0.056889562605097144,
-0.995162752866962,
2.172234234686211
],
[
-0.9967866288641243,
0.005893589571151214,
-0.07988543121033809,
0.18402263738432426
],
[
0.0,
0.0,
0.0,
1.0
]
],
"at_element": 2,
"to_element": 6
},
{
"pose": [
[
0.05656085419193957,
-0.998363081883824,
0.008486843023830189,
6.395622978626143
],
[
-0.99734538730143,
-0.05688956260510136,
-0.04545058960190637,
2.170186203418169
],
[
0.04585900349591998,
-0.005893589571157244,
-0.9989305368244221,
0.18381046743310636
],
[
0.0,
0.0,
0.0,
1.0
]
],
"at_element": 6,
"to_element": 2
},
{
"pose": [
[
-0.42524535491097826,
0.01865092383290673,
0.9048859216314593,
7.011637981906737
],
[
0.9040168424205408,
-0.03964946136848169,
0.4256541657651017,
2.5017991369083523
],
[
0.04381708281745389,
0.9990395704141897,
1.865174681370263e-14,
0.22458898762276636
],
[
0.0,
0.0,
0.0,
1.0
]
],
"at_element": 0,
"to_element": 1
},
{
"pose": [
[
0.7106925302364078,
-0.018650923832900068,
-0.7032554802533373,
7.010966547623227
],
[
0.7033502746470608,
0.03964946136851322,
0.7097367902026013,
2.5032265196977543
],
[
0.014646454181024282,
-0.9990395704141886,
0.041296708422790984,
0.18862350815540385
],
[
0.0,
0.0,
0.0,
1.0
]
],
"at_element": 1,
"to_element": 0
},
{
"pose": [
[
-0.0035334788256469185,
-0.4256394992955823,
0.9048859216314477,
6.987173550985087
],
[
0.007511720783843823,
0.9048547426066021,
0.42565416576512594,
2.490291181390492
],
[
-0.9999655436955085,
0.008301290366306141,
-3.1086244689504383e-15,
0.22458898762276636
],
[
0.0,
0.0,
0.0,
1.0
]
],
"at_element": 0,
"to_element": 8
},
{
"pose": [
[
0.9037308355944396,
0.4256394992955955,
0.04584313945587378,
7.002496609879678
],
[
0.42461028530401845,
-0.904854742606596,
0.030724589442183963,
2.457716332169598
],
[
0.05455898101885689,
-0.008301290366290539,
-0.9984760418600132,
0.22429014044952633
],
[
0.0,
0.0,
0.0,
1.0
]
],
"at_element": 8,
"to_element": 0
},
{
"pose": [
[
-0.009520866291584662,
0.7108734645481645,
-0.7032554802533338,
7.0298664201471635
],
[
-0.06748458168350296,
0.7012271528313115,
0.7097367902026039,
2.484152463061117
],
[
0.9976748890996808,
0.05421621098326468,
0.041296708422799866,
0.18751366607558378
],
[
0.0,
0.0,
0.0,
1.0
]
],
"at_element": 1,
"to_element": 8
},
{
"pose": [
[
0.7018242828273397,
-0.7108734645481711,
0.045843139455872664,
7.004274745418947
],
[
-0.7122755644662468,
-0.7012271528313057,
0.030724589442179512,
2.45890805867579
],
[
0.010305158813907759,
-0.054216210983258656,
-0.9984760418600134,
0.1855618649384268
],
[
0.0,
0.0,
0.0,
1.0
]
],
"at_element": 8,
"to_element": 1
},
{
"pose": [
[
0.710546116710616,
0.02357849700694936,
-0.7032554802533408,
6.376790000981237
],
[
0.6997552986833726,
0.08134009218988703,
0.7097367902025968,
3.1432477342829706
],
[
0.07393739238036384,
-0.9964074688005073,
0.04129670842280486,
0.22586374967591116
],
[
0.0,
0.0,
0.0,
1.0
]
],
"at_element": 1,
"to_element": 2
},
{
"pose": [
[
0.9980854879679923,
-0.023578497006948352,
0.05717878266094813,
6.37594117418967
],
[
0.05508978769959817,
-0.08134009218989635,
-0.9951627528669631,
3.140319487861709
],
[
0.028115369442847746,
0.9964074688005065,
-0.07988543121032587,
0.2617344565571108
],
[
0.0,
0.0,
0.0,
1.0
]
],
"at_element": 2,
"to_element": 1
},
{
"pose": [
[
0.06787143067870782,
0.707690044010285,
-0.7032554802533331,
6.442156598800231
],
[
0.009202322553594655,
0.7044068468523879,
0.7097367902026047,
3.0772787079117796
],
[
0.9976516356711118,
-0.05464243512323885,
0.041296708422798756,
0.22202527929563165
],
[
0.0,
0.0,
0.0,
1.0
]
],
"at_element": 1,
"to_element": 7
},
{
"pose": [
[
0.7064629790804409,
-0.707690044010292,
-0.009211992048386498,
6.416679657302213
],
[
-0.7065187773811552,
-0.7044068468523803,
-0.06813377514364691,
3.051919961974977
],
[
0.04172860405796169,
0.054642435123248644,
-0.99763366417096,
0.22399241467463954
],
[
0.0,
0.0,
0.0,
1.0
]
],
"at_element": 7,
"to_element": 1
},
{
"pose": [
[
0.017809179440995804,
-0.9982050991359692,
0.057178782660952276,
6.381022769922383
],
[
-0.07898690420998711,
-0.05841373356987534,
-0.995162752866962,
3.051877332170655
],
[
0.9967165605581965,
0.01320665700991891,
-0.07988543121033809,
0.2546348743790228
],
[
0.0,
0.0,
0.0,
1.0
]
],
"at_element": 2,