{
"line_pt_pairs": [
[
[
0.3755677907748593,
0.293624438804057,
-0.018180088289460064
],
[
0.0,
0.0,
0.0
]
],
[
[
0.09421177171627729,
0.0660539465045059,
0.03813885769450375
],
[
-0.25063601619924847,
-0.4100685505769749,
-0.08180850960936863
]
],
[
[
0.031349474946319955,
0.04786816536120937,
-0.06485324001689753
],
[
-0.12172196669966394,
0.1314621269373074,
0.459955730592647
]
],
[
[
0.05980738233786244,
-0.05466214446557966,
-0.022490704616726104
],
[
-0.25476681163357967,
0.20102498275727093,
-0.37594577249659966
]
],
[
[
0.003918778979390878,
0.04013418468681351,
0.001575519491901819
],
[
0.26251493568483164,
-0.18775279842258683,
-0.3795337401386561
]
],
[
[
-0.033235539352078514,
-0.005940627785774988,
-0.06779083967524872
],
[
0.37021384851341077,
-0.12709036548148508,
0.30064292264355263
]
],
[
[
-0.03446365081093602,
0.017261010370669096,
-0.015619649159341773
],
[
-0.017642361597519193,
-0.3972299781147462,
0.2990207807063085
]
],
[
[
0.026527378901597943,
-0.015635569001365267,
0.03570014312111134
],
[
-0.4705382749503807,
0.1110837671261891,
0.11160899528225428
]
]
],
"contact_id_pairs": [
[
0,
1
],
[
0,
2
],
[
1,
2
],
[
3,
4
],
[
3,
5
],
[
4,
5
],
[
6,
7
]
],
"contact_t_pairs": [
[
0.8895194065032429,
0.10833331666737073
],
[
0.8999999999997602,
0.10000000000065186
],
[
0.10000000000033255,
0.13390050520943858
],
[
0.11229269971361487,
0.16919559978976675
],
[
0.10000000000076195,
0.10000000000060075
],
[
0.10000000000215176,
0.10893436587292772
],
[
0.10000000000218923,
0.10000000000144377
]
],
"contact_residues": [
2.6937667095348324e-14,
5.875178158916419e-14,
0.003172150649116798,
2.9175667311409935e-14,
1.851384338133724e-14,
0.0004773455777870402,
1.0644526379378753e-13
],
"collision_id_pairs": [
[
0,
3
],
[
0,
4
],
[
0,
5
],
[
0,
6
],
[
0,
7
],
[
1,
3
],
[
1,
4
],
[
1,
5
],
[
1,
6
],
[
1,
7
],
[
2,
3
],
[
2,
4
],
[
2,
5
],
[
2,
6
],
[
2,
7
],
[
3,
6
],
[
3,
7
],
[
4,
6
],
[
4,
7
],
[
5,
6
],
[
5,
7
]
],
"collision_t_pairs": [
[
[
0.9835223260156525,
0.01647767398434764
],
[
0.08378883303325188,
0.9162111669667481
]
],
[
[
0.9349936886860807,
0.06500631131391929
],
[
0.04221638958392117,
0.957783610416079
]
],
[
[
0.9992350258305298,
0.0007649741694701092
],
[
0.12053037398467398,
0.879469626015326
]
],
[
[
0.9999999999999563,
4.381398329873096e-14
],
[
0.04666012662728365,
0.9533398733727164
]
],
[
[
0.999999999999893,
1.0706736695164691e-13
],
[
0.04632759132630357,
0.9536724086736965
]
],
[
[
0.2141699248907392,
0.7858300751092608
],
[
0.01677861380164187,
0.9832213861983582
]
],
[
[
0.1416595913170639,
0.8583404086829362
],
[
0.04817821565728873,
0.9518217843427113
]
],
[
[
0.18782298405903142,
0.8121770159409686
],
[
0.18559397730486246,
0.8144060226951376
]
],
[
[
0.2691398249223186,
0.7308601750776814
],
[
0.14847981874084404,
0.851520181259156
]
],
[
[
0.17368762955278702,
0.826312370447213
],
[
1.526923945001383e-13,
0.9999999999998473
]
],
[
[
4.733834301429083e-14,
0.9999999999999527
],
[
0.17334053017652537,
0.8266594698234746
]
],
[
[
0.12560273339479364,
0.8743972666052063
],
[
2.7740113170955543e-13,
0.9999999999997227
]
],
[
[
0.04577763384905811,
0.954222366150942
],
[
0.08359386334552303,
0.916406136654477
]
],
[
[
0.10905509409539524,
0.8909449059046047
],
[
3.000636315246669e-14,
0.99999999999997
]
],
[
[
0.1919002605626028,
0.8080997394373972
],
[
0.08291751501996651,
0.9170824849800335
]
],
[
[
0.15769870317394513,
0.8423012968260549
],
[
8.632541032481819e-14,
0.9999999999999136
]
],
[
[
7.0072999634902404e-12,
0.9999999999929927
],
[
2.1770324469444823e-14,
0.9999999999999784
]
],
[
[
0.006969122506889294,
0.9930308774931108
],
[
1.7236082549417534e-14,
0.9999999999999828
]
],
[
[
8.047468437725368e-14,
0.9999999999999195
],
[
0.05844195669930634,
0.9415580433006937
]
],
[
[
0.057135714993012364,
0.9428642850069877
],
[
0.01144523140195003,
0.98855476859805
]
],
[
[
0.2024809168756038,
0.7975190831243962
],
[
3.555178013440942e-14,
0.9999999999999644
]
]
],
"collision_dual_t_pairs": [
[
[
2.5644953947629313e-16,
1.593114550145798e-14
],
[
3.0134013166012758e-15,
2.7546537448683944e-16
]
],
[
[
2.699467711626076e-16,
3.881420103201234e-15
],
[
5.923050936477286e-15,
2.6362593546484876e-16
]
],
[
[
2.5250547020390858e-16,
4.745337200597399e-13
],
[
2.1012895942824686e-15,
2.8684692621541385e-16
]
],
[
[
2.5239277254039287e-16,
0.013242099946948832
],
[
6.691073201158897e-15,
2.6168571579202315e-16
]
],
[
[
2.5239066297779927e-16,
0.0022658896096394957
],
[
4.087520957380959e-15,
2.678830059389908e-16
]
],
[
[
1.1821233193982227e-15,
3.2090917049853887e-16
],
[
1.5241540833124604e-14,
2.566425762570874e-16
]
],
[
[
1.7869611517380096e-15,
2.939042962888815e-16
],
[
5.263155307057646e-15,
2.651060268003368e-16
]
],
[
[
1.3472961119335024e-15,
3.105734663303579e-16
],
[
1.3613207317382081e-15,
3.098381242207954e-16
]
],
[
[
9.591676754339735e-16,
3.424378005389605e-16
],
[
1.846849602705956e-15,
2.9194007442608136e-16
]
],
[
[
1.4525414123272196e-15,
3.0547192289401695e-16
],
[
0.005395377612494919,
2.523921278128821e-16
]
],
[
[
0.010797098992326169,
2.5239267388294895e-16
],
[
1.4566748160056028e-15,
3.0528974984779237e-16
]
],
[
[
2.004847657022794e-15,
2.887433478170249e-16
],
[
0.0018386810794785984,
2.5239005193528025e-16
]
],
[
[
5.477611762542562e-15,
2.645839940948004e-16
],
[
3.032729251933113e-15,
2.753044122966876e-16
]
],
[
[
2.2995706439637565e-15,
2.8350880219578404e-16
],
[
0.013121807278363712,
2.5239277039650875e-16
]
],
[
[
1.2695681915864507e-15,
3.1490673241899387e-16
],
[
2.4971856346714e-15,
2.7970146226620167e-16
]
],
[
[
1.7392514046955807e-15,
2.947909887159506e-16
],
[
0.00584990230069057,
2.5239221869612074e-16
]
],
[
[
0.00012022682602834724,
2.523670551074077e-16
],
[
0.02590496890833342,
2.5239298742963755e-16
]
],
[
[
6.165167776072378e-15,
2.55675711257155e-16
],
[
0.003571873293229519,
2.523916020168182e-16
]
],
[
[
0.00533996739813483,
2.5239212611166886e-16
],
[
3.4074151703591444e-15,
2.7158825137288743e-16
]
],
[
[
3.7488144597818944e-15,
2.701509757880157e-16
],
[
3.317674116103778e-14,
2.5383817245574977e-16
]
],
[
[
1.1730279398526191e-15,
3.2121660229807877e-16
],
[
0.014972571449440818,
2.5239282376419854e-16
]
]
],
"clamp_dist": 0.005,
"clamp_gap": 0.0,
"radius": [
0.018000000000000002,
0.018000000000000002,
0.018000000000000002,
0.018000000000000002,
0.018000000000000002,
0.018000000000000002,
0.018000000000000002,
0.018000000000000002
],
"boundary_vertices": [
false,
true,
false,
false,
false,
false,
false,
false,
false,
false,
false,
false,
false,
false,
false,
false
],
"nstatus": 0,
"config": {
"weights": [
10.0,
1.0
],
"shape_deviation": 0.1,
"length_deviation_ratio": 0.2
}
}